name,niche,address,state,phone_number,website,email,result_url
Vivere e Viaggiare Roma Pittaluga-Bluvacanze,agenzie di viaggio,"Via Giovanni Pittaluga, 4, 00159 Roma RM, Italy",RM,06 4325 2797,https://www.vivereviaggiare.online/,NOT AVAILABLE,https://maps.google.com/?cid=5805290470767403350
Agenzia di Viaggi Flash Viaggi,agenzie di viaggio,"Via Appia Nuova, 276, 00183 Roma RM, Italy",RM,06 702 0415,https://flashviaggi.com/,NOT AVAILABLE,https://maps.google.com/?cid=12959371044232166374
Agenzia Viaggi SingleUp,agenzie di viaggio,"Piazza Filattiera, 33, 00139 Roma RM, Italy",RM,06 9480 3505,https://www.singleupviaggi.com/,NOT AVAILABLE,https://maps.google.com/?cid=5214317779654522737
Loma Viaggi,agenzie di viaggio,"Via dei Campi Flegrei, 27, 00141 Roma RM, Italy",RM,06 817 7482,https://www.lomaviaggi.com/,loma@lomaviaggi.com,https://maps.google.com/?cid=2498616644419106934
Ali & Sof Viaggi,agenzie di viaggio,"Piazza Cesare de Cupis, 1/2, 00155 Roma RM, Italy",DE,06 2275 4662,https://www.alisof.it/,NOT AVAILABLE,https://maps.google.com/?cid=205049273268423077
Safir Travel Agenzia Viaggi Roma,agenzie di viaggio,"Via Luigi Rizzo, 64, 00136 Roma RM, Italy",RM,06 9784 2097,https://safirtravel.it/,info@safirtravel.it,https://maps.google.com/?cid=14461740844657927541
4Viaggi,agenzie di viaggio,"Via Genzano, 133, 00179 Roma RM, Italy",RM,06 3209 2646,http://www.4viaggi.it/,viaggiamoinsieme@4viaggi.it,https://maps.google.com/?cid=7652198951119706204
T & G Travel - Travel Agency,agenzie di viaggio,"Via Mario Menghini, 32, 00179 Roma RM, Italy",RM,06 8983 6859,https://www.tgtravel.it/,NOT AVAILABLE,https://maps.google.com/?cid=2359748178203972601
BUSINESS CLASS VIAGGI - The Travel Lounge,agenzie di viaggio,"Via di Val Tellina, 11, 00151 Roma RM, Italy",RM,06 5820 5903,http://www.businessclassviaggi.it/,NOT AVAILABLE,https://maps.google.com/?cid=9198184351638906724
Big Italy Viaggi e Turismo,agenzie di viaggio,"Via di Salone, 10, 00131 Roma RM, Italy",RM,06 8391 2259,http://www.bigitalyviaggieturismo.it/,NOT AVAILABLE,https://maps.google.com/?cid=1177232945248665182
Speed Vacanze,agenzie di viaggio,"Via Boezio, 4C, 00193 Roma RM, Italy",RM,06 5654 9985,https://www.speedvacanze.it/,NOT AVAILABLE,https://maps.google.com/?cid=2670373318226535416
Just Holiday,agenzie di viaggio,"Via Giuseppe Mantellini, 4A, 00179 Roma RM, Italy",RM,06 788 6026,http://www.justholidayviaggi.com/,NOT AVAILABLE,https://maps.google.com/?cid=15206323021216344881
Fly & Travel Valentina S.R.L,agenzie di viaggio,"Via Massa di San Giuliano, 411/413, 00132 Roma RM, Italy",RM,320 970 9476,https://flytravelvalentina.com/,info@flytravelvalentina.com,https://maps.google.com/?cid=7606759155838222592
Fenio Viaggi - Ela Srl - Agenzia Viaggi Roma,agenzie di viaggio,"Via Pietro Maffi, 174, 00168 Roma RM, Italy",RM,06 301 4644,http://fenioviaggi.it/,info@fenioviaggi.it,https://maps.google.com/?cid=5359449664228153570
Partecipa anche tu Travel,agenzie di viaggio,"Via dei Durantini, 141, 00157 Roma RM, Italy",RM,06 8667 8664,http://www.partecipaanchetutravel.it/,NOT AVAILABLE,https://maps.google.com/?cid=12190862023905507316
Roman Holidays Viaggi e Tour Operator,agenzie di viaggio,"Via delle Vestali, 1-3, 00181 Roma RM, Italy",RM,06 4543 8573,http://www.romanholidays.net/,info@romanholidays.net,https://maps.google.com/?cid=8642535194142005711
3L World - Viaggi di nozze su misura e matrimoni all'estero,agenzie di viaggio,"Via Alessandro Trotter, 3, 00156 Roma RM, Italy",RM,333 489 3281,https://www.3lworld.it/,info@3lworld.itt,https://maps.google.com/?cid=1492618155546908045
I Viaggi di Sildan,agenzie di viaggio,"Via Chisimaio, 6, 00199 Roma RM, Italy",RM,06 5160 0979,http://www.sildanviaggi.it/,NOT AVAILABLE,https://maps.google.com/?cid=12459244942494991124
The Italian vacation - Cral Reunited Tour Operator,agenzie di viaggio,"Viale Palmiro Togliatti, 1565, 00155 Roma RM, Italy",RM,06 406 3045,https://www.lavacanzaitaliana.it/,cralriuniti.comroby@lavacanzaitaliana.it,https://maps.google.com/?cid=5302926668154483907
Avventure nel Mondo,agenzie di viaggio,"Largo Carlo Grigioni, 7, 00152 Roma RM, Italy",RM,NOT AVAILABLE,https://www.viaggiavventurenelmondo.it/,NOT AVAILABLE,https://maps.google.com/?cid=13944127695336197173
"Viaggi D Gruppo - Tours con Aperitivo a Roma, Gite in Pullman e Viaggi di gruppo",agenzie di viaggio,"Via Domenico Ciampoli, 7, 00125 Roma RM, Italy",RM,06 5655 7264,http://www.viaggidgruppo.com/,info@viaggidgruppo.com,https://maps.google.com/?cid=3924896638403473632
Agenzia di Viaggi Summer And Winter,agenzie di viaggio,"Via Marco Valerio Corvo, 28, 00174 Roma RM, Italy",RM,06 7696 7500,https://www.summerandwinter.it/,NOT AVAILABLE,https://maps.google.com/?cid=18138530366659220329
Astro Viaggi Sas di Daniele Moretti & Co.,agenzie di viaggio,"Largo Beato Placido Riccardi, 1, 00146 Roma RM, Italy",RM,06 541 1225,http://www.astrotimeviaggi.com/,NOT AVAILABLE,https://maps.google.com/?cid=5249170000488124747
Agenzia Viaggi Mister Holiday Roma Boccea,agenzie di viaggio,"Via di Boccea, 635/B, 00166 Roma RM, Italy",RM,06 8395 4626,https://romaboccea.misterholiday.it/,romaboccea@misterholiday.it,https://maps.google.com/?cid=17449467527024912493
Stilnovo Travel Srl,agenzie di viaggio,"SOLO SU APPUNTAMENTO) oppure online tramite videochiamata, Viale Eritrea, 31, 00199 Roma RM, Italy",RM,320 027 7818,NOT AVAILABLE,NOT AVAILABLE,https://maps.google.com/?cid=2684986177395976468
THE FREEWAY S.R.L.,agenzie di viaggio,"Viale Eritrea, 31, 00199 Roma RM, Italy",RM,06 860 6912,https://www.freewaytravel.it/,info@freewaytravel.it,https://maps.google.com/?cid=15463030945445426697
Agenzia Viaggi Roma Vivere e Viaggiare Via dell'Aeroporto - Cisalpina,agenzie di viaggio,"Via dell'Aeroporto, 100, 00175 Roma RM, Italy",RM,06 7696 5782,https://romaviaeroporto.vivereeviaggiare.it/,NOT AVAILABLE,https://maps.google.com/?cid=12764894742104936871
Al di là dei Sogni Viaggi,agenzie di viaggio,"Via Val Maira, 99, 00141 Roma RM, Italy",RM,06 8864 0050,http://www.aldiladeisogniviaggi.it/,NOT AVAILABLE,https://maps.google.com/?cid=11459610576764464814
Le Gastronaute Agenzia Viaggi,agenzie di viaggio,"Circonvallazione Gianicolense, 322, 00152 Roma RM, Italy",RM,06 4368 2783,http://legastronaute.it/,valeria@legastronaute.it,https://maps.google.com/?cid=4143432297197680092
Agenzia Viaggi The Partner - ROMA,agenzie di viaggio,"Via Germano Sommeiller, 13, 00185 Roma RM, Italy",RM,06 701 4861,http://www.thepartnerviaggi.it/,NOT AVAILABLE,https://maps.google.com/?cid=14675038388454694155
Gauguin Viaggi Srl,agenzie di viaggio,"Viale Pantelleria, 11, 00141 Roma RM, Italy",RM,06 818 8209,http://www.gauguinviaggi.it/,NOT AVAILABLE,https://maps.google.com/?cid=15842330575844948472
Business Class Viaggi Filiale Roma Centro,agenzie di viaggio,"Via del Sudario, 24, 00186 Roma RM, Italy",RM,06 4544 6190,https://www.romacentro.businessclassviaggi.it/,NOT AVAILABLE,https://maps.google.com/?cid=9185814151543158785
Paesi del Mondo,agenzie di viaggio,"Via Canzone del Piave, 33a, 00143 Roma RM, Italy",RM,06 6453 0164,https://www.paesidelmondo.com/,NOT AVAILABLE,https://maps.google.com/?cid=13298976300787392473
Montesacro Viaggi Roma,agenzie di viaggio,"Via Valle Corteno, 17, 00137 Roma RM, Italy",RM,06 9259 3499,https://www.montesacroviaggi.it/,info@montesacroviaggi.it,https://maps.google.com/?cid=11166921065369082028
Cavitravel Agenzia Viaggi,agenzie di viaggio,"Via Oderisi da Gubbio, 57, 00146 Roma RM, Italy",RM,06 559 2355,http://www.cavitravel.it/,NOT AVAILABLE,https://maps.google.com/?cid=4088528927309195139
Manzoni Travel,agenzie di viaggio,"Via Emanuele Filiberto, 84, 00185 Roma RM, Italy",RM,06 709 6578,https://www.manzonitravel.com/,NOT AVAILABLE,https://maps.google.com/?cid=9780682558233102209
Il Pallino Dei Viaggi Sas Di Pietripaoli Andreina & C.,agenzie di viaggio,"Vle Tirreno, 93, 00141 Roma RM, Italy",RM,06 817 2192,NOT AVAILABLE,NOT AVAILABLE,https://maps.google.com/?cid=1056237944501242976
ALICE E LA LUNA VIAGGI,agenzie di viaggio,"Via Adolfo Albertazzi, 53, 00137 Roma RM, Italy",RM,06 8777 2200,http://www.aliceelaluna.com/,agenzia@aliceelaluna.comseguicicookies,https://maps.google.com/?cid=17613845729723662646
Tinky Winky Travel Tour Operator,agenzie di viaggio,"Via Collina, 50, 00187 Roma RM, Italy",RM,06 8746 2150,http://www.tinkywinky.it/,info@tinkywinky.it,https://maps.google.com/?cid=7363399763102946318
Caesar Tour S.r.l. - Agenzia Roma Monteverde,agenzie di viaggio,"V.le Isacco Newton, 24, 00151 Roma RM, Italy",RM,06 9826 4700,http://www.caesartour.it/,NOT AVAILABLE,https://maps.google.com/?cid=6538566937526402622
i viaggi di Carlotta srl,agenzie di viaggio,"Via di S. Paolo alla Regola, 33, 00186 Roma RM, Italy",RM,06 6992 5764,http://www.ilguscioviaggi.com/,items.info@ilguscioviaggi.com,https://maps.google.com/?cid=2083391688234913186
Royal Palm Viaggi e Vacanze,agenzie di viaggio,"90 C, Via Eschilo, 00125 Roma RM, Italy",RM,06 525 0150,NOT AVAILABLE,NOT AVAILABLE,https://maps.google.com/?cid=5095936548382389360
CartOrange Viaggi su misura,agenzie di viaggio,"Via Fabio Massimo, 95, 00192 Roma RM, Italy",RM,06 7227 6278,http://www.cartorange.com/,cartorange@cartorange.com,https://maps.google.com/?cid=8262855452840695036
AGENZIA VIAGGI COSTANTINI ROMA,agenzie di viaggio,"Via Nostra Signora di Lourdes, 110, 00167 Roma RM, Italy",RM,06 662 6954,http://www.costantiniviaggi.it/,NOT AVAILABLE,https://maps.google.com/?cid=13383879374572556465
Bluvacanze Vaticano,agenzie di viaggio,"Via dei Gracchi, 98, 00193 Roma RM, Italy",RM,389 203 8964,https://viaggi.bluvacanze.it/store/bv-roma-vaticano/,NOT AVAILABLE,https://maps.google.com/?cid=8123616800618073722
Bellezze di Roma,agenzie di viaggio,"Via della Giuliana, 40, 00195 Roma RM, Italy",RM,389 571 1466,http://www.bellezzediromatour.it/,info@bellezzediromatour.it,https://maps.google.com/?cid=9758750781463425232
Megghy Travel,agenzie di viaggio,"Via Camesena, 12, 00157 Roma RM, Italy",RM,06 8956 9469,http://megghytravel.com/,NOT AVAILABLE,https://maps.google.com/?cid=3688772993593273975
Agenzia Viaggi ALLE FALDE DEL KILIMANJARO - Roma,agenzie di viaggio,"Via Palermo, 78/C, 00055 Ladispoli RM, Italy",RM,06 8953 4621,http://www.allefaldedelkilimanjaro.it/,NOT AVAILABLE,https://maps.google.com/?cid=17797664250203648133
Agenzia Viaggi Roma | Emozionando Viaggi e Spettacoli,agenzie di viaggio,"Via Spinoza, 63, 00137 Roma RM, Italy",RM,06 8200 4727,http://www.facebook.com/emozionandoviaggi.it/?locale=it_IT,NOT AVAILABLE,https://maps.google.com/?cid=225833847475597773
Jurassic Travel,agenzie di viaggio,"Via Anco Marzio, 56, 00054 Fiumicino RM, Italy",RM,06 8902 4090,http://www.jurassic-travel.it/,NOT AVAILABLE,https://maps.google.com/?cid=9123890999318395080
Crico' Viaggi Roma,agenzie di viaggio,"Via Diego Angeli, 104, 00159 Roma RM, Italy",RM,06 4353 5180,http://www.cricoviaggi.it/,NOT AVAILABLE,https://maps.google.com/?cid=11802319684741086117
Luleka Experience,agenzie di viaggio,"Via degli Zingari, 59, 00184 Roma RM, Italy",RM,351 543 8639,NOT AVAILABLE,NOT AVAILABLE,https://maps.google.com/?cid=12096014689349681223
Bluvacanze Roma Fleming,agenzie di viaggio,"Via Antonio Serra, 38, 00191 Roma RM, Italy",RM,06 6921 6757,https://www.pittalugaviaggi.com/,NOT AVAILABLE,https://maps.google.com/?cid=6194219659360001664
Al di là dei Sogni Viaggi,agenzie di viaggio,"Largo di S. Luca Evangelista, 6, 00176 Roma RM, Italy",RM,06 2780 0557,http://www.aldiladeisogniviaggi.it/,NOT AVAILABLE,https://maps.google.com/?cid=17667020186224053333
Monteverde Viaggi,agenzie di viaggio,"Via di Monte Verde, 114, 00151 Roma RM, Italy",RM,06 4542 4195,https://www.unviaggiodasogno.it/,NOT AVAILABLE,https://maps.google.com/?cid=13821833214038757990
Fadan Viaggi - S.R.L.,agenzie di viaggio,"Via Flaminia, 63, 00196 Roma RM, Italy",RM,06 321 7087,https://www.fadanviaggi.it/,NOT AVAILABLE,https://maps.google.com/?cid=3152084695664198243
Plaza Viaggi,agenzie di viaggio,"Via Giosuè Carducci, 22, 00187 Roma RM, Italy",RM,366 342 0907,https://plazzatravels.com/,info@plazzatravels.com,https://maps.google.com/?cid=2847588812692584208
Travel Elephant Tour Operator,agenzie di viaggio,"Via d'Ascanio, 8, 00186 Roma RM, Italy",RM,06 6051 3000,https://www.viaggidellelefante.it/,preventivi@viaggidellelefante.it,https://maps.google.com/?cid=1879785480646654012
Impronte Viaggi,agenzie di viaggio,"Via di S. Croce in Gerusalemme, 77, 00185 Roma RM, Italy",IN,06 700 1909,https://www.impronteviaggi.it/,info@impronteviaggi.it,https://maps.google.com/?cid=12154350158707007901
Landimension Travel,agenzie di viaggio,"Vicolo di S. Nicola de' Cesarini, 4, 00186 Roma RM, Italy",RM,392 157 3353,http://www.landimensiontravel.it/,info@landimensiontravel.it,https://maps.google.com/?cid=4430407178943455174
SOGNANDO IL MONDO,agenzie di viaggio,"Via Prenestina, 1228, 00132 Roma RM, Italy",RM,06 2242 8510,http://www.sognandoilmondo.it/,NOT AVAILABLE,https://maps.google.com/?cid=16189108064418167433
Point In The World Srl,agenzie di viaggio,"Via Prenestina, 398, 00171 Roma RM, Italy",RM,06 2180 8000,https://www.puntonelmondo.it/,online@puntonelmondo.it,https://maps.google.com/?cid=6058541189364373229
VISS Travel S.r.l.,agenzie di viaggio,"Via Gerolamo Cardano, 75, 00146 Roma RM, Italy",RM,06 558 8833,http://www.visstravel.com/,webinfo@visstravel.com,https://maps.google.com/?cid=70424597310914381
ViaggiOggi srl,agenzie di viaggio,"Via Val Trompia, 136, 00141 Roma RM, Italy",RM,06 4890 3604,https://www.viaggioggi.it/,grecia@viaggioggi.it,https://maps.google.com/?cid=5782891998915069989
Zemontour - Agenzia Viaggi Roma,agenzie di viaggio,"Via Flavio Domiziano, 38, 00145 Roma RM, Italy",RM,06 8958 5171,http://zemontour.it/,NOT AVAILABLE,https://maps.google.com/?cid=9597962985558434872
DEMATOUR - TOUR OPERATOR,agenzie di viaggio,"Via Catone, 29, 00192 Roma RM, Italy",RM,06 3973 2951,NOT AVAILABLE,NOT AVAILABLE,https://maps.google.com/?cid=8812550963903165242
Conti Travel,agenzie di viaggio,"Via Mentana, 2/B, 00185 Roma RM, Italy",RM,06 4521 2071,http://www.contitravel.it/,NOT AVAILABLE,https://maps.google.com/?cid=10617299902779901720
Trastevere Travel,agenzie di viaggio,"Viale di Trastevere, 248/interno 5, 00153 Roma RM, Italy",RM,06 5833 1163,http://epocatour.com/,info@epocatour.com,https://maps.google.com/?cid=2525760322428348344
Travel Single,agenzie di viaggio,"Via del Fontanile Arenato, 147, 00163 Roma RM, Italy",RM,06 9259 3048,http://www.travelsingle.it/,info@travelsingle.it,https://maps.google.com/?cid=11856875679395300022
Insieme Viaggi,agenzie di viaggio,"Via Marco Ulpio Traiano, 60, 20149 Milano MI, Italy",MI,02 3300 2117,https://www.agenziaviaggiltc.it/,NOT AVAILABLE,https://maps.google.com/?cid=7222857888581631518
Agenzia Viaggi Maison du Voyage,agenzie di viaggio,"Via Giambellino, 15, 20146 Milano MI, Italy",MI,02 4943 6581,http://www.maisonduvoyage.it/,preventivi@maisonduvoyage.it,https://maps.google.com/?cid=9025441671645348024
Viaggiatori Del Mondo,agenzie di viaggio,"Via Gioacchino Murat, 32, 20159 Milano MI, Italy",MI,02 8738 8064,http://www.viaggiatoridelmondo.it/,info@viaggiatoridelmondo.itindirizzovia,https://maps.google.com/?cid=11338900525413692226
JAMBO TOUR,agenzie di viaggio,"Via Giuseppe Ripamonti, 137, 20141 Milano MI, Italy",MI,02 4311 7337,http://www.jambotour.it/,jambo@jambotour.it,https://maps.google.com/?cid=8543071358920513020
Dove Vuoi Tour,agenzie di viaggio,"Via Alessandro Tadino, 19, 20124 Milano MI, Italy",MI,328 458 3813,https://www.dovevuoiasia.com/,NOT AVAILABLE,https://maps.google.com/?cid=15929237803429608265
Mi Guidi,agenzie di viaggio,"Via Stresa, 6, 20125 Milano MI, Italy",MI,328 384 6632,https://www.miguidi.it/,NOT AVAILABLE,https://maps.google.com/?cid=15273046264664919067
Travel Gold World Agenzia Viaggi,agenzie di viaggio,"Via Pietro Borsieri, 32, 20159 Milano MI, Italy",MI,02 6682 3107,https://www.edenviaggi.it/dettaglio-agenzia/34384/travel-gold-world,NOT AVAILABLE,https://maps.google.com/?cid=11633930057125063176
Dove Nel Mondo Viaggi,agenzie di viaggio,"Viale Monza, 160, 20127 Milano MI, Italy",MI,02 2700 0564,http://www.dovenelmondoviaggi.it/,agenzia@dovenelmondoviaggi.it,https://maps.google.com/?cid=15584033051680799121
Agenzia Viaggi Mister Holiday Milano,agenzie di viaggio,"Viale Umbria, 29, 20135 Milano MI, Italy",MI,02 5411 8915,https://www.misterholiday.it/,info@misterholiday.it,https://maps.google.com/?cid=3205430578664590328
Agenzia Viaggi 5 Giornate,agenzie di viaggio,"Piazza Cinque Giornate, 15, 20129 Milano MI, Italy",MI,02 5519 4646,http://www.5giornate.it/,agenzia@5giornate.it,https://maps.google.com/?cid=11632687483843680624
Viaggi di Nozze network,agenzie di viaggio,"Via Gianfranco Zuretti, 50, 20125 Milano MI, Italy",MI,02 5810 0748,http://www.viaggidinozze.net/,NOT AVAILABLE,https://maps.google.com/?cid=78674652439560072
Arenatours - Viaggi Esotici,agenzie di viaggio,"Viale Monza, 347, 20126 Milano MI, Italy",MI,02 0062 4923,https://arenatours.com/it/,hello@arenatours.com,https://maps.google.com/?cid=8865343480011959928
Milan Visitor Center - Zani Viaggi,agenzie di viaggio,"Largo Cairoli, 18, 20121 Milano MI, Italy",MI,02 867131,https://www.zaniviaggi.com/,NOT AVAILABLE,https://maps.google.com/?cid=18403191581837357674
Il Salvagente Viaggi,agenzie di viaggio,"Via Lazzaro Papi, 12, 20135 Milano MI, Italy",MI,02 5412 1216,http://www.salvagenteviaggi.it/,NOT AVAILABLE,https://maps.google.com/?cid=8299500488555407715
Foppa Viaggi,agenzie di viaggio,"Via Vincenzo Foppa, 21, 20144 Milano MI, Italy",MI,346 865 9938,https://www.foppaviaggi.it/,prenotazioni@foppaviaggi.it,https://maps.google.com/?cid=4929149609420911175
Il Girasole Scurria Turismo S.R.L.,agenzie di viaggio,"Via Vincenzo Giordano Orsini, 16, 20147 Milano MI, Italy",MI,02 4009 1234,http://www.ilgirasoleviaggi.it/,info@ilgirasoleviaggi.it,https://maps.google.com/?cid=1170684025804868319
Agenzia Viaggi Matamis,agenzie di viaggio,"Viale Monza, 271, 20126 Milano MI, Italy",MI,02 3653 0427,https://www.matamisviaggi.it/,NOT AVAILABLE,https://maps.google.com/?cid=4168417763197825901
Bluvacanze Viale Monza Agenzia Viaggi,agenzie di viaggio,"Viale Monza, 87, 20125 Milano MI, Italy",MI,02 2611 6411,https://milanovialemonza.bluvacanze.it/,NOT AVAILABLE,https://maps.google.com/?cid=10456277358873248865
Visti,agenzie di viaggio,"Via della Moscova, 13, 20121 Milano MI, Italy",MI,NOT AVAILABLE,https://visti.it/,NOT AVAILABLE,https://maps.google.com/?cid=17496087198768519194
Dossier Viaggi,agenzie di viaggio,"Via Bartolomeo Eustachi, 16, 20129 Milano MI, Italy",MI,02 2952 3641,http://www.viaggidossier.it/,info@viaggidossier.itp.iva,https://maps.google.com/?cid=3671227480119085811
Viaggimmagine - Viaggi su misura,agenzie di viaggio,"Via Giuseppe Govone, 30, 20155 Milano MI, Italy",MI,02 3361 1823,https://viaggimmagine.it/,NOT AVAILABLE,https://maps.google.com/?cid=1680806595930551343
La Bussola On The Road,agenzie di viaggio,"Via Altaguardia, 1, 20135 Milano MI, Italy",MI,02 8219 6055,https://www.labussola.it/,NOT AVAILABLE,https://maps.google.com/?cid=16920532452517216403
Cubamondo Viaggi S.R.L,agenzie di viaggio,"Via Veglia, 44, 20159 Milano MI, Italy",MI,02 3650 8554,http://www.cubamondoviaggi.it/,NOT AVAILABLE,https://maps.google.com/?cid=9076211200468085190
Superviaggi Milano,agenzie di viaggio,"Via Giovanni Boccaccio, 19, 20123 Milano MI, Italy",MI,02 4819 5202,http://www.superviaggi.com/,agenzia@superviaggi.com,https://maps.google.com/?cid=7203392449355808612
Hortensia Viaggi di Silvia Farano,agenzie di viaggio,"Via Giorgio Washington, 105, 20146 Milano MI, Italy",MI,02 3651 6498,https://www.hortensiaviaggi.it/,silvia@hortensiaviaggi.it,https://maps.google.com/?cid=7522966122741298916
Viaggio & Apprendo,agenzie di viaggio,"Viale Corsica, 95, 20133 Milano MI, Italy",MI,02 4312 8062,http://www.viaggioeapprendo.it/,8062info@viaggioeapprendo.it,https://maps.google.com/?cid=6407411834183109472
Agenzia Viaggi TU VIAGGI,agenzie di viaggio,"Viale Cassala, 75, 20143 Milano MI, Italy",MI,02 8942 2109,http://www.tuviaggimilano.com/,NOT AVAILABLE,https://maps.google.com/?cid=14466006438242293951
World Explorer - Viaggi Su Misura | Tour Operator Milano,agenzie di viaggio,"Consigliamo di chiamare per prendere un appuntamento, Piazza Gerusalemme, 4, 20154 Milano MI, Italy",MI,02 3206 0101,https://www.worldexplorer.it/,viaggi@worldexplorer.it,https://maps.google.com/?cid=13713584280605004353
Last Minute Tour UVET VIAGGI Milano - Agenzia Viaggi,agenzie di viaggio,"Via Ponte Seveso, 23, 20125 Milano MI, Italy",MI,02 6698 9323,https://www.artravelservice.com/,NOT AVAILABLE,https://maps.google.com/?cid=9913691647789258868
bluviaggi,agenzie di viaggio,"Via Domenico Cimarosa, 12/3, 20144 Milano MI, Italy",MI,02 4810 0154,http://www.bluviaggi.com/,NOT AVAILABLE,https://maps.google.com/?cid=8864326012393500729
Madame Voyage,agenzie di viaggio,"Viale Daniele Ranzoni, 17, 20149 Milano MI, Italy",MI,02 9899 4311,http://www.madamevoyage.it/,NOT AVAILABLE,https://maps.google.com/?cid=10540814569397356859
Bianco Viaggi Pellegrinaggi,agenzie di viaggio,"Corso Europa, 15, 20122 Milano MI, Italy",MI,02 8717 7099,https://www.biancoviaggi.com/,87177099info@biancoviaggi.comdestinazioni,https://maps.google.com/?cid=5300542691083938094
Loft StudioViaggi,agenzie di viaggio,"Via Luigi Porro Lambertenghi, 12, 20159 Milano MI, Italy",MI,02 2809 5531,https://www.loftviaggi.it/,info@loftviaggi.it,https://maps.google.com/?cid=12955699465422791115
Adventure Overland - Agenzia Viaggi di Overland Network srl,agenzie di viaggio,"Viale Paolo Onorato Vigliani, 21, 20148 Milano MI, Italy",MI,02 3360 9360,http://www.overland-viaggi.com/,NOT AVAILABLE,https://maps.google.com/?cid=8492476546256507476
Viaggi Stellari,agenzie di viaggio,"C.so Lodi, 6/A, 20135 Milano MI, Italy",MI,02 4952 9042,http://www.viaggistellari.net/,info@viaggistellari.netindirizzocorso,https://maps.google.com/?cid=11217535039823833388
MOVE SRL - Agenzia Viaggi - Esperienze su Misura,agenzie di viaggio,"Via Palermo 20, Corso Garibaldi, 60, 20121 Milano MI, Italy",MI,02 7865 6590,http://www.moveviaggi.com/,scrivicibooking@moveviaggi.com,https://maps.google.com/?cid=2174747953398416294
Aliviaggi Tour Operator S.R.L.,agenzie di viaggio,"Piazza Po, 6, 20144 Milano MI, Italy",PO,02 4801 7171,http://www.aliviaggi.it/,info@aliviaggi.it,https://maps.google.com/?cid=9231172761209876934
Friendly Travel di Fima Viaggi e Turismo,agenzie di viaggio,"Via Achille Zezon, 5, 20124 Milano MI, Italy",MI,02 6698 2128,http://www.fimaviaggieturismo.it/,NOT AVAILABLE,https://maps.google.com/?cid=6492704737865915938
BarbaViaggi,agenzie di viaggio,"Via Bagutta, 13, 20121 Milano MI, Italy",MI,378 304 0650,http://www.barbaviaggi.it/,NOT AVAILABLE,https://maps.google.com/?cid=12858773371196320699
Travel Agency Solemania,agenzie di viaggio,"Via Giuseppe Meda, 5, 20136 Milano MI, Italy",MI,02 8941 5935,https://www.viaggisolemania.it/,info@viaggisolemania.it,https://maps.google.com/?cid=17546512778347388178
Proposta Viaggi,agenzie di viaggio,"Via Feltre, 1, 20132 Milano MI, Italy",MI,02 264 0347,http://www.propostaviaggi.it/,NOT AVAILABLE,https://maps.google.com/?cid=15312227532803748579
SBS Viaggi,agenzie di viaggio,"Via Bagutta, 13, 20121 Milano MI, Italy",MI,349 582 6932,https://sbsviaggi.it/?utm_source=google&utm_medium=business-profile&utm_campaign=local,info@sbsviaggi.it,https://maps.google.com/?cid=6334974279506327206
Agenzia viaggi Il viaggio nel cassetto,agenzie di viaggio,"Via Antonio Grossich, 29, 20131 Milano MI, Italy",MI,02 8969 7824,http://www.ilviaggionelcassetto.it/,NOT AVAILABLE,https://maps.google.com/?cid=1413363951601119269
Viaggi e Visti,agenzie di viaggio,"Corso Ventidue Marzo, 36, 20134 Milano MI, Italy",MI,02 8202 7535,http://viaggievisti.com/,NOT AVAILABLE,https://maps.google.com/?cid=1513169135717378702
Skyline Travel - Agenzia Viaggi - Flight Tickets Agent,agenzie di viaggio,"Via Vitruvio, 43, 20124 Milano MI, Italy",MI,02 6671 1143,http://www.skylinetravel.it/,info@skylinetravel.it,https://maps.google.com/?cid=5865608330231990889
Nessie Viaggi,agenzie di viaggio,"Via Edmondo de Amicis, 30, 20123 Milano MI, Italy",DE,02 8699 8613,https://nessieviaggi.com/,8613nessie@nessieviaggi.it,https://maps.google.com/?cid=3609697088247412505
Lets.it Last Minute Holidays,agenzie di viaggio,"Piazzale Giulio Cesare, 14, 20145 Milano MI, Italy",MI,02 255 3125,https://www.lets.it/,info@lets.it,https://maps.google.com/?cid=392441473896257975
WeRoad - Viaggi di gruppo,agenzie di viaggio,"Viale Cassala, 30, 20143 Milano MI, Italy",MI,348 423 1163,https://www.weroad.it/,NOT AVAILABLE,https://maps.google.com/?cid=2760035949172126335
Berzabò Agenzia di Viaggi,agenzie di viaggio,"Via Friuli, Via Comelico, 51, 20135 Milano MI, Italy",MI,02 5412 2472,https://berzaboviaggi.it/,NOT AVAILABLE,https://maps.google.com/?cid=13931718972374783871
Insieme Viaggi,agenzie di viaggio,"Via Marco Ulpio Traiano, 60, 20149 Milano MI, Italy",MI,02 3300 2117,https://www.agenziaviaggiltc.it/,NOT AVAILABLE,https://maps.google.com/?cid=6950501246258193571
Bluvacanze - Milano corso Garibaldi,agenzie di viaggio,"Corso Garibaldi, 24, 20121 Milano MI, Italy",MI,02 8353 3377,https://bluvacanze.it/?utm_source=google&utm_medium=GMBSitelink&utm_campaign=GMBSitelink_Milano_419,NOT AVAILABLE,https://maps.google.com/?cid=11957379130044676434
L'astrolabio Agenzia Viaggi Milano,agenzie di viaggio,"Via Monte Rosa, 20 Zona, 20149 Milano MI, Italy",MI,02 4819 5202,NOT AVAILABLE,NOT AVAILABLE,https://maps.google.com/?cid=11482109757156400155
ESL – Soggiorni linguistici,agenzie di viaggio,"Via Montebello, 27, 20121 Milano MI, Italy",MI,02 8905 8444,https://www.esl.it/it?utm_medium=organic&utm_source=googlemybusiness&utm_campaign=mainlink&utm_content=esl_milano,NOT AVAILABLE,https://maps.google.com/?cid=4230831657642287120
New Wings Travel and Tourism,agenzie di viaggio,"Corso Vercelli, 62, 20145 Milano MI, Italy",MI,02 4819 3351,https://www.nuoveali.it/,nuoveali@nuoveali.it,https://maps.google.com/?cid=233309023015745527
Lunettes Viaggi Milano,agenzie di viaggio,"Via Angelo Poliziano, 10, 20154 Milano MI, Italy",MI,02 3453 0329,http://www.lunettesviaggi.it/,info@lunettesviaggi.itindirizzovia,https://maps.google.com/?cid=7633479243248354358
Vuela - Biglietteria aerea,agenzie di viaggio,"Via Padova, Via Francesco Predabissi, 60, 20131 Milano MI, Italy",MI,02 2680 9117,http://www.vuelaonline.com/,NOT AVAILABLE,https://maps.google.com/?cid=4424948957567865545
Aquilone Viaggi (S.R.L.),agenzie di viaggio,"V.le Sabotino, 38, 20135 Milano MI, Italy",MI,02 5831 8500,https://www.aquilone.com/,NOT AVAILABLE,https://maps.google.com/?cid=5709868806722805982
Pica Flor Viaggi,agenzie di viaggio,"Via Sebino, 2, 20137 Milano MI, Italy",MI,02 8738 1793,https://picaflorviaggi.it/,NOT AVAILABLE,https://maps.google.com/?cid=11396589288405859537
Welcome Travel Shop,agenzie di viaggio,"Via Crocefisso, 3, 20122 Milano MI, Italy",MI,02 802 7721,http://www.welcometravelshop.it/,NOT AVAILABLE,https://maps.google.com/?cid=14059570489312885187
Caesar Tour S.r.l. - Agenzia Milano Porta Romana,agenzie di viaggio,"Via Gian Carlo Passeroni, 8, 20135 Milano MI, Italy",MI,06 9826 4700,http://www.caesartour.it/,NOT AVAILABLE,https://maps.google.com/?cid=3050412264059106886
Milanoguida | Visite Guidate e Mostre a Milano,agenzie di viaggio,"Via Alessandro Tadino, 29A, 20124 Milano MI, Italy",MI,02 3598 1535,https://www.milanoguida.com/,info@milanoguida.com,https://maps.google.com/?cid=2388641006274721276
Amo Viaggiare Agenzia Viaggi,agenzie di viaggio,"Via Rembrandt, 60, 20148 Milano MI, Italy",MI,02 9166 2806,https://www.amoviaggiare.it/,info@amoviaggiare.it,https://maps.google.com/?cid=7387100148473122471
Bluvacanze - Milano via Padova,agenzie di viaggio,"Via Padova, 209, 20127 Milano MI, Italy",MI,02 2720 6239,https://bluvacanze.it/?utm_source=google&utm_medium=GMBSitelink&utm_campaign=GMBSitelink_Milano_310,NOT AVAILABLE,https://maps.google.com/?cid=1683208856599086942
Scegli & Parti,agenzie di viaggio,"Via Pisanello, 26, 20146 Milano MI, Italy",MI,02 407 7787,NOT AVAILABLE,NOT AVAILABLE,https://maps.google.com/?cid=3870673651693939241
P7 Viaggi,agenzie di viaggio,"Via Piero della Francesca, 7, 20154 Milano MI, Italy",MI,02 3459 2331,NOT AVAILABLE,NOT AVAILABLE,https://maps.google.com/?cid=16556436518077278311
Bluvacanze - Milano via Lorenteggio,agenzie di viaggio,"Via dei Tulipani, 18, 20146 Milano MI, Italy",MI,02 4229 0796,https://bluvacanze.it/?utm_source=google&utm_medium=GMBSitelink&utm_campaign=GMBSitelink_Milano_470,NOT AVAILABLE,https://maps.google.com/?cid=16108990094222956288
VAXVI TOUR,agenzie di viaggio,"Via Pietro Marocco, 15, 20127 Milano MI, Italy",MI,02 3982 3141,http://www.vaxvi.com/,viaggio.info@vaxvi.com,https://maps.google.com/?cid=14069504446520015255
I VIAGGI IN UN CIAK agenzia viaggi,agenzie di viaggio,"Via Gerolamo Arganini, 23, 20162 Milano MI, Italy",MI,329 333 8027,http://www.iviaggiinunciak.com/,NOT AVAILABLE,https://maps.google.com/?cid=12528605644969797274
Travel Gold World Niguarda,agenzie di viaggio,"Via Luigi Ornato, 58, 20162 Milano MI, Italy",MI,02 6682 3107,NOT AVAILABLE,NOT AVAILABLE,https://maps.google.com/?cid=10123775040582632296
Punto Touring Milan,agenzie di viaggio,"Corso Italia, 10, 20122 Milano MI, Italy",MI,02 852 6760,http://www.touringclub.it/,prontotouring@touringclub.it,https://maps.google.com/?cid=7988110060828577985
Jackie 'O Viaggi di Lusso,agenzie di viaggio,"Piazza del Liberty, 1, 20121 Milano MI, Italy",MI,02 8698 4304,https://www.jackieoviaggi.it/,info@jackieoviaggi.itthis,https://maps.google.com/?cid=11975354138110476313
Diòmira Travel Srl - Pellegrinaggi -Tour-Viaggi-Vacanze,agenzie di viaggio,"Via Ada Negri, 20, 20042 Pessano Con Bornago MI, Italy",MI,02 3956 0841,https://diomiratravel.com/,info@diomiratravel.it,https://maps.google.com/?cid=17224413205388878326
Taverviaggi S.R.L.,agenzie di viaggio,"Via della Moscova, 7, 20121 Milano MI, Italy",MI,02 659 9111,http://www.taverviaggi.it/,taver.milano@taverviaggi.it,https://maps.google.com/?cid=4887869956600883320
Gattinoni Travel Point Milano - Piazza Imperatore Tito,agenzie di viaggio,"P.za Imperatore Tito, 5, 20137 Milano MI, Italy",MI,02 5990 1604,https://piazzatito.gattinonipoint.it/,piazzatito@gattinonipoint.itindirizzopiazza,https://maps.google.com/?cid=12744463201700916459
Stelema Viaggi Srl,agenzie di viaggio,"Via Figino, 1/D, 20016 Pero MI, Italy",MI,02 3954 0143,http://www.stelemaviaggi.it/,02-39540143info@stelemaviaggi.it,https://maps.google.com/?cid=823598327779739130
Zebra Viaggi,agenzie di viaggio,"Via Rubens, 28, 20148 Milano MI, Italy",MI,02 4007 0045,http://www.zebraviaggi.it/,paolo@zebraviaggi.com,https://maps.google.com/?cid=8037939777889922958
Marcelo Viaggi,agenzie di viaggio,"Via Privata Don Bartolomeo Grazioli, 4, 20161 Milano MI, Italy",MI,02 645 4941,NOT AVAILABLE,NOT AVAILABLE,https://maps.google.com/?cid=1283611147629143362
Altrove Viaggi,agenzie di viaggio,"Via Padova, 156, 20132 Milano MI, Italy",MI,02 2614 9797,NOT AVAILABLE,NOT AVAILABLE,https://maps.google.com/?cid=14200945908971482450
Selezione Viaggi,agenzie di viaggio,"Viale Leonardo da Vinci, 43/2° piano, 20090 Trezzano sul Naviglio MI, Italy",MI,02 9737 8433,http://www.selezioneviaggi.net/,info@selezioneviaggi.net,https://maps.google.com/?cid=9775317163264332626
Viaggi Buonarroti (S.r.l.),agenzie di viaggio,"Via Michelangelo Buonarroti, 18, 20145 Milano MI, Italy",MI,02 498 5401,https://www.viaggi-buonarroti.it/,NOT AVAILABLE,https://maps.google.com/?cid=16423616955610208241
Flacrys Viaggi,agenzie di viaggio,"Via Evangelista Torricelli, 8, 20136 Milano MI, Italy",MI,02 8940 1644,http://www.flacrysviaggi.it/,NOT AVAILABLE,https://maps.google.com/?cid=508344380057180531
Agenzia Viaggi LE GABBIANELLE di Le Libellule s.a.s.,agenzie di viaggio,"Via Giuseppe Garibaldi, 80, 20092 Cinisello Balsamo MI, Italy",MI,02 6129 0722,http://www.legabbianelle.it/,NOT AVAILABLE,https://maps.google.com/?cid=14155977033832772405
Viaggia Quasi Gratis,agenzie di viaggio,"Via Giuseppe Buonocore, 31/33,35, 80143 Napoli NA, Italy",NA,081 562 2821,http://www.viaggiaquasigratis.com/,NOT AVAILABLE,https://maps.google.com/?cid=17341733794634760917
Scoop Travel Service S.r.l.,agenzie di viaggio,"Via Gian Lorenzo Bernini, 90a, 80129 Napoli NA, Italy",NA,081 556 4898,https://www.scooptravel.it/,operativo@scooptravel.it,https://maps.google.com/?cid=8699170797921568825
Agenzia - Avenida Viaggi - Napoli,agenzie di viaggio,"Via Tommaso Caravita, 22, 80134 Napoli NA, Italy",NA,081 1957 6737,http://www.avenidaviaggi.it/,NOT AVAILABLE,https://maps.google.com/?cid=13450540055846565395
Gondwana Viaggi,agenzie di viaggio,"Piazza Gian Battista Vico, 43, 80137 Napoli NA, Italy",NA,081 780 9590,NOT AVAILABLE,NOT AVAILABLE,https://maps.google.com/?cid=4129411735336480985
Agenzia di Viaggi Marytour Napoli,agenzie di viaggio,"Via dei Fiorentini, 47/49, 80133 Napoli NA, Italy",NA,081 551 0512,https://www.marytour.it/,NOT AVAILABLE,https://maps.google.com/?cid=10138060725045570468
La Casa di Tourist,agenzie di viaggio,"Via Chiaia, 216, 80132 Napoli NA, Italy",NA,081 376 8725,https://www.lacasaditourist.com/,info@lacasaditourist.comloginlogin,https://maps.google.com/?cid=14026582657673974294
Mister White Travel,agenzie di viaggio,"Piazza Giovanni Bovio, 20, 80133 Napoli NA, Italy",NA,081 551 2478,http://www.misterwhitetravel.it/,NOT AVAILABLE,https://maps.google.com/?cid=12217346640047471106
AGENZIA VIAGGI DOVE C'E' IL MARE NAPOLI,agenzie di viaggio,"C.so S. Giovanni a Teduccio, 838, 80146 Napoli NA, Italy",NA,081 1887 0818,https://www.doveceilmare.it/,NOT AVAILABLE,https://maps.google.com/?cid=10537483343141886106
Venezuelana Agenzia di viaggi,agenzie di viaggio,"Viale Colli Aminei, 134, 80131 Napoli NA, Italy",NA,081 1981 0287,http://venezuelanatours.com/,NOT AVAILABLE,https://maps.google.com/?cid=12420509856232049250
Agenzia Che Viaggio,agenzie di viaggio,"Via Giuseppe di Vittorio, 70, 80029 Sant'Antimo NA, Italy",NA,081 843 4124,https://www.agenziacheviaggio.it/,info@agenziacheviaggio.it,https://maps.google.com/?cid=15182976260800056169
Lab. Gialù,agenzie di viaggio,"V. Salvator Rosa, 80136 Napoli NA, Italy",NA,081 1956 7312,http://www.piratinviaggio.com/,info@piratinviaggio.com,https://maps.google.com/?cid=16549160935333706663
Travel Tips - Agenzia di Viaggi,agenzie di viaggio,"Via Orazio, 149 A, 80122 Napoli NA, Italy",NA,081 640041,http://www.traveltips.it/,info@traveltips.itcontattaciil,https://maps.google.com/?cid=6501984477581658027
inStazione servizi turistici,agenzie di viaggio,"P.za Giuseppe Garibaldi, 80142 Napoli NA, Italy",NA,388 076 9471,https://instazione.it/,NOT AVAILABLE,https://maps.google.com/?cid=9908927097641176045
"Agenzia viaggi ""Turistas viaggi da sogno"" Napoli",agenzie di viaggio,"Strada Provinciale Madonnelle, 101, 80147 Napoli NA, Italy",NA,081 1867 1722,http://www.turistasviaggi.it/,NOT AVAILABLE,https://maps.google.com/?cid=15504432737791716242
GREETINGS FROM ... Travel & Tourism,agenzie di viaggio,"Via Antonio Tari, 18, 80138 Napoli NA, Italy",NA,081 563 4261,http://www.salutida.com/,info@salutida.com,https://maps.google.com/?cid=16065812251773089946
Fancy Tour,agenzie di viaggio,"Via Francesco Petrarca, 161, 80122 Napoli NA, Italy",NA,081 575 2442,https://www.fancy.it/,info@fancy.it,https://maps.google.com/?cid=3828518802875174536
Chiaia Viaggi di Daver Sas,agenzie di viaggio,"Largo Ferrandina, 1, 80121 Napoli NA, Italy",NA,081 1957 4904,http://chiaiaviaggi.it/,info@chiaiaviaggi.itindirizzolargo,https://maps.google.com/?cid=3331531500320854308
Sefar Said Viaggi,agenzie di viaggio,"Viale Colli Aminei, 385, 80131 Napoli NA, Italy",NA,081 743 4372,https://www.facebook.com/sefarsaidviaggi/,NOT AVAILABLE,https://maps.google.com/?cid=13356827014678919951
Si Travel Napoli Vomero,agenzie di viaggio,"Via Sigmund Freud, 59, 80131 Napoli NA, Italy",NA,081 545 4200,https://www.facebook.com/freud59,NOT AVAILABLE,https://maps.google.com/?cid=11281415873500849008
Agenzia Leoga Viaggi - Napoli Self Tour,agenzie di viaggio,"Via Stella, 136, 80137 Napoli NA, Italy",NA,081 557 1101,https://www.leogaviaggi.com/,NOT AVAILABLE,https://maps.google.com/?cid=1181545817743492025
corazontravels,agenzie di viaggio,"Via Nuovo Tempio, 169, 80144 Napoli NA, Italy",NA,081 1951 1006,NOT AVAILABLE,NOT AVAILABLE,https://maps.google.com/?cid=16674887162032265234
Agenzia Viaggi Skeea Travel -Napoli,agenzie di viaggio,"Corso Bruno Buozzi, 203, 80147 Napoli NA, Italy",NA,081 1895 6398,http://www.skeeatravel.com/,NOT AVAILABLE,https://maps.google.com/?cid=211916553355545586
TuristaGO di M.R. Viaggi Srl,agenzie di viaggio,"Via Pallucci, 45, 80126 Napoli NA, Italy",NA,081 726 7976,https://turistago.com/,NOT AVAILABLE,https://maps.google.com/?cid=9021942179138496376
Bongi Travel Tour Operator,agenzie di viaggio,"Piazza Vanvitelli, 15, 80129 Napoli NA, Italy",NA,081 579 5195,http://www.bongitravel.it/,prenotazioni@bongitravel.it,https://maps.google.com/?cid=1611220655801709659
Dimmi Dove e Quando srl,agenzie di viaggio,"Via Colonnello Carlo Lahalle, 11, 80141 Napoli NA, Italy",NA,350 942 9339,https://www.instagram.com/dimmidoveequando_official?igsh=Nm92dDNydjBlYm01,NOT AVAILABLE,https://maps.google.com/?cid=12926185383537174289
Si Travel Ponticelli - Pronti per viaggiare,agenzie di viaggio,"Strada Provinciale Madonnelle, 121, 80147 Napoli NA, Italy",NA,081 1830 0760,NOT AVAILABLE,NOT AVAILABLE,https://maps.google.com/?cid=15051741958737484128
Mama Tours Travel Designer,agenzie di viaggio,"Piazza delle Medaglie D'Oro, 41, 80129 Napoli NA, Italy",NA,081 578 9292,http://www.mamatours.it/,info@mamatours.com,https://maps.google.com/?cid=4399368533656705643
Napoli Private Tours,agenzie di viaggio,"Via Giuseppe Pica, 26, 80142 Napoli NA, Italy",NA,337 844 594,https://www.napoliprivatetours.com/,NOT AVAILABLE,https://maps.google.com/?cid=2374964772534181419
Rossana Viaggi,agenzie di viaggio,"Via Giuseppe Mazzini, 78, 80046 San Giorgio a Cremano NA, Italy",NA,081 1823 0225,https://www.rossanaviaggi.it/,preventivi@rossanaviaggi.it,https://maps.google.com/?cid=9213435664061309605
Agenzia Viaggi Landia Napoli,agenzie di viaggio,"Corso Secondigliano, 550, 80144 Napoli NA, Italy",NA,081 543 6329,http://www.viaggilandia.it/,NOT AVAILABLE,https://maps.google.com/?cid=3274696873982424229
Partenze In Corso,agenzie di viaggio,"P.za Municipio, 88, 80133 Napoli NA, Italy",NA,081 1851 9828,http://www.partenzeincorso.it/,NOT AVAILABLE,https://maps.google.com/?cid=5755416840298885697
Odino Viaggi,agenzie di viaggio,"C.so Vittorio Emanuele, 88 a/b, 80121 Napoli NA, Italy",NA,081 248 2145,http://www.odinoviaggi.it/,NOT AVAILABLE,https://maps.google.com/?cid=5369990838605341236
Mergellina Travel S.R.L.,agenzie di viaggio,"C.so Vittorio Emanuele, 19/20, 80122 Napoli NA, Italy",NA,081 761 8672,http://www.mergellinatravel.it/,NOT AVAILABLE,https://maps.google.com/?cid=3079610152335716127
Viaggi Insoliti per Conoscere il Mondo di Free Time sas di Scanu Antonio e C.,agenzie di viaggio,"Via Ponte di Tappia, 43, 80133 Napoli NA, Italy",NA,081 552 7878,NOT AVAILABLE,NOT AVAILABLE,https://maps.google.com/?cid=10738978698447214885
Trial Travel,agenzie di viaggio,"Via Guglielmo Melisurgo, 4, 80133 Napoli NA, Italy",NA,081 552 9090,http://www.trialtravel.it/,booking@trialtravel.com,https://maps.google.com/?cid=2407559807669335561
Kiwi Viaggi Napoli,agenzie di viaggio,"Corso Arnaldo Lucci, 51, 80142 Napoli NA, Italy",NA,NOT AVAILABLE,NOT AVAILABLE,NOT AVAILABLE,https://maps.google.com/maps/place/?q=place_id:ChIJu1CR6CIIOxMR-YEw_r7DBcM
Viaggiare a Colori Napoli,agenzie di viaggio,"Via Nicola Rocco, 69, 80139 Napoli NA, Italy",NA,375 625 6544,https://www.viaggiareacolorinapoli.com/,NOT AVAILABLE,https://maps.google.com/?cid=3020452939108722125
Comunque Vada Viaggi,agenzie di viaggio,"Via Vincenzo Bellini, 70, 80135 Napoli NA, Italy",NA,081 1854 3604,NOT AVAILABLE,NOT AVAILABLE,https://maps.google.com/?cid=13382681746523641059
Schema Vacanze Agenzia Viaggi - Tour Operator,agenzie di viaggio,"Centro direzionale, is. g1, Via Giovanni Porzio, 4, 80143 Napoli NA, Italy",NA,081 767 0387,https://www.schemavacanze.it/,info@schemavacanze.it,https://maps.google.com/?cid=11125191744810576272
Travel Cloud Capodichino,agenzie di viaggio,"Via Udalrigo Masoni, 65, 80141 Napoli NA, Italy",NA,375 793 9224,https://www.instagram.com/p/Ch5KIKXohlc/?igshid=YmMyMTA2M2Y=,NOT AVAILABLE,https://maps.google.com/?cid=12860702871171844016
Furore Viaggi,agenzie di viaggio,"Via Pablo Picasso, 26, 80126 Napoli NA, Italy",NA,081 588 8921,https://www.furoreviaggi.it/,NOT AVAILABLE,https://maps.google.com/?cid=6972296372412277805
Vomero Travel srl,agenzie di viaggio,"Via S. Gennaro Ad Antignano, 88/90/92, 80129 Napoli NA, Italy",NA,081 578 0355,http://www.vomerotravel.it/,NOT AVAILABLE,https://maps.google.com/?cid=6701124450921353043
Agenzia di Viaggi Gedimax Sas,agenzie di viaggio,"Via Cardinale Guglielmo Sanfelice, 38, 80134 Napoli NA, Italy",NA,081 420 3602,http://www.gedimaxviaggi.it/,NOT AVAILABLE,https://maps.google.com/?cid=15870034589898949829
Il Vacanziere,agenzie di viaggio,"Via dell'Epomeo, 334/E, 80126 Napoli NA, Italy",NA,081 1878 7235,NOT AVAILABLE,NOT AVAILABLE,https://maps.google.com/?cid=9364938957445451392
Viaggiamoci Su,agenzie di viaggio,"Via Emilio Scaglione, 450, 80145 Napoli NA, Italy",NA,081 1956 7994,http://www.viaggiamocisu.it/,NOT AVAILABLE,https://maps.google.com/?cid=3506192054777582018
Emily Travel S.a.s.,agenzie di viaggio,"Via Antonio Sogliano, 14, 80137 Napoli NA, Italy",NA,081 1883 3367,http://www.emilytravel.it/,NOT AVAILABLE,https://maps.google.com/?cid=10273350531640425534
Relaxing Tours,agenzie di viaggio,"Corso Giuseppe Garibaldi, 410, 80142 Napoli NA, Italy",NA,081 202034,NOT AVAILABLE,NOT AVAILABLE,https://maps.google.com/?cid=7559333834694994636
Venetours Viaggi di M. Cozzi - MSC POINT Agenzia Viaggi e tour Operator,agenzie di viaggio,"Via Edoardo Nicolardi, 118, 80131 Napoli NA, Italy",NA,081 1821 1278,http://www.venetours.it/,info@venetours.it,https://maps.google.com/?cid=12513212510827009749
Empire Viaggi Srls,agenzie di viaggio,"Via Nicolò Garzilli, 10/12, 80126 Napoli NA, Italy",NA,081 766 2307,http://www.empireviaggi.it/,NOT AVAILABLE,https://maps.google.com/?cid=10997219303584435584
Viaggi in altalena,agenzie di viaggio,"Via Duomo, 178, 80138 Napoli NA, Italy",NA,081 298111,http://www.viaggiinaltalena.com/,info@viaggiinaltalena.it,https://maps.google.com/?cid=10281857860574687493
Atomika Viaggi,agenzie di viaggio,"Via Fabrizio Pignatelli, 2, 80134 Napoli NA, Italy",NA,081 1865 8680,http://www.atomikaviaggi.it/,conferme@atomikaviaggi.itindirizzovia,https://maps.google.com/?cid=17381539869288922232
Vivagando Viaggi,agenzie di viaggio,"Largo Arso, 33, 80046 San Giorgio a Cremano NA, Italy",NA,081 485711,https://www.vivagandoviaggi.it/,NOT AVAILABLE,https://maps.google.com/?cid=1777284604609040552
Puerto Svago - Colli Aminei,agenzie di viaggio,"Viale Letizia, 3, 80131 Napoli NA, Italy",NA,327 034 9991,https://puertosvago.it/agenzie/agenzia-viaggi-napoli-colli-aminei/,info@puertosvago.it,https://maps.google.com/?cid=12416242578093017668
Guide Turistiche Napoli - Visite Guidate a Napoli e in Campania,agenzie di viaggio,"Via Tarsia, 64, 80135 Napoli NA, Italy",NA,380 904 9909,http://www.guideturistichenapoli.com/,info@guideturistichenapoli.comloginlogin,https://maps.google.com/?cid=2242810822162190397
Consales Viaggi e Turismo,agenzie di viaggio,"Via Foggia, 3, 80143 Napoli NA, Italy",NA,081 554 4165,NOT AVAILABLE,NOT AVAILABLE,https://maps.google.com/?cid=11607878936106522547
Aladino Viaggi - Ag. Vomero (NA),agenzie di viaggio,"Via Francesco Cilea, 157, 80127 Napoli NA, Italy",NA,081 579 9108,http://www.aladino.it/,preventivi@aladino.it,https://maps.google.com/?cid=8282271705322008889
NEW DREAMING VIAGGI,agenzie di viaggio,"C.so Vittorio Emanuele, 113/G, 80121 Napoli NA, Italy",NA,081 663701,NOT AVAILABLE,NOT AVAILABLE,https://maps.google.com/?cid=7085351538480696740
Viaggiare che passione - Si Travel Casoria,agenzie di viaggio,"Via Francesco Petrarca, 12, 80026 Casoria NA, Italy",NA,081 540 2172,https://www.sitravelcasoria.it/,NOT AVAILABLE,https://maps.google.com/?cid=11180600998817779426
Agenzia di Viaggi Air Terminal Viaggi - Napoli,agenzie di viaggio,"Via Alessandro Manzoni, 176, 80046 San Giorgio a Cremano NA, Italy",NA,081 574 8668,http://www.airterminalviaggi.it/,NOT AVAILABLE,https://maps.google.com/?cid=7189534648571725066
Viaggia Napoli Incoming,agenzie di viaggio,"Vico Storto Purgatorio Ad Arco, 9, 80138 Napoli NA, Italy",NA,351 738 6988,NOT AVAILABLE,NOT AVAILABLE,https://maps.google.com/?cid=9389157703861896669
Napoli Centrale Turismo,agenzie di viaggio,"P.za Principe Umberto, 80142 Napoli NA, Italy",NA,351 232 4940,https://www.napolicentraleturismo.com/,NOT AVAILABLE,https://maps.google.com/?cid=12307497403877584294
Napoli Official Tour,agenzie di viaggio,"Via Domenico Capitelli, 9, 80134 Napoli NA, Italy",NA,081 551 1064,http://www.napoliofficialtour.com/,info@napoliofficialtour.it,https://maps.google.com/?cid=14078259517506211098
Seaside Napoli,agenzie di viaggio,"Passaggio Castel dell'Ovo, 80132 Napoli NA, Italy",NA,320 253 0937,http://www.seasidenapoli.com/,NOT AVAILABLE,https://maps.google.com/?cid=2749983882184482935
Trentaremi - Tour Operator,agenzie di viaggio,"Vico San Domenico Maggiore, 9, 80134 Napoli NA, Italy",NA,081 379 7086,https://www.trentaremi.it/,info@trentaremi.it,https://maps.google.com/?cid=12774877806592026192
Travel Point,agenzie di viaggio,"Corso Secondigliano, 459, 80144 Napoli NA, Italy",NA,081 754 4404,https://www.blumosquetour.it/,NOT AVAILABLE,https://maps.google.com/?cid=8138803226405315730
Agenzia Viaggi Madura Viaggi,agenzie di viaggio,"Via Bartolo Longo, 68, 80147 Napoli NA, Italy",NA,081 577 1399,http://www.maduraviaggi.it/,NOT AVAILABLE,https://maps.google.com/?cid=15714750344094811135
Railway Travel,agenzie di viaggio,"Corso Novara, 54, 80143 Napoli NA, Italy",NA,351 869 8984,http://www.railwaytravel.it/,NOT AVAILABLE,https://maps.google.com/?cid=6018872972652993151
I Viaggi di Dory - Travel Agency s.r.l.,agenzie di viaggio,"Via Monte Faito, 86, 80144 Napoli NA, Italy",NA,081 1822 4421,http://iviaggididory.it/,NOT AVAILABLE,https://maps.google.com/?cid=18168791662641779210
Visit Amalfi Coast,agenzie di viaggio,"Via Piave, 156, 80126 Napoli NA, Italy",NA,334 351 0005,https://www.visitamalficoast.com/,NOT AVAILABLE,https://maps.google.com/?cid=10961152189199703086
Enjoy Napoli Tours,agenzie di viaggio,"Piazza Carlo III, 80141 Napoli NA, Italy",NA,379 134 4602,http://www.enjoytours.it/,NOT AVAILABLE,https://maps.google.com/?cid=10129993670032608722
I VIAGGI DEGLI AZZURRI,agenzie di viaggio,"Via Luigi Tansillo, 14, 80125 Napoli NA, Italy",NA,081 593 9290,NOT AVAILABLE,NOT AVAILABLE,https://maps.google.com/?cid=13670370381915761589
A.v.t. Travel,agenzie di viaggio,"Via Eduardo Suarez, 3, 80129 Napoli NA, Italy",NA,081 558 6592,http://www.avt-travel.it/,NOT AVAILABLE,https://maps.google.com/?cid=1200107062411211725
Schilizzi Viaggi,agenzie di viaggio,"Via Matteo Schilizzi, 9, 80133 Napoli NA, Italy",NA,081 497 1282,http://www.schilizziviaggi.it/,NOT AVAILABLE,https://maps.google.com/?cid=9828645461960379166
Emmeci Viaggi,agenzie di viaggio,"Via Girolamo Santacroce, 21, 80129 Napoli NA, Italy",NA,081 558 4575,https://emmeciviaggi.traveltool.it/,NOT AVAILABLE,https://maps.google.com/?cid=8255200999466400618
Planet Gaia Viaggi Srl,agenzie di viaggio,"Via Maria Vittoria, 41, 10123 Torino TO, Italy",TO,011 546385,https://www.pianetagaia.it/?utm_source=google&utm_medium=organic&utm_campaign=google_my_business,turismo@pianetagaia.it,https://maps.google.com/?cid=759702831247357265
Cercavacanze Srl,agenzie di viaggio,"Corso Trapani, 225, 10141 Torino TO, Italy",TO,011 380 3000,https://www.cercavacanze.it/viaggi/,info@cercavacanze.it,https://maps.google.com/?cid=11538605884409885163
IngitaInsieme,agenzie di viaggio,"Corso Peschiera, 138, 10141 Torino TO, Italy",TO,011 384 0001,https://ingitainsieme.com/,info@ingitainsieme.com,https://maps.google.com/?cid=13731979936738274569
Promotur Viaggi e Touring club,agenzie di viaggio,"Piazza Pitagora, 9, 10137 Torino TO, Italy",TO,011 301 8888,http://www.promoturviaggi.it/,webmail@promoturviaggi.it,https://maps.google.com/?cid=1273387372690222890
LA VITA VIAGGI,agenzie di viaggio,"Largo Giulio Cesare, 103/C, 10155 Torino TO, Italy",TO,388 876 6888,https://www.lavitatravels.com/,ticketing@lavitatravels.com,https://maps.google.com/?cid=13159260223763182619
Viaggi Pop,agenzie di viaggio,"C.so Orbassano, 350, 10137 Torino TO, Italy",TO,351 777 7244,https://viaggipop.it/,info@viaggipop.it,https://maps.google.com/?cid=13412095080166630838
Zagor Viaggi snc di Moglia Roberto e C.,agenzie di viaggio,"Via Principe Amedeo, 37, 10123 Torino TO, Italy",TO,011 884930,http://zagorviaggi.com/,info@zagorviaggi.com,https://maps.google.com/?cid=7554338615764943430
Agenzia Viaggi Triangolo D'oro Torino,agenzie di viaggio,"Via Luigi Cibrario, 15/A, 10143 Torino TO, Italy",TO,011 440 9052,http://www.triangolodoroviaggi.com/,info@triangolodoroviaggi.comindirizzovia,https://maps.google.com/?cid=6720032387548763049
Smiling Sun Travel,agenzie di viaggio,"C.so Vittorio Emanuele II, 9/E, 10125 Torino TO, Italy",TO,011 812 8697,https://www.sstviaggi.it/,NOT AVAILABLE,https://maps.google.com/?cid=1247773514332584112
Vivere e Viaggiare Torino - Agenzia Viaggi,agenzie di viaggio,"Corso Siracusa, 105, 10137 Torino TO, Italy",TO,011 329 2777,https://torinocorsosiracusa.vivereeviaggiare.it/,NOT AVAILABLE,https://maps.google.com/?cid=14101487007855063658
Compasviaggi Di Chendi Patrizia & C. (S.A.S.),agenzie di viaggio,"Corso Sebastopoli, 211/C, 10137 Torino TO, Italy",TO,011 351341,NOT AVAILABLE,NOT AVAILABLE,https://maps.google.com/?cid=1652915063378624318
Quattro Passi Viaggi,agenzie di viaggio,"Via Filadelfia, 121, 10137 Torino TO, Italy",TO,011 329 4779,http://www.4passi-viaggi.it/,agenzia@4passi-viaggi.it,https://maps.google.com/?cid=17178470124652826514
Il Mondo In Valigia,agenzie di viaggio,"V.Caraglio, 6, 10141 Torino TO, Italy",TO,011 773 2249,https://www.mondoinvaligia.net/?utm_source=GMB&utm_medium=Google%20my%20Business&utm_campaign=Traffico%20da%20GMB,info@mondoinvaligia.it,https://maps.google.com/?cid=7827532814179091910
Boulevard Viaggi,agenzie di viaggio,"Corso Casale, 44, 10131 Torino TO, Italy",TO,011 819 4055,http://www.boulevard.it/,NOT AVAILABLE,https://maps.google.com/?cid=5823135849785352866
Travel Agency Montgenevre,agenzie di viaggio,"Via Monginevro, 167, 10141 Torino TO, Italy",TO,346 311 7744,https://www.monginevroviaggi.com/,NOT AVAILABLE,https://maps.google.com/?cid=337595524586866025
Just Book & Travel,agenzie di viaggio,"C.so Inghilterra, 17 D, 10138 Torino TO, Italy",TO,011 382 7245,http://www.justbookandtravel.it/,NOT AVAILABLE,https://maps.google.com/?cid=1829244748110229204
Nottingham Viaggi,agenzie di viaggio,"Corso Racconigi, 123, 10141 Torino TO, Italy",TO,011 382 5310,https://www.nottinghamviaggi.it/,NOT AVAILABLE,https://maps.google.com/?cid=16911607893298249395
Bluvacanze Tesoriera,agenzie di viaggio,"C.so Francia, 255/d, 10139 Torino TO, Italy",TO,011 777 7481,https://viaggi.bluvacanze.it/store/bv-torino-tesoriera/,NOT AVAILABLE,https://maps.google.com/?cid=13178631602117492938
ALBERTA VIAGGI,agenzie di viaggio,"Via Accademia Albertina, 21a, 10123 Torino TO, Italy",TO,011 887718,http://www.albertaviaggi.com/,NOT AVAILABLE,https://maps.google.com/?cid=11751656824341542028
Cityrama Viaggi Torino,agenzie di viaggio,"Corso Alcide De Gasperi, 42/E, 10129 Torino TO, Italy",DE,011 505926,NOT AVAILABLE,NOT AVAILABLE,https://maps.google.com/?cid=12390184446913781209
Clips Tour Sas Torino,agenzie di viaggio,"Via Pietro Giuria, 42/B, 10126 Torino TO, Italy",TO,011 669 2700,http://www.clipstour.it/,NOT AVAILABLE,https://maps.google.com/?cid=391234882492791695
Il Cantuccio del Viaggiatore,agenzie di viaggio,"Corso Giovanni Agnelli, 14, 10137 Torino TO, Italy",TO,011 561 8239,http://www.ilcantucciodelviaggiatore.it/,info@ilcantucciodelviaggiatore.it,https://maps.google.com/?cid=9451215740289521088
GiraMondo Viaggi Torino,agenzie di viaggio,"Via Buenos Aires, 39/A, 10134 Torino TO, Italy",TO,348 261 9593,NOT AVAILABLE,NOT AVAILABLE,https://maps.google.com/?cid=13616665822816516169
G&CA VIAGGI,agenzie di viaggio,"Via Nizza, 133/A, 10126 Torino TO, Italy",TO,011 667 7464,http://www.gecaviaggi.eu/,info@gecaviaggi.euscopri,https://maps.google.com/?cid=11102461990103248709
Agenzia viaggi Lingotto Viaggi E Vacanze Torino,agenzie di viaggio,"Via Genova, 110, 10126 Torino TO, Italy",TO,011 696 0606,http://www.lingottoviaggi.it/,NOT AVAILABLE,https://maps.google.com/?cid=14043709657324298541
Cult Viaggi Di Turintur Snc,agenzie di viaggio,"Corso Racconigi, 30 TER, 10139 Torino TO, Italy",TO,011 382 8015,NOT AVAILABLE,NOT AVAILABLE,https://maps.google.com/?cid=7866667376359804171
ESL – Soggiorni linguistici,agenzie di viaggio,"Via Teofilo Rossi di Montelera, 3, 10123 Torino TO, Italy",TO,011 1921 0022,https://www.esl.it/it?utm_medium=organic&utm_source=googlemybusiness&utm_campaign=mainlink&utm_content=esl_torino,NOT AVAILABLE,https://maps.google.com/?cid=8394953833865523354
Wallace Turismo e co,agenzie di viaggio,"Via Assietta, 6, 10128 Torino TO, Italy",TO,011 569 3266,http://www.wallaceturismo.com/,info@wallaceturismo.com,https://maps.google.com/?cid=3094036584720894707
Buondi' Viaggi S.A.S.,agenzie di viaggio,"Corso Belgio, 70, 10153 Torino TO, Italy",TO,347 051 4848,http://www.buondiviaggi.org/,NOT AVAILABLE,https://maps.google.com/?cid=14249020469354374754
Tour-In Viaggi,agenzie di viaggio,"Via Ettore Stampini, 10, 10148 Torino TO, Italy",TO,011 225 9823,http://tourinviaggi.it/,NOT AVAILABLE,https://maps.google.com/?cid=12223297675473072863
Bluvacanze - Torino corso Giulio Cesare,agenzie di viaggio,"C.so Giulio Cesare, 51 B, 10152 Torino TO, Italy",TO,011 248 4413,https://bluvacanze.it/?utm_source=google&utm_medium=GMBSitelink&utm_campaign=GMBSitelink_Torino_1905,NOT AVAILABLE,https://maps.google.com/?cid=740256794465363169
Mastro Viaggiatore,agenzie di viaggio,"Via Vassalli Eandi, 18, 10138 Torino TO, Italy",TO,011 536 1930,https://mastroviaggiatore.it/,NOT AVAILABLE,https://maps.google.com/?cid=698166512670243992
Lumiere viaggi,agenzie di viaggio,"V. Cavour, 11, 10123 Torino TO, Italy",TO,NOT AVAILABLE,http://www.lumiereviaggi.it/,NOT AVAILABLE,https://maps.google.com/?cid=1473123889795122077
Tracce di Viaggi - Agenzia viaggi,agenzie di viaggio,"Corso Casale, 52, 10131 Torino TO, Italy",TO,011 819 1282,http://www.traccediviaggi.it/,info@traccediviaggi.it,https://maps.google.com/?cid=18275711843411789287
Travelastminute,agenzie di viaggio,"Via Magenta, 35, 10128 Torino TO, Italy",TO,NOT AVAILABLE,http://www.travelastminute.it/,NOT AVAILABLE,https://maps.google.com/?cid=10420919769211085704
TIDE Travel,agenzie di viaggio,"Via Candido Viberti, 11, 10141 Torino TO, Italy",TO,335 673 5115,http://www.tidetravel.it/,info@tidetravel.it,https://maps.google.com/?cid=2059798553002092408
Prendo e Parto Viaggi e Vacanze S.r.l.,agenzie di viaggio,"Via Luigi Cibrario, 39 / F, 10143 Torino TO, Italy",TO,011 489706,http://www.prendoeparto.it/,NOT AVAILABLE,https://maps.google.com/?cid=17565914243721004401
Vivere & Viaggiare Via Monfalcone Torino,agenzie di viaggio,"Via Monfalcone, 74/f, 10136 Torino TO, Italy",TO,011 329 4094,NOT AVAILABLE,NOT AVAILABLE,https://maps.google.com/?cid=82212547861969480
Agenzia Viaggi Interasse,agenzie di viaggio,"Via Francesco Lanfranchi, 2, 10131 Torino TO, Italy",TO,011 839 0517,https://www.interasse.it/,NOT AVAILABLE,https://maps.google.com/?cid=12136541879988425264
Viaggi 747 Di Pacicco Alfredo E C. Snc,agenzie di viaggio,"Via Milano, 13, 10122 Torino TO, Italy",TO,011 521 4395,NOT AVAILABLE,NOT AVAILABLE,https://maps.google.com/?cid=3649501788242127732
M.G.M. VIAGGI S.R.L.,agenzie di viaggio,"Via Giovanni Giolitti, 45, 10123 Torino TO, Italy",TO,011 817 7629,https://www.mgmviaggi.it/,NOT AVAILABLE,https://maps.google.com/?cid=4459342231672025507
S.Rita Viaggi,agenzie di viaggio,"Via Pomaro, 25, 10136 Torino TO, Italy",TO,011 1866 7977,http://www.sritaviaggi.com/,NOT AVAILABLE,https://maps.google.com/?cid=12374259167687930902
GPS Viaggi Srl,agenzie di viaggio,"Via Angelo Mosso, 8, 10146 Torino TO, Italy",TO,011 070 4510,http://www.gpsviaggi.it/,NOT AVAILABLE,https://maps.google.com/?cid=15336002362869922570
Falcini Viaggi,agenzie di viaggio,"C.so Francia, 2ter, 10143 Torino TO, Italy",TO,011 437 3544,https://falciniviaggi.it/,4373544irenefalcini@falciniviaggi.it,https://maps.google.com/?cid=453467090846552764
Somewhere Tours & Events,agenzie di viaggio,"Via Santa Chiara, 20, 10122 Torino TO, Italy",TO,NOT AVAILABLE,https://www.somewhere.it/,info@somewhere.it,https://maps.google.com/?cid=4573781255845630568
Vivere & Viaggiare - Torino Via Madama,agenzie di viaggio,"Via Madama Cristina, 84, 10126 Torino TO, Italy",TO,011 666 1777,https://viaggi.bluvacanze.it/?utm_source=google&utm_medium=GMBSitelink&utm_campaign=GMBSitelink_Torino_94,NOT AVAILABLE,https://maps.google.com/?cid=11928583674161091143
Agenzia Viaggi Nextravel,agenzie di viaggio,"Via Michele Coppino, 135, 10147 Torino TO, Italy",TO,011 291 9267,http://www.advnextravel.com/,info@advnextravel.comindirizzovia,https://maps.google.com/?cid=12562571426865175365
Agenzia Viaggi Avanti Tutta,agenzie di viaggio,"Corso Guglielmo Marconi, 19/b, 10125 Torino TO, Italy",TO,011 668 0149,http://www.avantitutta.it/,info@avantitutta.it,https://maps.google.com/?cid=11912544999693504559
Xplore Tour Operator,agenzie di viaggio,"Via Pietro Palmieri, 50, 10138 Torino TO, Italy",TO,011 881 2311,https://www.xploreamerica.it/,info@xploreamerica.it,https://maps.google.com/?cid=14180075798758796820
GiTravel - Gruppo Incentive Travel One,agenzie di viaggio,"Corso Massimo d'Azeglio, C/o Segesta, 8, 10125 Torino TO, Italy",TO,011 764 3157,http://www.gitravel.it/,info@gitravel.it,https://maps.google.com/?cid=15894956611368983293
Vivere & Viaggiare - Torino Via Chiesa Salute,agenzie di viaggio,"Via Chiesa della Salute, 68/e, 10147 Torino TO, Italy",TO,011 252656,https://viaggi.bluvacanze.it/?utm_source=google&utm_medium=GMBSitelink&utm_campaign=GMBSitelink_Torino_169,NOT AVAILABLE,https://maps.google.com/?cid=10789198974453249327
Agenzia Todos Viaggi - Venaria Reale Torino,agenzie di viaggio,"C.C. Galleria Auchan, Corso Giuseppe Garibaldi, 235, 10078 Venaria Reale TO, Italy",TO,011 455 7962,http://www.agenziatodos.it/,NOT AVAILABLE,https://maps.google.com/?cid=3772884872029451118
Tour Divini,agenzie di viaggio,"Strada del Lauro, 43, 10132 Torino TO, Italy",TO,335 632 6512,http://tourdivini.it/,tourdivini@tourdivini.com,https://maps.google.com/?cid=3433913241317972931
Agenzia Viaggi Valsangone,agenzie di viaggio,"Via Giaveno, 54/2, 10040 Rivalta di Torino TO, Italy",TO,011 901 3098,https://www.valsangoneviaggi.it/,NOT AVAILABLE,https://maps.google.com/?cid=6009970245897922835
Saili Viaggi,agenzie di viaggio,"Corso Alcide De Gasperi, 51/A, 10129 Torino TO, Italy",DE,011 580 5060,http://www.sailiviaggi.com/,NOT AVAILABLE,https://maps.google.com/?cid=7812990877350145558
Angolo di Mondo,agenzie di viaggio,"Via Rivalta, 56, 10141 Torino TO, Italy",TO,011 372 2623,http://www.angolodimondoviaggi.it/,NOT AVAILABLE,https://maps.google.com/?cid=9499913474345304299
Agenzia Viaggi Moditour,agenzie di viaggio,"Piazza Michelangelo Buonarroti, 3, 10040 Leini TO, Italy",TO,011 991 7098,http://www.moditour.it/,NOT AVAILABLE,https://maps.google.com/?cid=16148205675510495939
Agenzia Viaggi Elianto,agenzie di viaggio,"Via della Misericordia, 6, 10122 Torino TO, Italy",TO,011 561 2818,http://www.viaggielianto.it/,mailinfo@viaggielianto.it,https://maps.google.com/?cid=2996227942060544989
vivere e viaggiare corso vittorio emanuele torino,agenzie di viaggio,"C.so Vittorio Emanuele II, 68/B, 10121 Torino TO, Italy",TO,011 561 2093,NOT AVAILABLE,NOT AVAILABLE,https://maps.google.com/?cid=13394495365235513289
Agenzia Viaggi MOVE,agenzie di viaggio,"Corso Lecce, 47, 10145 Torino TO, Italy",TO,011 749 9734,https://www.facebook.com/moveviaggi.torino,NOT AVAILABLE,https://maps.google.com/?cid=8702687406562902299
Il Mondo Insieme,agenzie di viaggio,"Corso Principe Oddone, 10, 10122 Torino TO, Italy",TO,011 536 3009,NOT AVAILABLE,NOT AVAILABLE,https://maps.google.com/?cid=4570143008401738641
High Speed Travel,agenzie di viaggio,"Via Barletta, 37, 10137 Torino TO, Italy",TO,011 509 7110,https://agenziaviaggihighspeedtravel.it/,NOT AVAILABLE,https://maps.google.com/?cid=1773195730780067621
Nuova Premier Viaggi di Sebastiano Isgrò C. Sas,agenzie di viaggio,"C.so Giulio Cesare, 201, 10155 Torino TO, Italy",TO,011 246 4933,http://www.premierviaggi.com/,NOT AVAILABLE,https://maps.google.com/?cid=5906969858080333834
Accademia dei Viaggi,agenzie di viaggio,"Via Monginevro, 199/A, 10141 Torino TO, Italy",TO,011 780 0043,https://erikatraveldesign.com/,NOT AVAILABLE,https://maps.google.com/?cid=8509730506819273308
