name,niche,address,state,phone_number,website,email,result_url
Vivere e Viaggiare Roma Pittaluga-Bluvacanze,agenzie di viaggio,"Via Giovanni Pittaluga, 4, 00159 Roma RM, Italy",RM,06 4325 2797,https://www.vivereviaggiare.online/,NOT AVAILABLE,https://maps.google.com/?cid=5805290470767403350
Agenzia di Viaggi Flash Viaggi,agenzie di viaggio,"Via Appia Nuova, 276, 00183 Roma RM, Italy",RM,06 702 0415,https://flashviaggi.com/,NOT AVAILABLE,https://maps.google.com/?cid=12959371044232166374
Agenzia Viaggi SingleUp,agenzie di viaggio,"Piazza Filattiera, 33, 00139 Roma RM, Italy",RM,06 9480 3505,https://www.singleupviaggi.com/,NOT AVAILABLE,https://maps.google.com/?cid=5214317779654522737
Ali & Sof Viaggi,agenzie di viaggio,"Piazza Cesare de Cupis, 1/2, 00155 Roma RM, Italy",DE,06 2275 4662,https://www.alisof.it/,NOT AVAILABLE,https://maps.google.com/?cid=205049273268423077
T & G Travel - Travel Agency,agenzie di viaggio,"Via Mario Menghini, 32, 00179 Roma RM, Italy",RM,06 8983 6859,https://www.tgtravel.it/,NOT AVAILABLE,https://maps.google.com/?cid=2359748178203972601
Partecipa anche tu Travel,agenzie di viaggio,"Via dei Durantini, 141, 00157 Roma RM, Italy",RM,06 8667 8664,http://www.partecipaanchetutravel.it/,NOT AVAILABLE,https://maps.google.com/?cid=12190862023905507316
Safir Travel Agenzia Viaggi Roma,agenzie di viaggio,"Via Luigi Rizzo, 64, 00136 Roma RM, Italy",RM,06 9784 2097,https://safirtravel.it/,info@safirtravel.it,https://maps.google.com/?cid=14461740844657927541
Big Italy Viaggi e Turismo,agenzie di viaggio,"Via di Salone, 10, 00131 Roma RM, Italy",RM,06 8391 2259,http://www.bigitalyviaggieturismo.it/,NOT AVAILABLE,https://maps.google.com/?cid=1177232945248665182
4Viaggi,agenzie di viaggio,"Via Genzano, 133, 00179 Roma RM, Italy",RM,06 3209 2646,http://www.4viaggi.it/,viaggiamoinsieme@4viaggi.it,https://maps.google.com/?cid=7652198951119706204
Fly & Travel Valentina S.R.L,agenzie di viaggio,"Via Massa di San Giuliano, 411/413, 00132 Roma RM, Italy",RM,320 970 9476,https://flytravelvalentina.com/,info@flytravelvalentina.com,https://maps.google.com/?cid=7606759155838222592
Just Holiday,agenzie di viaggio,"Via Giuseppe Mantellini, 4A, 00179 Roma RM, Italy",RM,06 788 6026,http://www.justholidayviaggi.com/,NOT AVAILABLE,https://maps.google.com/?cid=15206323021216344881
BUSINESS CLASS VIAGGI - The Travel Lounge,agenzie di viaggio,"Via di Val Tellina, 11, 00151 Roma RM, Italy",RM,06 5820 5903,http://www.businessclassviaggi.it/,NOT AVAILABLE,https://maps.google.com/?cid=9198184351638906724
Speed Vacanze,agenzie di viaggio,"Via Boezio, 4C, 00193 Roma RM, Italy",RM,06 5654 9985,https://www.speedvacanze.it/,NOT AVAILABLE,https://maps.google.com/?cid=2670373318226535416
Fenio Viaggi - Ela Srl - Agenzia Viaggi Roma,agenzie di viaggio,"Via Pietro Maffi, 174, 00168 Roma RM, Italy",RM,06 301 4644,http://fenioviaggi.it/,info@fenioviaggi.it,https://maps.google.com/?cid=5359449664228153570
3L World - Viaggi di nozze su misura e matrimoni all'estero,agenzie di viaggio,"Via Alessandro Trotter, 3, 00156 Roma RM, Italy",RM,333 489 3281,https://www.3lworld.it/,info@3lworld.itt,https://maps.google.com/?cid=1492618155546908045
I Viaggi di Sildan,agenzie di viaggio,"Via Chisimaio, 6, 00199 Roma RM, Italy",RM,06 5160 0979,http://www.sildanviaggi.it/,NOT AVAILABLE,https://maps.google.com/?cid=12459244942494991124
SOGNANDO IL MONDO,agenzie di viaggio,"Via Prenestina, 1228, 00132 Roma RM, Italy",RM,06 2242 8510,http://www.sognandoilmondo.it/,NOT AVAILABLE,https://maps.google.com/?cid=16189108064418167433
Roman Holidays Viaggi e Tour Operator,agenzie di viaggio,"Via delle Vestali, 1-3, 00181 Roma RM, Italy",RM,06 4543 8573,http://www.romanholidays.net/,info@romanholidays.net,https://maps.google.com/?cid=8642535194142005711
The Italian vacation - Cral Reunited Tour Operator,agenzie di viaggio,"Viale Palmiro Togliatti, 1565, 00155 Roma RM, Italy",RM,06 406 3045,https://www.lavacanzaitaliana.it/,cralriuniti.comroby@lavacanzaitaliana.it,https://maps.google.com/?cid=5302926668154483907
Agenzia di Viaggi Summer And Winter,agenzie di viaggio,"Via Marco Valerio Corvo, 28, 00174 Roma RM, Italy",RM,06 7696 7500,https://www.summerandwinter.it/,NOT AVAILABLE,https://maps.google.com/?cid=18138530366659220329
Loma Viaggi,agenzie di viaggio,"Via dei Campi Flegrei, 27, 00141 Roma RM, Italy",RM,06 817 7482,https://www.lomaviaggi.com/,loma@lomaviaggi.com,https://maps.google.com/?cid=2498616644419106934
Astro Viaggi Sas di Daniele Moretti & Co.,agenzie di viaggio,"Largo Beato Placido Riccardi, 1, 00146 Roma RM, Italy",RM,06 541 1225,http://www.astrotimeviaggi.com/,NOT AVAILABLE,https://maps.google.com/?cid=5249170000488124747
"Viaggi D Gruppo - Tours con Aperitivo a Roma, Gite in Pullman e Viaggi di gruppo",agenzie di viaggio,"Via Domenico Ciampoli, 7, 00125 Roma RM, Italy",RM,06 5655 7264,http://www.viaggidgruppo.com/,info@viaggidgruppo.com,https://maps.google.com/?cid=3924896638403473632
Stilnovo Travel Srl,agenzie di viaggio,"SOLO SU APPUNTAMENTO) oppure online tramite videochiamata, Viale Eritrea, 31, 00199 Roma RM, Italy",RM,320 027 7818,NOT AVAILABLE,NOT AVAILABLE,https://maps.google.com/?cid=2684986177395976468
THE FREEWAY S.R.L.,agenzie di viaggio,"Viale Eritrea, 31, 00199 Roma RM, Italy",RM,06 860 6912,https://www.freewaytravel.it/,info@freewaytravel.it,https://maps.google.com/?cid=15463030945445426697
Avventure nel Mondo,agenzie di viaggio,"Largo Carlo Grigioni, 7, 00152 Roma RM, Italy",RM,NOT AVAILABLE,https://www.viaggiavventurenelmondo.it/,NOT AVAILABLE,https://maps.google.com/?cid=13944127695336197173
Agenzia Viaggi Mister Holiday Roma Boccea,agenzie di viaggio,"Via di Boccea, 635/B, 00166 Roma RM, Italy",RM,06 8395 4626,https://romaboccea.misterholiday.it/,romaboccea@misterholiday.it,https://maps.google.com/?cid=17449467527024912493
Al di là dei Sogni Viaggi,agenzie di viaggio,"Via Val Maira, 99, 00141 Roma RM, Italy",RM,06 8864 0050,http://www.aldiladeisogniviaggi.it/,NOT AVAILABLE,https://maps.google.com/?cid=11459610576764464814
Agenzia Viaggi Roma Vivere e Viaggiare Via dell'Aeroporto - Cisalpina,agenzie di viaggio,"Via dell'Aeroporto, 100, 00175 Roma RM, Italy",RM,06 7696 5782,https://romaviaeroporto.vivereeviaggiare.it/,NOT AVAILABLE,https://maps.google.com/?cid=12764894742104936871
Le Gastronaute Agenzia Viaggi,agenzie di viaggio,"Circonvallazione Gianicolense, 322, 00152 Roma RM, Italy",RM,06 4368 2783,http://legastronaute.it/,valeria@legastronaute.it,https://maps.google.com/?cid=4143432297197680092
Gauguin Viaggi Srl,agenzie di viaggio,"Viale Pantelleria, 11, 00141 Roma RM, Italy",RM,06 818 8209,http://www.gauguinviaggi.it/,NOT AVAILABLE,https://maps.google.com/?cid=15842330575844948472
Agenzia Viaggi The Partner - ROMA,agenzie di viaggio,"Via Germano Sommeiller, 13, 00185 Roma RM, Italy",RM,06 701 4861,http://www.thepartnerviaggi.it/,NOT AVAILABLE,https://maps.google.com/?cid=14675038388454694155
Il Pallino Dei Viaggi Sas Di Pietripaoli Andreina & C.,agenzie di viaggio,"Vle Tirreno, 93, 00141 Roma RM, Italy",RM,06 817 2192,NOT AVAILABLE,NOT AVAILABLE,https://maps.google.com/?cid=1056237944501242976
Manzoni Travel,agenzie di viaggio,"Via Emanuele Filiberto, 84, 00185 Roma RM, Italy",RM,06 709 6578,https://www.manzonitravel.com/,NOT AVAILABLE,https://maps.google.com/?cid=9780682558233102209
Montesacro Viaggi Roma,agenzie di viaggio,"Via Valle Corteno, 17, 00137 Roma RM, Italy",RM,06 9259 3499,https://www.montesacroviaggi.it/,info@montesacroviaggi.it,https://maps.google.com/?cid=11166921065369082028
Paesi del Mondo,agenzie di viaggio,"Via Canzone del Piave, 33a, 00143 Roma RM, Italy",RM,06 6453 0164,https://www.paesidelmondo.com/,NOT AVAILABLE,https://maps.google.com/?cid=13298976300787392473
ALICE E LA LUNA VIAGGI,agenzie di viaggio,"Via Adolfo Albertazzi, 53, 00137 Roma RM, Italy",RM,06 8777 2200,http://www.aliceelaluna.com/,agenzia@aliceelaluna.comseguicicookies,https://maps.google.com/?cid=17613845729723662646
Business Class Viaggi Filiale Roma Centro,agenzie di viaggio,"Via del Sudario, 24, 00186 Roma RM, Italy",RM,06 4544 6190,https://www.romacentro.businessclassviaggi.it/,NOT AVAILABLE,https://maps.google.com/?cid=9185814151543158785
Cavitravel Agenzia Viaggi,agenzie di viaggio,"Via Oderisi da Gubbio, 57, 00146 Roma RM, Italy",RM,06 559 2355,http://www.cavitravel.it/,NOT AVAILABLE,https://maps.google.com/?cid=4088528927309195139
Caesar Tour S.r.l. - Agenzia Roma Monteverde,agenzie di viaggio,"V.le Isacco Newton, 24, 00151 Roma RM, Italy",RM,06 9826 4700,http://www.caesartour.it/,NOT AVAILABLE,https://maps.google.com/?cid=6538566937526402622
Megghy Travel,agenzie di viaggio,"Via Camesena, 12, 00157 Roma RM, Italy",RM,06 8956 9469,http://megghytravel.com/,NOT AVAILABLE,https://maps.google.com/?cid=3688772993593273975
Tinky Winky Travel Tour Operator,agenzie di viaggio,"Via Collina, 50, 00187 Roma RM, Italy",RM,06 8746 2150,http://www.tinkywinky.it/,info@tinkywinky.it,https://maps.google.com/?cid=7363399763102946318
Royal Palm Viaggi e Vacanze,agenzie di viaggio,"90 C, Via Eschilo, 00125 Roma RM, Italy",RM,06 525 0150,NOT AVAILABLE,NOT AVAILABLE,https://maps.google.com/?cid=5095936548382389360
Agenzia Viaggi Roma | Emozionando Viaggi e Spettacoli,agenzie di viaggio,"Via Spinoza, 63, 00137 Roma RM, Italy",RM,06 8200 4727,http://www.facebook.com/emozionandoviaggi.it/?locale=it_IT,NOT AVAILABLE,https://maps.google.com/?cid=225833847475597773
AGENZIA VIAGGI COSTANTINI ROMA,agenzie di viaggio,"Via Nostra Signora di Lourdes, 110, 00167 Roma RM, Italy",RM,06 662 6954,http://www.costantiniviaggi.it/,NOT AVAILABLE,https://maps.google.com/?cid=13383879374572556465
CartOrange Viaggi su misura,agenzie di viaggio,"Via Fabio Massimo, 95, 00192 Roma RM, Italy",RM,06 7227 6278,http://www.cartorange.com/,cartorange@cartorange.com,https://maps.google.com/?cid=8262855452840695036
Crico' Viaggi Roma,agenzie di viaggio,"Via Diego Angeli, 104, 00159 Roma RM, Italy",RM,06 4353 5180,http://www.cricoviaggi.it/,NOT AVAILABLE,https://maps.google.com/?cid=11802319684741086117
Bluvacanze Vaticano,agenzie di viaggio,"Via dei Gracchi, 98, 00193 Roma RM, Italy",RM,389 203 8964,https://viaggi.bluvacanze.it/store/bv-roma-vaticano/,NOT AVAILABLE,https://maps.google.com/?cid=8123616800618073722
i viaggi di Carlotta srl,agenzie di viaggio,"Via di S. Paolo alla Regola, 33, 00186 Roma RM, Italy",RM,06 6992 5764,http://www.ilguscioviaggi.com/,items.info@ilguscioviaggi.com,https://maps.google.com/?cid=2083391688234913186
Al di là dei Sogni Viaggi,agenzie di viaggio,"Largo di S. Luca Evangelista, 6, 00176 Roma RM, Italy",RM,06 2780 0557,http://www.aldiladeisogniviaggi.it/,NOT AVAILABLE,https://maps.google.com/?cid=17667020186224053333
Bellezze di Roma,agenzie di viaggio,"Via della Giuliana, 40, 00195 Roma RM, Italy",RM,389 571 1466,http://www.bellezzediromatour.it/,info@bellezzediromatour.it,https://maps.google.com/?cid=9758750781463425232
Monteverde Viaggi,agenzie di viaggio,"Via di Monte Verde, 114, 00151 Roma RM, Italy",RM,06 4542 4195,https://www.unviaggiodasogno.it/,NOT AVAILABLE,https://maps.google.com/?cid=13821833214038757990
Luleka Experience,agenzie di viaggio,"Via degli Zingari, 59, 00184 Roma RM, Italy",RM,351 543 8639,NOT AVAILABLE,NOT AVAILABLE,https://maps.google.com/?cid=12096014689349681223
Bluvacanze Roma Fleming,agenzie di viaggio,"Via Antonio Serra, 38, 00191 Roma RM, Italy",RM,06 6921 6757,https://www.pittalugaviaggi.com/,NOT AVAILABLE,https://maps.google.com/?cid=6194219659360001664
Plaza Viaggi,agenzie di viaggio,"Via Giosuè Carducci, 22, 00187 Roma RM, Italy",RM,366 342 0907,https://plazzatravels.com/,info@plazzatravels.com,https://maps.google.com/?cid=2847588812692584208
Fadan Viaggi - S.R.L.,agenzie di viaggio,"Via Flaminia, 63, 00196 Roma RM, Italy",RM,06 321 7087,https://www.fadanviaggi.it/,NOT AVAILABLE,https://maps.google.com/?cid=3152084695664198243
Agenzia Viaggi ALLE FALDE DEL KILIMANJARO - Roma,agenzie di viaggio,"Via Palermo, 78/C, 00055 Ladispoli RM, Italy",RM,06 8953 4621,http://www.allefaldedelkilimanjaro.it/,NOT AVAILABLE,https://maps.google.com/?cid=17797664250203648133
Travel Elephant Tour Operator,agenzie di viaggio,"Via d'Ascanio, 8, 00186 Roma RM, Italy",RM,06 6051 3000,https://www.viaggidellelefante.it/,preventivi@viaggidellelefante.it,https://maps.google.com/?cid=1879785480646654012
GoGo Travel,agenzie di viaggio,"Via del Forte Tiburtino, 120, 00159 Roma RM, Italy",RM,06 8339 8048,https://www.gogotravel.eu/,booking@gogotravel.eu,https://maps.google.com/?cid=10398763261991838810
Impronte Viaggi,agenzie di viaggio,"Via di S. Croce in Gerusalemme, 77, 00185 Roma RM, Italy",IN,06 700 1909,https://www.impronteviaggi.it/,info@impronteviaggi.it,https://maps.google.com/?cid=12154350158707007901
Point In The World Srl,agenzie di viaggio,"Via Prenestina, 398, 00171 Roma RM, Italy",RM,06 2180 8000,https://www.puntonelmondo.it/,online@puntonelmondo.it,https://maps.google.com/?cid=6058541189364373229
Jurassic Travel,agenzie di viaggio,"Via Anco Marzio, 56, 00054 Fiumicino RM, Italy",RM,06 8902 4090,http://www.jurassic-travel.it/,NOT AVAILABLE,https://maps.google.com/?cid=9123890999318395080
ViaggiOggi srl,agenzie di viaggio,"Via Val Trompia, 136, 00141 Roma RM, Italy",RM,06 4890 3604,https://www.viaggioggi.it/,grecia@viaggioggi.it,https://maps.google.com/?cid=5782891998915069989
Trips Viaggi E Vacanze srls,agenzie di viaggio,"Via Ennio Bonifazi, 10/A, 00167 Roma RM, Italy",RM,06 662 3297,https://www.tripsviaggievacanze.it/,NOT AVAILABLE,https://maps.google.com/?cid=6262717665318783049
Trastevere Travel,agenzie di viaggio,"Viale di Trastevere, 248/interno 5, 00153 Roma RM, Italy",RM,06 5833 1163,http://epocatour.com/,info@epocatour.com,https://maps.google.com/?cid=2525760322428348344
Zemontour - Agenzia Viaggi Roma,agenzie di viaggio,"Via Flavio Domiziano, 38, 00145 Roma RM, Italy",RM,06 8958 5171,http://zemontour.it/,NOT AVAILABLE,https://maps.google.com/?cid=9597962985558434872
City Travel,agenzie di viaggio,"Via degli Scipioni, 27, 00192 Roma RM, Italy",RM,06 3975 4187,http://www.city-travel.it/,info@city-travel.it,https://maps.google.com/?cid=832331590901356220
Landimension Travel,agenzie di viaggio,"Vicolo di S. Nicola de' Cesarini, 4, 00186 Roma RM, Italy",RM,392 157 3353,http://www.landimensiontravel.it/,info@landimensiontravel.it,https://maps.google.com/?cid=4430407178943455174
L'Ammiraglia Viaggi Srl,agenzie di viaggio,"Via Giorgio Scalia, 3, 00136 Roma RM, Italy",RM,06 3974 0830,http://www.lammiragliaviaggi.com/,NOT AVAILABLE,https://maps.google.com/?cid=1635993308226604564
Insieme Viaggi,agenzie di viaggio,"Via Marco Ulpio Traiano, 60, 20149 Milano MI, Italy",MI,02 3300 2117,https://www.agenziaviaggiltc.it/,NOT AVAILABLE,https://maps.google.com/?cid=7222857888581631518
Viaggiatori Del Mondo,agenzie di viaggio,"Via Gioacchino Murat, 32, 20159 Milano MI, Italy",MI,02 8738 8064,http://www.viaggiatoridelmondo.it/,info@viaggiatoridelmondo.itindirizzovia,https://maps.google.com/?cid=11338900525413692226
Agenzia Viaggi Maison du Voyage,agenzie di viaggio,"Via Giambellino, 15, 20146 Milano MI, Italy",MI,02 4943 6581,http://www.maisonduvoyage.it/,preventivi@maisonduvoyage.it,https://maps.google.com/?cid=9025441671645348024
Dove Nel Mondo Viaggi,agenzie di viaggio,"Viale Monza, 160, 20127 Milano MI, Italy",MI,02 2700 0564,http://www.dovenelmondoviaggi.it/,agenzia@dovenelmondoviaggi.it,https://maps.google.com/?cid=15584033051680799121
JAMBO TOUR,agenzie di viaggio,"Via Giuseppe Ripamonti, 137, 20141 Milano MI, Italy",MI,02 4311 7337,http://www.jambotour.it/,jambo@jambotour.it,https://maps.google.com/?cid=8543071358920513020
Travel Gold World Agenzia Viaggi,agenzie di viaggio,"Via Pietro Borsieri, 32, 20159 Milano MI, Italy",MI,02 6682 3107,https://www.edenviaggi.it/dettaglio-agenzia/34384/travel-gold-world,NOT AVAILABLE,https://maps.google.com/?cid=11633930057125063176
Dove Vuoi Tour,agenzie di viaggio,"Via Alessandro Tadino, 19, 20124 Milano MI, Italy",MI,328 458 3813,https://www.dovevuoiasia.com/,NOT AVAILABLE,https://maps.google.com/?cid=15929237803429608265
Mi Guidi,agenzie di viaggio,"Via Stresa, 6, 20125 Milano MI, Italy",MI,328 384 6632,https://www.miguidi.it/,NOT AVAILABLE,https://maps.google.com/?cid=15273046264664919067
Agenzia Viaggi 5 Giornate,agenzie di viaggio,"Piazza Cinque Giornate, 15, 20129 Milano MI, Italy",MI,02 5519 4646,http://www.5giornate.it/,agenzia@5giornate.it,https://maps.google.com/?cid=11632687483843680624
Agenzia Viaggi Mister Holiday Milano,agenzie di viaggio,"Viale Umbria, 29, 20135 Milano MI, Italy",MI,02 5411 8915,https://www.misterholiday.it/,info@misterholiday.it,https://maps.google.com/?cid=3205430578664590328
Arenatours - Viaggi Esotici,agenzie di viaggio,"Viale Monza, 347, 20126 Milano MI, Italy",MI,02 0062 4923,https://arenatours.com/it/,hello@arenatours.com,https://maps.google.com/?cid=8865343480011959928
Il Salvagente Viaggi,agenzie di viaggio,"Via Lazzaro Papi, 12, 20135 Milano MI, Italy",MI,02 5412 1216,http://www.salvagenteviaggi.it/,NOT AVAILABLE,https://maps.google.com/?cid=8299500488555407715
Foppa Viaggi,agenzie di viaggio,"Via Vincenzo Foppa, 21, 20144 Milano MI, Italy",MI,346 865 9938,https://www.foppaviaggi.it/,prenotazioni@foppaviaggi.it,https://maps.google.com/?cid=4929149609420911175
Viaggi di Nozze network,agenzie di viaggio,"Via Gianfranco Zuretti, 50, 20125 Milano MI, Italy",MI,02 5810 0748,http://www.viaggidinozze.net/,NOT AVAILABLE,https://maps.google.com/?cid=78674652439560072
Milan Visitor Center - Zani Viaggi,agenzie di viaggio,"Largo Cairoli, 18, 20121 Milano MI, Italy",MI,02 867131,https://www.zaniviaggi.com/,NOT AVAILABLE,https://maps.google.com/?cid=18403191581837357674
Il Girasole Scurria Turismo S.R.L.,agenzie di viaggio,"Via Vincenzo Giordano Orsini, 16, 20147 Milano MI, Italy",MI,02 4009 1234,http://www.ilgirasoleviaggi.it/,info@ilgirasoleviaggi.it,https://maps.google.com/?cid=1170684025804868319
Cubamondo Viaggi S.R.L,agenzie di viaggio,"Via Veglia, 44, 20159 Milano MI, Italy",MI,02 3650 8554,http://www.cubamondoviaggi.it/,NOT AVAILABLE,https://maps.google.com/?cid=9076211200468085190
Bluvacanze Viale Monza Agenzia Viaggi,agenzie di viaggio,"Viale Monza, 87, 20125 Milano MI, Italy",MI,02 2611 6411,https://milanovialemonza.bluvacanze.it/,NOT AVAILABLE,https://maps.google.com/?cid=10456277358873248865
Dossier Viaggi,agenzie di viaggio,"Via Bartolomeo Eustachi, 16, 20129 Milano MI, Italy",MI,02 2952 3641,http://www.viaggidossier.it/,info@viaggidossier.itp.iva,https://maps.google.com/?cid=3671227480119085811
Superviaggi Milano,agenzie di viaggio,"Via Giovanni Boccaccio, 19, 20123 Milano MI, Italy",MI,02 4819 5202,http://www.superviaggi.com/,agenzia@superviaggi.com,https://maps.google.com/?cid=7203392449355808612
Viaggimmagine - Viaggi su misura,agenzie di viaggio,"Via Giuseppe Govone, 30, 20155 Milano MI, Italy",MI,02 3361 1823,https://viaggimmagine.it/,NOT AVAILABLE,https://maps.google.com/?cid=1680806595930551343
La Bussola On The Road,agenzie di viaggio,"Via Altaguardia, 1, 20135 Milano MI, Italy",MI,02 8219 6055,https://www.labussola.it/,info@labussola.itper,https://maps.google.com/?cid=16920532452517216403
Agenzia Viaggi Matamis,agenzie di viaggio,"Viale Monza, 271, 20126 Milano MI, Italy",MI,02 3653 0427,https://www.matamisviaggi.it/,NOT AVAILABLE,https://maps.google.com/?cid=4168417763197825901
Proposta Viaggi,agenzie di viaggio,"Via Feltre, 1, 20132 Milano MI, Italy",MI,02 264 0347,http://www.propostaviaggi.it/,NOT AVAILABLE,https://maps.google.com/?cid=15312227532803748579
Viaggio & Apprendo,agenzie di viaggio,"Viale Corsica, 95, 20133 Milano MI, Italy",MI,02 4312 8062,http://www.viaggioeapprendo.it/,8062info@viaggioeapprendo.it,https://maps.google.com/?cid=6407411834183109472
Agenzia Viaggi TU VIAGGI,agenzie di viaggio,"Viale Cassala, 75, 20143 Milano MI, Italy",MI,02 8942 2109,http://www.tuviaggimilano.com/,NOT AVAILABLE,https://maps.google.com/?cid=14466006438242293951
Agenzia viaggi Il viaggio nel cassetto,agenzie di viaggio,"Via Antonio Grossich, 29, 20131 Milano MI, Italy",MI,02 8969 7824,http://www.ilviaggionelcassetto.it/,NOT AVAILABLE,https://maps.google.com/?cid=1413363951601119269
Viaggi Stellari,agenzie di viaggio,"C.so Lodi, 6/A, 20135 Milano MI, Italy",MI,02 4952 9042,http://www.viaggistellari.net/,info@viaggistellari.netindirizzocorso,https://maps.google.com/?cid=11217535039823833388
SBS Viaggi,agenzie di viaggio,"Via Bagutta, 13, 20121 Milano MI, Italy",MI,349 582 6932,https://sbsviaggi.it/?utm_source=google&utm_medium=business-profile&utm_campaign=local,info@sbsviaggi.it,https://maps.google.com/?cid=6334974279506327206
bluviaggi,agenzie di viaggio,"Via Domenico Cimarosa, 12/3, 20144 Milano MI, Italy",MI,02 4810 0154,http://www.bluviaggi.com/,NOT AVAILABLE,https://maps.google.com/?cid=8864326012393500729
Visti,agenzie di viaggio,"Via della Moscova, 13, 20121 Milano MI, Italy",MI,NOT AVAILABLE,https://visti.it/,NOT AVAILABLE,https://maps.google.com/?cid=17496087198768519194
Madame Voyage,agenzie di viaggio,"Viale Daniele Ranzoni, 17, 20149 Milano MI, Italy",MI,02 9899 4311,http://www.madamevoyage.it/,NOT AVAILABLE,https://maps.google.com/?cid=10540814569397356859
MOVE SRL - Agenzia Viaggi - Esperienze su Misura,agenzie di viaggio,"Via Palermo 20, Corso Garibaldi, 60, 20121 Milano MI, Italy",MI,02 7865 6590,http://www.moveviaggi.com/,scrivicibooking@moveviaggi.com,https://maps.google.com/?cid=2174747953398416294
BarbaViaggi,agenzie di viaggio,"Via Bagutta, 13, 20121 Milano MI, Italy",MI,378 304 0650,http://www.barbaviaggi.it/,NOT AVAILABLE,https://maps.google.com/?cid=12858773371196320699
World Explorer - Viaggi Su Misura | Tour Operator Milano,agenzie di viaggio,"Consigliamo di chiamare per prendere un appuntamento, Piazza Gerusalemme, 4, 20154 Milano MI, Italy",MI,02 3206 0101,https://www.worldexplorer.it/,viaggi@worldexplorer.it,https://maps.google.com/?cid=13713584280605004353
Hortensia Viaggi di Silvia Farano,agenzie di viaggio,"Via Giorgio Washington, 105, 20146 Milano MI, Italy",MI,02 3651 6498,https://www.hortensiaviaggi.it/,silvia@hortensiaviaggi.it,https://maps.google.com/?cid=7522966122741298916
Last Minute Tour UVET VIAGGI Milano - Agenzia Viaggi,agenzie di viaggio,"Via Ponte Seveso, 23, 20125 Milano MI, Italy",MI,02 6698 9323,https://www.artravelservice.com/,NOT AVAILABLE,https://maps.google.com/?cid=9913691647789258868
Travel Agency Solemania,agenzie di viaggio,"Via Giuseppe Meda, 5, 20136 Milano MI, Italy",MI,02 8941 5935,https://www.viaggisolemania.it/,info@viaggisolemania.it,https://maps.google.com/?cid=17546512778347388178
Aliviaggi Tour Operator S.R.L.,agenzie di viaggio,"Piazza Po, 6, 20144 Milano MI, Italy",PO,02 4801 7171,http://www.aliviaggi.it/,NOT AVAILABLE,https://maps.google.com/?cid=9231172761209876934
Loft StudioViaggi,agenzie di viaggio,"Via Luigi Porro Lambertenghi, 12, 20159 Milano MI, Italy",MI,02 2809 5531,https://www.loftviaggi.it/,info@loftviaggi.it,https://maps.google.com/?cid=12955699465422791115
Bianco Viaggi Pellegrinaggi,agenzie di viaggio,"Corso Europa, 15, 20122 Milano MI, Italy",MI,02 8717 7099,https://www.biancoviaggi.com/,87177099info@biancoviaggi.comdestinazioni,https://maps.google.com/?cid=5300542691083938094
Friendly Travel di Fima Viaggi e Turismo,agenzie di viaggio,"Via Achille Zezon, 5, 20124 Milano MI, Italy",MI,02 6698 2128,http://www.fimaviaggieturismo.it/,NOT AVAILABLE,https://maps.google.com/?cid=6492704737865915938
Adventure Overland - Agenzia Viaggi di Overland Network srl,agenzie di viaggio,"Viale Paolo Onorato Vigliani, 21, 20148 Milano MI, Italy",MI,02 3360 9360,http://www.overland-viaggi.com/,NOT AVAILABLE,https://maps.google.com/?cid=8492476546256507476
Skyline Travel - Agenzia Viaggi - Flight Tickets Agent,agenzie di viaggio,"Via Vitruvio, 43, 20124 Milano MI, Italy",MI,02 6671 1143,http://www.skylinetravel.it/,info@skylinetravel.it,https://maps.google.com/?cid=5865608330231990889
Viaggi e Visti,agenzie di viaggio,"Corso Ventidue Marzo, 36, 20134 Milano MI, Italy",MI,02 8202 7535,http://viaggievisti.com/,NOT AVAILABLE,https://maps.google.com/?cid=1513169135717378702
Nessie Viaggi,agenzie di viaggio,"Via Edmondo de Amicis, 30, 20123 Milano MI, Italy",DE,02 8699 8613,https://nessieviaggi.com/,8613nessie@nessieviaggi.it,https://maps.google.com/?cid=3609697088247412505
New Wings Travel and Tourism,agenzie di viaggio,"Corso Vercelli, 62, 20145 Milano MI, Italy",MI,02 4819 3351,https://www.nuoveali.it/,nuoveali@nuoveali.it,https://maps.google.com/?cid=233309023015745527
Bluvacanze - Milano corso Garibaldi,agenzie di viaggio,"Corso Garibaldi, 24, 20121 Milano MI, Italy",MI,02 8353 3377,https://bluvacanze.it/?utm_source=google&utm_medium=GMBSitelink&utm_campaign=GMBSitelink_Milano_419,NOT AVAILABLE,https://maps.google.com/?cid=11957379130044676434
Insieme Viaggi,agenzie di viaggio,"Via Marco Ulpio Traiano, 60, 20149 Milano MI, Italy",MI,02 3300 2117,https://www.agenziaviaggiltc.it/,NOT AVAILABLE,https://maps.google.com/?cid=6950501246258193571
Lets.it Last Minute Holidays,agenzie di viaggio,"Piazzale Giulio Cesare, 14, 20145 Milano MI, Italy",MI,02 255 3125,https://www.lets.it/,info@lets.it,https://maps.google.com/?cid=392441473896257975
L'astrolabio Agenzia Viaggi Milano,agenzie di viaggio,"Via Monte Rosa, 20 Zona, 20149 Milano MI, Italy",MI,02 4819 5202,NOT AVAILABLE,NOT AVAILABLE,https://maps.google.com/?cid=11482109757156400155
Eurotarget Viaggi Srl,agenzie di viaggio,"P.za Ventiquattro Maggio, 7, 20136 Milano MI, Italy",MI,02 4127 0711,http://www.eurotargetviaggi.it/,info@eurotargetviaggi.it,https://maps.google.com/?cid=11681186834261943720
Vuela - Biglietteria aerea,agenzie di viaggio,"Via Padova, Via Francesco Predabissi, 60, 20131 Milano MI, Italy",MI,02 2680 9117,http://www.vuelaonline.com/,NOT AVAILABLE,https://maps.google.com/?cid=4424948957567865545
Berzabò Agenzia di Viaggi,agenzie di viaggio,"Via Friuli, Via Comelico, 51, 20135 Milano MI, Italy",MI,02 5412 2472,https://berzaboviaggi.it/,NOT AVAILABLE,https://maps.google.com/?cid=13931718972374783871
WeRoad - Viaggi di gruppo,agenzie di viaggio,"Viale Cassala, 30, 20143 Milano MI, Italy",MI,348 423 1163,https://www.weroad.it/,NOT AVAILABLE,https://maps.google.com/?cid=2760035949172126335
ESL – Soggiorni linguistici,agenzie di viaggio,"Via Montebello, 27, 20121 Milano MI, Italy",MI,02 8905 8444,https://www.esl.it/it?utm_medium=organic&utm_source=googlemybusiness&utm_campaign=mainlink&utm_content=esl_milano,NOT AVAILABLE,https://maps.google.com/?cid=4230831657642287120
Aquilone Viaggi (S.R.L.),agenzie di viaggio,"V.le Sabotino, 38, 20135 Milano MI, Italy",MI,02 5831 8500,https://www.aquilone.com/,NOT AVAILABLE,https://maps.google.com/?cid=5709868806722805982
Welcome Travel Shop,agenzie di viaggio,"Via Crocefisso, 3, 20122 Milano MI, Italy",MI,02 802 7721,http://www.welcometravelshop.it/,NOT AVAILABLE,https://maps.google.com/?cid=14059570489312885187
Lunettes Viaggi Milano,agenzie di viaggio,"Via Angelo Poliziano, 10, 20154 Milano MI, Italy",MI,02 3453 0329,http://www.lunettesviaggi.it/,info@lunettesviaggi.itindirizzovia,https://maps.google.com/?cid=7633479243248354358
Pica Flor Viaggi,agenzie di viaggio,"Via Sebino, 2, 20137 Milano MI, Italy",MI,02 8738 1793,https://picaflorviaggi.it/,NOT AVAILABLE,https://maps.google.com/?cid=11396589288405859537
Milanoguida | Visite Guidate e Mostre a Milano,agenzie di viaggio,"Via Alessandro Tadino, 29A, 20124 Milano MI, Italy",MI,02 3598 1535,https://www.milanoguida.com/,info@milanoguida.com,https://maps.google.com/?cid=2388641006274721276
Acànto Milano - L'Accento sull'Arte,agenzie di viaggio,"Via Francesco Soave, 24, 20135 Milano MI, Italy",MI,339 833 1443,https://www.acantomilano.it/?utm_source=google&utm_medium=organic&utm_campaign=GoogleMyBusiness,info@acantomilano.it,https://maps.google.com/?cid=17538153078392925786
Amo Viaggiare Agenzia Viaggi,agenzie di viaggio,"Via Rembrandt, 60, 20148 Milano MI, Italy",MI,02 9166 2806,https://www.amoviaggiare.it/,info@amoviaggiare.it,https://maps.google.com/?cid=7387100148473122471
Stelema Viaggi Srl,agenzie di viaggio,"Via Figino, 1/D, 20016 Pero MI, Italy",MI,02 3954 0143,http://www.stelemaviaggi.it/,02-39540143info@stelemaviaggi.it,https://maps.google.com/?cid=823598327779739130
2nd Chance Travels | Agenzia Viaggi,agenzie di viaggio,"Viale Stelvio, 16, 20159 Milano MI, Italy",MI,02 9161 6308,https://2ndchance.travel/,info@2ndchancetravels.com,https://maps.google.com/?cid=5788885475914560089
Feliz Viaje,agenzie di viaggio,"Via Padova, 154, 20132 Milano MI, Italy",MI,02 3679 9610,http://vuelos.felizviaje.it/,NOT AVAILABLE,https://maps.google.com/?cid=9566741357949299543
Bluvacanze - Milano via Padova,agenzie di viaggio,"Via Padova, 209, 20127 Milano MI, Italy",MI,02 2720 6239,https://bluvacanze.it/?utm_source=google&utm_medium=GMBSitelink&utm_campaign=GMBSitelink_Milano_310,NOT AVAILABLE,https://maps.google.com/?cid=1683208856599086942
Jackie 'O Viaggi di Lusso,agenzie di viaggio,"Piazza del Liberty, 1, 20121 Milano MI, Italy",MI,02 8698 4304,https://www.jackieoviaggi.it/,info@jackieoviaggi.itthis,https://maps.google.com/?cid=11975354138110476313
P7 Viaggi,agenzie di viaggio,"Via Piero della Francesca, 7, 20154 Milano MI, Italy",MI,02 3459 2331,NOT AVAILABLE,NOT AVAILABLE,https://maps.google.com/?cid=16556436518077278311
African Explorer | Viaggi e Safari in Africa,agenzie di viaggio,"Consigliamo di chiamare per prendere un appuntamento, Piazza Gerusalemme, 4, 20154 Milano MI, Italy",MI,02 3206 0101,https://www.africanexplorer.com/,info@africanexplorer.com,https://maps.google.com/?cid=15142763538290601437
VAXVI TOUR,agenzie di viaggio,"Via Pietro Marocco, 15, 20127 Milano MI, Italy",MI,02 3982 3141,http://www.vaxvi.com/,viaggio.info@vaxvi.com,https://maps.google.com/?cid=14069504446520015255
I VIAGGI IN UN CIAK agenzia viaggi,agenzie di viaggio,"Via Gerolamo Arganini, 23, 20162 Milano MI, Italy",MI,329 333 8027,http://www.iviaggiinunciak.com/,NOT AVAILABLE,https://maps.google.com/?cid=12528605644969797274
Taverviaggi S.R.L.,agenzie di viaggio,"Via della Moscova, 7, 20121 Milano MI, Italy",MI,02 659 9111,http://www.taverviaggi.it/,taver.milano@taverviaggi.it,https://maps.google.com/?cid=4887869956600883320
Punto Touring Milan,agenzie di viaggio,"Corso Italia, 10, 20122 Milano MI, Italy",MI,02 852 6760,http://www.touringclub.it/,prontotouring@touringclub.it,https://maps.google.com/?cid=7988110060828577985
Zebra Viaggi,agenzie di viaggio,"Via Rubens, 28, 20148 Milano MI, Italy",MI,02 4007 0045,http://www.zebraviaggi.it/,paolo@zebraviaggi.com,https://maps.google.com/?cid=8037939777889922958
Marcelo Viaggi,agenzie di viaggio,"Via Privata Don Bartolomeo Grazioli, 4, 20161 Milano MI, Italy",MI,02 645 4941,NOT AVAILABLE,NOT AVAILABLE,https://maps.google.com/?cid=1283611147629143362
Gattinoni Travel Point Milano - Piazza Imperatore Tito,agenzie di viaggio,"P.za Imperatore Tito, 5, 20137 Milano MI, Italy",MI,02 5990 1604,https://piazzatito.gattinonipoint.it/,piazzatito@gattinonipoint.itindirizzopiazza,https://maps.google.com/?cid=12744463201700916459
Altrove Viaggi,agenzie di viaggio,"Via Padova, 156, 20132 Milano MI, Italy",MI,02 2614 9797,NOT AVAILABLE,NOT AVAILABLE,https://maps.google.com/?cid=14200945908971482450
Viaggi Buonarroti (S.r.l.),agenzie di viaggio,"Via Michelangelo Buonarroti, 18, 20145 Milano MI, Italy",MI,02 498 5401,https://www.viaggi-buonarroti.it/,NOT AVAILABLE,https://maps.google.com/?cid=16423616955610208241
Flacrys Viaggi,agenzie di viaggio,"Via Evangelista Torricelli, 8, 20136 Milano MI, Italy",MI,02 8940 1644,http://www.flacrysviaggi.it/,NOT AVAILABLE,https://maps.google.com/?cid=508344380057180531
Agenzia viaggi Milano - Shaula Viaggi S.R.L.,agenzie di viaggio,"Via Gian Rinaldo Carli, 15, 20161 Milano MI, Italy",MI,02 646 1549,http://www.shaulaviaggi.com/,NOT AVAILABLE,https://maps.google.com/?cid=14266383232735473379
Schooner Viaggi,agenzie di viaggio,"Piazza Velasca, 6, 20122 Milano MI, Italy",MI,02 7200 3365,http://www.schoonerviaggi.com/it/contatti/,turismo@schoonerviaggi.it,https://maps.google.com/?cid=263278448792477679
Viaggia Quasi Gratis,agenzie di viaggio,"Via Giuseppe Buonocore, 31/33,35, 80143 Napoli NA, Italy",NA,081 562 2821,http://www.viaggiaquasigratis.com/,NOT AVAILABLE,https://maps.google.com/?cid=17341733794634760917
Agenzia - Avenida Viaggi - Napoli,agenzie di viaggio,"Via Tommaso Caravita, 22, 80134 Napoli NA, Italy",NA,081 1957 6737,http://www.avenidaviaggi.it/,NOT AVAILABLE,https://maps.google.com/?cid=13450540055846565395
Scoop Travel Service S.r.l.,agenzie di viaggio,"Via Gian Lorenzo Bernini, 90a, 80129 Napoli NA, Italy",NA,081 556 4898,https://www.scooptravel.it/,operativo@scooptravel.it,https://maps.google.com/?cid=8699170797921568825
Gondwana Viaggi,agenzie di viaggio,"Piazza Gian Battista Vico, 43, 80137 Napoli NA, Italy",NA,081 780 9590,NOT AVAILABLE,NOT AVAILABLE,https://maps.google.com/?cid=4129411735336480985
Agenzia di Viaggi Marytour Napoli,agenzie di viaggio,"Via dei Fiorentini, 47/49, 80133 Napoli NA, Italy",NA,081 551 0512,https://www.marytour.it/,NOT AVAILABLE,https://maps.google.com/?cid=10138060725045570468
AGENZIA VIAGGI DOVE C'E' IL MARE NAPOLI,agenzie di viaggio,"C.so S. Giovanni a Teduccio, 838, 80146 Napoli NA, Italy",NA,081 1887 0818,https://www.doveceilmare.it/,NOT AVAILABLE,https://maps.google.com/?cid=10537483343141886106
Mister White Travel,agenzie di viaggio,"Piazza Giovanni Bovio, 20, 80133 Napoli NA, Italy",NA,081 551 2478,http://www.misterwhitetravel.it/,NOT AVAILABLE,https://maps.google.com/?cid=12217346640047471106
Venezuelana Agenzia di viaggi,agenzie di viaggio,"Viale Colli Aminei, 134, 80131 Napoli NA, Italy",NA,081 1981 0287,http://venezuelanatours.com/,NOT AVAILABLE,https://maps.google.com/?cid=12420509856232049250
La Casa di Tourist,agenzie di viaggio,"Via Chiaia, 216, 80132 Napoli NA, Italy",NA,081 376 8725,https://www.lacasaditourist.com/,info@lacasaditourist.comloginlogin,https://maps.google.com/?cid=14026582657673974294
Travel Tips - Agenzia di Viaggi,agenzie di viaggio,"Via Orazio, 149 A, 80122 Napoli NA, Italy",NA,081 640041,http://www.traveltips.it/,info@traveltips.itcontattaciil,https://maps.google.com/?cid=6501984477581658027
Lab. Gialù,agenzie di viaggio,"V. Salvator Rosa, 80136 Napoli NA, Italy",NA,081 1956 7312,http://www.piratinviaggio.com/,info@piratinviaggio.com,https://maps.google.com/?cid=16549160935333706663
Agenzia Che Viaggio,agenzie di viaggio,"Via Giuseppe di Vittorio, 70, 80029 Sant'Antimo NA, Italy",NA,081 843 4124,https://www.agenziacheviaggio.it/,info@agenziacheviaggio.it,https://maps.google.com/?cid=15182976260800056169
"Agenzia viaggi ""Turistas viaggi da sogno"" Napoli",agenzie di viaggio,"Strada Provinciale Madonnelle, 101, 80147 Napoli NA, Italy",NA,081 1867 1722,http://www.turistasviaggi.it/,NOT AVAILABLE,https://maps.google.com/?cid=15504432737791716242
Sefar Said Viaggi,agenzie di viaggio,"Viale Colli Aminei, 385, 80131 Napoli NA, Italy",NA,081 743 4372,https://www.facebook.com/sefarsaidviaggi/,NOT AVAILABLE,https://maps.google.com/?cid=13356827014678919951
Fancy Tour,agenzie di viaggio,"Via Francesco Petrarca, 161, 80122 Napoli NA, Italy",NA,081 575 2442,https://www.fancy.it/,info@fancy.it,https://maps.google.com/?cid=3828518802875174536
GREETINGS FROM ... Travel & Tourism,agenzie di viaggio,"Via Antonio Tari, 18, 80138 Napoli NA, Italy",NA,081 563 4261,http://www.salutida.com/,info@salutida.com,https://maps.google.com/?cid=16065812251773089946
Mergellina Travel S.R.L.,agenzie di viaggio,"C.so Vittorio Emanuele, 19/20, 80122 Napoli NA, Italy",NA,081 761 8672,http://www.mergellinatravel.it/,NOT AVAILABLE,https://maps.google.com/?cid=3079610152335716127
Si Travel Napoli Vomero,agenzie di viaggio,"Via Sigmund Freud, 59, 80131 Napoli NA, Italy",NA,081 545 4200,https://www.facebook.com/freud59,NOT AVAILABLE,https://maps.google.com/?cid=11281415873500849008
Chiaia Viaggi di Daver Sas,agenzie di viaggio,"Largo Ferrandina, 1, 80121 Napoli NA, Italy",NA,081 1957 4904,http://chiaiaviaggi.it/,info@chiaiaviaggi.itindirizzolargo,https://maps.google.com/?cid=3331531500320854308
inStazione servizi turistici,agenzie di viaggio,"P.za Giuseppe Garibaldi, 80142 Napoli NA, Italy",NA,388 076 9471,https://instazione.it/,NOT AVAILABLE,https://maps.google.com/?cid=9908927097641176045
Agenzia Leoga Viaggi - Napoli Self Tour,agenzie di viaggio,"Via Stella, 136, 80137 Napoli NA, Italy",NA,081 557 1101,https://www.leogaviaggi.com/,NOT AVAILABLE,https://maps.google.com/?cid=1181545817743492025
corazontravels,agenzie di viaggio,"Via Nuovo Tempio, 169, 80144 Napoli NA, Italy",NA,081 1951 1006,NOT AVAILABLE,NOT AVAILABLE,https://maps.google.com/?cid=16674887162032265234
Vomero Travel srl,agenzie di viaggio,"Via S. Gennaro Ad Antignano, 88/90/92, 80129 Napoli NA, Italy",NA,081 578 0355,http://www.vomerotravel.it/,NOT AVAILABLE,https://maps.google.com/?cid=6701124450921353043
Kiwi Viaggi Napoli,agenzie di viaggio,"Corso Arnaldo Lucci, 51, 80142 Napoli NA, Italy",NA,081 1956 6019,https://www.kiwiviaggi.it/,info@kiwiviaggi.it,https://maps.google.com/?cid=14052853437355295225
Furore Viaggi,agenzie di viaggio,"Via Pablo Picasso, 26, 80126 Napoli NA, Italy",NA,081 588 8921,https://www.furoreviaggi.it/,NOT AVAILABLE,https://maps.google.com/?cid=6972296372412277805
Schema Vacanze Agenzia Viaggi - Tour Operator,agenzie di viaggio,"Centro direzionale, is. g1, Via Giovanni Porzio, 4, 80143 Napoli NA, Italy",NA,081 767 0387,https://www.schemavacanze.it/,info@schemavacanze.it,https://maps.google.com/?cid=11125191744810576272
Dimmi Dove e Quando srl,agenzie di viaggio,"Via Colonnello Carlo Lahalle, 11, 80141 Napoli NA, Italy",NA,350 942 9339,https://www.instagram.com/dimmidoveequando_official?igsh=Nm92dDNydjBlYm01,NOT AVAILABLE,https://maps.google.com/?cid=12926185383537174289
TuristaGO di M.R. Viaggi Srl,agenzie di viaggio,"Via Pallucci, 45, 80126 Napoli NA, Italy",NA,081 726 7976,https://turistago.com/,NOT AVAILABLE,https://maps.google.com/?cid=9021942179138496376
Agenzia di Viaggi Gedimax Sas,agenzie di viaggio,"Via Cardinale Guglielmo Sanfelice, 38, 80134 Napoli NA, Italy",NA,081 420 3602,http://www.gedimaxviaggi.it/,NOT AVAILABLE,https://maps.google.com/?cid=15870034589898949829
Odino Viaggi,agenzie di viaggio,"C.so Vittorio Emanuele, 88 a/b, 80121 Napoli NA, Italy",NA,081 248 2145,http://www.odinoviaggi.it/,NOT AVAILABLE,https://maps.google.com/?cid=5369990838605341236
Mama Tours Travel Designer,agenzie di viaggio,"Piazza delle Medaglie D'Oro, 41, 80129 Napoli NA, Italy",NA,081 578 9292,http://www.mamatours.it/,info@mamatours.com,https://maps.google.com/?cid=4399368533656705643
Agenzia Viaggi Skeea Travel -Napoli,agenzie di viaggio,"Corso Bruno Buozzi, 203, 80147 Napoli NA, Italy",NA,081 1895 6398,http://www.skeeatravel.com/,NOT AVAILABLE,https://maps.google.com/?cid=211916553355545586
Agenzia Viaggi Landia Napoli,agenzie di viaggio,"Corso Secondigliano, 550, 80144 Napoli NA, Italy",NA,081 543 6329,http://www.viaggilandia.it/,NOT AVAILABLE,https://maps.google.com/?cid=3274696873982424229
Emily Travel S.a.s.,agenzie di viaggio,"Via Antonio Sogliano, 14, 80137 Napoli NA, Italy",NA,081 1883 3367,http://www.emilytravel.it/,NOT AVAILABLE,https://maps.google.com/?cid=10273350531640425534
Partenze In Corso,agenzie di viaggio,"P.za Municipio, 88, 80133 Napoli NA, Italy",NA,081 1851 9828,http://www.partenzeincorso.it/,NOT AVAILABLE,https://maps.google.com/?cid=5755416840298885697
Viaggi Insoliti per Conoscere il Mondo di Free Time sas di Scanu Antonio e C.,agenzie di viaggio,"Via Ponte di Tappia, 43, 80133 Napoli NA, Italy",NA,081 552 7878,NOT AVAILABLE,NOT AVAILABLE,https://maps.google.com/?cid=10738978698447214885
Viaggiamoci Su,agenzie di viaggio,"Via Emilio Scaglione, 450, 80145 Napoli NA, Italy",NA,081 1956 7994,http://www.viaggiamocisu.it/,NOT AVAILABLE,https://maps.google.com/?cid=3506192054777582018
Trial Travel,agenzie di viaggio,"Via Guglielmo Melisurgo, 4, 80133 Napoli NA, Italy",NA,081 552 9090,http://www.trialtravel.it/,booking@trialtravel.com,https://maps.google.com/?cid=2407559807669335561
Il Vacanziere,agenzie di viaggio,"Via dell'Epomeo, 334/E, 80126 Napoli NA, Italy",NA,081 1878 7235,NOT AVAILABLE,NOT AVAILABLE,https://maps.google.com/?cid=9364938957445451392
Viaggiare a Colori Napoli,agenzie di viaggio,"Via Nicola Rocco, 69, 80139 Napoli NA, Italy",NA,375 625 6544,https://www.viaggiareacolorinapoli.com/,NOT AVAILABLE,https://maps.google.com/?cid=3020452939108722125
Viaggi in altalena,agenzie di viaggio,"Via Duomo, 178, 80138 Napoli NA, Italy",NA,081 298111,http://www.viaggiinaltalena.com/,info@viaggiinaltalena.it,https://maps.google.com/?cid=10281857860574687493
Relaxing Tours,agenzie di viaggio,"Corso Giuseppe Garibaldi, 410, 80142 Napoli NA, Italy",NA,081 202034,NOT AVAILABLE,NOT AVAILABLE,https://maps.google.com/?cid=7559333834694994636
Si Travel Ponticelli - Pronti per viaggiare,agenzie di viaggio,"Strada Provinciale Madonnelle, 121, 80147 Napoli NA, Italy",NA,081 1830 0760,NOT AVAILABLE,NOT AVAILABLE,https://maps.google.com/?cid=15051741958737484128
Travel Cloud Capodichino,agenzie di viaggio,"Via Udalrigo Masoni, 65, 80141 Napoli NA, Italy",NA,375 793 9224,https://www.instagram.com/p/Ch5KIKXohlc/?igshid=YmMyMTA2M2Y=,NOT AVAILABLE,https://maps.google.com/?cid=12860702871171844016
Comunque Vada Viaggi,agenzie di viaggio,"Via Vincenzo Bellini, 70, 80135 Napoli NA, Italy",NA,081 1854 3604,NOT AVAILABLE,NOT AVAILABLE,https://maps.google.com/?cid=13382681746523641059
Empire Viaggi Srls,agenzie di viaggio,"Via Nicolò Garzilli, 10/12, 80126 Napoli NA, Italy",NA,081 766 2307,http://www.empireviaggi.it/,NOT AVAILABLE,https://maps.google.com/?cid=10997219303584435584
Venetours Viaggi di M. Cozzi - MSC POINT Agenzia Viaggi e tour Operator,agenzie di viaggio,"Via Edoardo Nicolardi, 118, 80131 Napoli NA, Italy",NA,081 1821 1278,http://www.venetours.it/,info@venetours.it,https://maps.google.com/?cid=12513212510827009749
Bongi Travel Tour Operator,agenzie di viaggio,"Piazza Vanvitelli, 15, 80129 Napoli NA, Italy",NA,081 579 5195,http://www.bongitravel.it/,prenotazioni@bongitravel.it,https://maps.google.com/?cid=1611220655801709659
Atomika Viaggi,agenzie di viaggio,"Via Fabrizio Pignatelli, 2, 80134 Napoli NA, Italy",NA,081 1865 8680,http://www.atomikaviaggi.it/,conferme@atomikaviaggi.itindirizzovia,https://maps.google.com/?cid=17381539869288922232
A.v.t. Travel,agenzie di viaggio,"Via Eduardo Suarez, 3, 80129 Napoli NA, Italy",NA,081 558 6592,http://www.avt-travel.it/,NOT AVAILABLE,https://maps.google.com/?cid=1200107062411211725
Consales Viaggi e Turismo,agenzie di viaggio,"Via Foggia, 3, 80143 Napoli NA, Italy",NA,081 554 4165,NOT AVAILABLE,NOT AVAILABLE,https://maps.google.com/?cid=11607878936106522547
NEW DREAMING VIAGGI,agenzie di viaggio,"C.so Vittorio Emanuele, 113/G, 80121 Napoli NA, Italy",NA,081 663701,NOT AVAILABLE,NOT AVAILABLE,https://maps.google.com/?cid=7085351538480696740
Aladino Viaggi - Ag. Vomero (NA),agenzie di viaggio,"Via Francesco Cilea, 157, 80127 Napoli NA, Italy",NA,081 579 9108,http://www.aladino.it/,preventivi@aladino.it,https://maps.google.com/?cid=8282271705322008889
Railway Travel,agenzie di viaggio,"Corso Novara, 54, 80143 Napoli NA, Italy",NA,351 869 8984,http://www.railwaytravel.it/,NOT AVAILABLE,https://maps.google.com/?cid=6018872972652993151
Vivagando Viaggi,agenzie di viaggio,"Largo Arso, 33, 80046 San Giorgio a Cremano NA, Italy",NA,081 485711,https://www.vivagandoviaggi.it/,NOT AVAILABLE,https://maps.google.com/?cid=1777284604609040552
Agenzia Viaggi Madura Viaggi,agenzie di viaggio,"Via Bartolo Longo, 68, 80147 Napoli NA, Italy",NA,081 577 1399,http://www.maduraviaggi.it/,NOT AVAILABLE,https://maps.google.com/?cid=15714750344094811135
Agenzia di Viaggi Air Terminal Viaggi - Napoli,agenzie di viaggio,"Via Alessandro Manzoni, 176, 80046 San Giorgio a Cremano NA, Italy",NA,081 574 8668,http://www.airterminalviaggi.it/,NOT AVAILABLE,https://maps.google.com/?cid=7189534648571725066
Puerto Svago - Colli Aminei,agenzie di viaggio,"Viale Letizia, 3, 80131 Napoli NA, Italy",NA,327 034 9991,https://puertosvago.it/agenzie/agenzia-viaggi-napoli-colli-aminei/,info@puertosvago.it,https://maps.google.com/?cid=12416242578093017668
Millanta Viaggi,agenzie di viaggio,"Via Nardones, 63, 80132 Napoli NA, Italy",NA,081 015 3440,NOT AVAILABLE,NOT AVAILABLE,https://maps.google.com/?cid=10040528039721942882
Merliani Viaggi Srl,agenzie di viaggio,"Via Giovanni Merliani, 124, 80129 Napoli NA, Italy",NA,081 556 8079,http://www.merlianiviaggi.com/,NOT AVAILABLE,https://maps.google.com/?cid=14447184377628454561
Napoli Centrale Turismo,agenzie di viaggio,"P.za Principe Umberto, 80142 Napoli NA, Italy",NA,351 232 4940,https://www.napolicentraleturismo.com/,NOT AVAILABLE,https://maps.google.com/?cid=12307497403877584294
Napoli Official Tour,agenzie di viaggio,"Via Domenico Capitelli, 9, 80134 Napoli NA, Italy",NA,081 551 1064,http://www.napoliofficialtour.com/,info@napoliofficialtour.it,https://maps.google.com/?cid=14078259517506211098
Seaside Napoli,agenzie di viaggio,"Passaggio Castel dell'Ovo, 80132 Napoli NA, Italy",NA,320 253 0937,http://www.seasidenapoli.com/,NOT AVAILABLE,https://maps.google.com/?cid=2749983882184482935
Trentaremi - Tour Operator,agenzie di viaggio,"Vico San Domenico Maggiore, 9, 80134 Napoli NA, Italy",NA,081 379 7086,https://www.trentaremi.it/,info@trentaremi.it,https://maps.google.com/?cid=12774877806592026192
I Viaggi di Dory - Travel Agency s.r.l.,agenzie di viaggio,"Via Monte Faito, 86, 80144 Napoli NA, Italy",NA,081 1822 4421,http://iviaggididory.it/,NOT AVAILABLE,https://maps.google.com/?cid=18168791662641779210
Travel Point,agenzie di viaggio,"Corso Secondigliano, 459, 80144 Napoli NA, Italy",NA,081 754 4404,https://www.blumosquetour.it/,NOT AVAILABLE,https://maps.google.com/?cid=8138803226405315730
Nabilia Viaggi,agenzie di viaggio,"Via Gabriele Jannelli, 202, 80131 Napoli NA, Italy",NA,081 770 7541,NOT AVAILABLE,NOT AVAILABLE,https://maps.google.com/?cid=11056265292545346745
Enjoy Napoli Tours,agenzie di viaggio,"Piazza Carlo III, 80141 Napoli NA, Italy",NA,379 134 4602,http://www.enjoytours.it/,NOT AVAILABLE,https://maps.google.com/?cid=10129993670032608722
Napoli Private Tours,agenzie di viaggio,"Via Giuseppe Pica, 26, 80142 Napoli NA, Italy",NA,337 844 594,https://www.napoliprivatetours.com/,NOT AVAILABLE,https://maps.google.com/?cid=2374964772534181419
I VIAGGI DEGLI AZZURRI,agenzie di viaggio,"Via Luigi Tansillo, 14, 80125 Napoli NA, Italy",NA,081 593 9290,NOT AVAILABLE,NOT AVAILABLE,https://maps.google.com/?cid=13670370381915761589
Guide Turistiche Napoli - Visite Guidate a Napoli e in Campania,agenzie di viaggio,"Via Tarsia, 64, 80135 Napoli NA, Italy",NA,380 904 9909,http://www.guideturistichenapoli.com/,info@guideturistichenapoli.comloginlogin,https://maps.google.com/?cid=2242810822162190397
Viaggia Napoli Incoming,agenzie di viaggio,"Vico Storto Purgatorio Ad Arco, 9, 80138 Napoli NA, Italy",NA,351 738 6988,NOT AVAILABLE,NOT AVAILABLE,https://maps.google.com/?cid=9389157703861896669
I Viaggi di Tarsia,agenzie di viaggio,"Via Tarsia, 45, 80134 Napoli NA, Italy",NA,081 1932 3578,http://iviaggiditarsia.it/,info@iviaggiditarsia.it,https://maps.google.com/?cid=1883531283649225947
I Viaggi Solari Del Vesuvio S.n.c. Di Albano Gianluca E Spagnuolo Ilar,agenzie di viaggio,"Via Nuova Poggioreale, 164, 80143 Napoli NA, Italy",NA,081 553 5580,http://www.iviaggidelvesuvio.it/chi-siamo,NOT AVAILABLE,https://maps.google.com/?cid=4098556041039701318
IngitaInsieme,agenzie di viaggio,"Corso Peschiera, 138, 10141 Torino TO, Italy",TO,011 384 0001,https://ingitainsieme.com/,info@ingitainsieme.com,https://maps.google.com/?cid=13731979936738274569
Planet Gaia Viaggi Srl,agenzie di viaggio,"Via Maria Vittoria, 41, 10123 Torino TO, Italy",TO,011 546385,https://www.pianetagaia.it/?utm_source=google&utm_medium=organic&utm_campaign=google_my_business,turismo@pianetagaia.it,https://maps.google.com/?cid=759702831247357265
Viaggi Pop,agenzie di viaggio,"C.so Orbassano, 350, 10137 Torino TO, Italy",TO,351 777 7244,https://viaggipop.it/,info@viaggipop.it,https://maps.google.com/?cid=13412095080166630838
Agenzia Viaggi Triangolo D'oro Torino,agenzie di viaggio,"Via Luigi Cibrario, 15/A, 10143 Torino TO, Italy",TO,011 440 9052,http://www.triangolodoroviaggi.com/,info@triangolodoroviaggi.comindirizzovia,https://maps.google.com/?cid=6720032387548763049
Boulevard Viaggi,agenzie di viaggio,"Corso Casale, 44, 10131 Torino TO, Italy",TO,011 819 4055,http://www.boulevard.it/,NOT AVAILABLE,https://maps.google.com/?cid=5823135849785352866
Il Mondo In Valigia,agenzie di viaggio,"V.Caraglio, 6, 10141 Torino TO, Italy",TO,011 773 2249,https://www.mondoinvaligia.net/?utm_source=GMB&utm_medium=Google%20my%20Business&utm_campaign=Traffico%20da%20GMB,info@mondoinvaligia.it,https://maps.google.com/?cid=7827532814179091910
LA VITA VIAGGI,agenzie di viaggio,"Largo Giulio Cesare, 103/C, 10155 Torino TO, Italy",TO,388 876 6888,https://www.lavitatravels.com/,ticketing@lavitatravels.com,https://maps.google.com/?cid=13159260223763182619
Travel Agency Montgenevre,agenzie di viaggio,"Via Monginevro, 167, 10141 Torino TO, Italy",TO,346 311 7744,https://www.monginevroviaggi.com/,NOT AVAILABLE,https://maps.google.com/?cid=337595524586866025
Cercavacanze Srl,agenzie di viaggio,"Corso Trapani, 225, 10141 Torino TO, Italy",TO,011 380 3000,https://www.cercavacanze.it/viaggi/,info@cercavacanze.it,https://maps.google.com/?cid=11538605884409885163
Il Cantuccio del Viaggiatore,agenzie di viaggio,"Corso Giovanni Agnelli, 14, 10137 Torino TO, Italy",TO,011 561 8239,http://www.ilcantucciodelviaggiatore.it/,info@ilcantucciodelviaggiatore.it,https://maps.google.com/?cid=9451215740289521088
Promotur Viaggi e Touring club,agenzie di viaggio,"Piazza Pitagora, 9, 10137 Torino TO, Italy",TO,011 301 8888,http://www.promoturviaggi.it/,webmail@promoturviaggi.it,https://maps.google.com/?cid=1273387372690222890
Wallace Turismo e co,agenzie di viaggio,"Via Assietta, 6, 10128 Torino TO, Italy",TO,011 569 3266,http://www.wallaceturismo.com/,info@wallaceturismo.com,https://maps.google.com/?cid=3094036584720894707
Tour-In Viaggi,agenzie di viaggio,"Via Ettore Stampini, 10, 10148 Torino TO, Italy",TO,011 225 9823,http://tourinviaggi.it/,NOT AVAILABLE,https://maps.google.com/?cid=12223297675473072863
Lumiere viaggi,agenzie di viaggio,"V. Cavour, 11, 10123 Torino TO, Italy",TO,NOT AVAILABLE,http://www.lumiereviaggi.it/,NOT AVAILABLE,https://maps.google.com/?cid=1473123889795122077
TIDE Travel,agenzie di viaggio,"Via Candido Viberti, 11, 10141 Torino TO, Italy",TO,335 673 5115,http://www.tidetravel.it/,info@tidetravel.it,https://maps.google.com/?cid=2059798553002092408
Zagor Viaggi snc di Moglia Roberto e C.,agenzie di viaggio,"Via Principe Amedeo, 37, 10123 Torino TO, Italy",TO,011 884930,http://zagorviaggi.com/,info@zagorviaggi.com,https://maps.google.com/?cid=7554338615764943430
Prendo e Parto Viaggi e Vacanze S.r.l.,agenzie di viaggio,"Via Luigi Cibrario, 39 / F, 10143 Torino TO, Italy",TO,011 489706,http://www.prendoeparto.it/,NOT AVAILABLE,https://maps.google.com/?cid=17565914243721004401
Vivere & Viaggiare Via Monfalcone Torino,agenzie di viaggio,"Via Monfalcone, 74/f, 10136 Torino TO, Italy",TO,011 329 4094,NOT AVAILABLE,NOT AVAILABLE,https://maps.google.com/?cid=82212547861969480
Compasviaggi Di Chendi Patrizia & C. (S.A.S.),agenzie di viaggio,"Corso Sebastopoli, 211/C, 10137 Torino TO, Italy",TO,011 351341,NOT AVAILABLE,NOT AVAILABLE,https://maps.google.com/?cid=1652915063378624318
Agenzia Viaggi Interasse,agenzie di viaggio,"Via Francesco Lanfranchi, 2, 10131 Torino TO, Italy",TO,011 839 0517,https://www.interasse.it/,NOT AVAILABLE,https://maps.google.com/?cid=12136541879988425264
M.G.M. VIAGGI S.R.L.,agenzie di viaggio,"Via Giovanni Giolitti, 45, 10123 Torino TO, Italy",TO,011 817 7629,https://www.mgmviaggi.it/,NOT AVAILABLE,https://maps.google.com/?cid=4459342231672025507
Tour Divini,agenzie di viaggio,"Strada del Lauro, 43, 10132 Torino TO, Italy",TO,335 632 6512,http://tourdivini.it/,tourdivini@tourdivini.com,https://maps.google.com/?cid=3433913241317972931
Vivere e Viaggiare Torino - Agenzia Viaggi,agenzie di viaggio,"Corso Siracusa, 105, 10137 Torino TO, Italy",TO,011 329 2777,https://torinocorsosiracusa.vivereeviaggiare.it/,NOT AVAILABLE,https://maps.google.com/?cid=14101487007855063658
Smiling Sun Travel,agenzie di viaggio,"C.so Vittorio Emanuele II, 9/E, 10125 Torino TO, Italy",TO,011 812 8697,https://www.sstviaggi.it/,NOT AVAILABLE,https://maps.google.com/?cid=1247773514332584112
vivere e viaggiare corso vittorio emanuele torino,agenzie di viaggio,"C.so Vittorio Emanuele II, 68/B, 10121 Torino TO, Italy",TO,011 561 2093,NOT AVAILABLE,NOT AVAILABLE,https://maps.google.com/?cid=13394495365235513289
Vivere & Viaggiare - Torino Via Madama,agenzie di viaggio,"Via Madama Cristina, 84, 10126 Torino TO, Italy",TO,011 666 1777,https://viaggi.bluvacanze.it/?utm_source=google&utm_medium=GMBSitelink&utm_campaign=GMBSitelink_Torino_94,NOT AVAILABLE,https://maps.google.com/?cid=11928583674161091143
Xplore Tour Operator,agenzie di viaggio,"Via Pietro Palmieri, 50, 10138 Torino TO, Italy",TO,011 881 2311,https://www.xploreamerica.it/,info@xploreamerica.it,https://maps.google.com/?cid=14180075798758796820
GPS Viaggi Srl,agenzie di viaggio,"Via Angelo Mosso, 8, 10146 Torino TO, Italy",TO,011 070 4510,http://www.gpsviaggi.it/,NOT AVAILABLE,https://maps.google.com/?cid=15336002362869922570
ESL – Soggiorni linguistici,agenzie di viaggio,"Via Teofilo Rossi di Montelera, 3, 10123 Torino TO, Italy",TO,011 1921 0022,https://www.esl.it/it?utm_medium=organic&utm_source=googlemybusiness&utm_campaign=mainlink&utm_content=esl_torino,NOT AVAILABLE,https://maps.google.com/?cid=8394953833865523354
Agenzia Viaggi Nextravel,agenzie di viaggio,"Via Michele Coppino, 135, 10147 Torino TO, Italy",TO,011 291 9267,http://www.advnextravel.com/,info@advnextravel.comindirizzovia,https://maps.google.com/?cid=12562571426865175365
S.Rita Viaggi,agenzie di viaggio,"Via Pomaro, 25, 10136 Torino TO, Italy",TO,011 1866 7977,http://www.sritaviaggi.com/,NOT AVAILABLE,https://maps.google.com/?cid=12374259167687930902
Agenzia Viaggi Avanti Tutta,agenzie di viaggio,"Corso Guglielmo Marconi, 19/b, 10125 Torino TO, Italy",TO,011 668 0149,http://www.avantitutta.it/,info@avantitutta.it,https://maps.google.com/?cid=11912544999693504559
Falcini Viaggi,agenzie di viaggio,"C.so Francia, 2ter, 10143 Torino TO, Italy",TO,011 437 3544,https://falciniviaggi.it/,4373544irenefalcini@falciniviaggi.it,https://maps.google.com/?cid=453467090846552764
Saili Viaggi,agenzie di viaggio,"Corso Alcide De Gasperi, 51/A, 10129 Torino TO, Italy",DE,011 580 5060,http://www.sailiviaggi.com/,NOT AVAILABLE,https://maps.google.com/?cid=7812990877350145558
Mug Viaggi,agenzie di viaggio,"V. Pianezza, 66, 10149 Torino TO, Italy",TO,333 521 1604,http://www.mugviaggi.it/,NOT AVAILABLE,https://maps.google.com/?cid=18095928574920711330
Bluvacanze Tesoriera,agenzie di viaggio,"C.so Francia, 255/d, 10139 Torino TO, Italy",TO,011 777 7481,https://viaggi.bluvacanze.it/store/bv-torino-tesoriera/,NOT AVAILABLE,https://maps.google.com/?cid=13178631602117492938
High Speed Travel,agenzie di viaggio,"Via Barletta, 37, 10137 Torino TO, Italy",TO,011 509 7110,https://agenziaviaggihighspeedtravel.it/,NOT AVAILABLE,https://maps.google.com/?cid=1773195730780067621
Vivere & Viaggiare - Torino Via Chiesa Salute,agenzie di viaggio,"Via Chiesa della Salute, 68/e, 10147 Torino TO, Italy",TO,011 252656,https://viaggi.bluvacanze.it/?utm_source=google&utm_medium=GMBSitelink&utm_campaign=GMBSitelink_Torino_169,NOT AVAILABLE,https://maps.google.com/?cid=10789198974453249327
Agenzia Viaggi Elianto,agenzie di viaggio,"Via della Misericordia, 6, 10122 Torino TO, Italy",TO,011 561 2818,http://www.viaggielianto.it/,mailinfo@viaggielianto.it,https://maps.google.com/?cid=2996227942060544989
GiTravel - Gruppo Incentive Travel One,agenzie di viaggio,"Corso Massimo d'Azeglio, C/o Segesta, 8, 10125 Torino TO, Italy",TO,011 764 3157,http://www.gitravel.it/,info@gitravel.it,https://maps.google.com/?cid=15894956611368983293
Crocetta Viaggi Di Magia Sas,agenzie di viaggio,"Corso Re Umberto, 74, 10128 Torino TO, Italy",RE,011 505705,https://www.magiasas.com/,NOT AVAILABLE,https://maps.google.com/?cid=9525693424316797787
Nottingham Viaggi,agenzie di viaggio,"Corso Racconigi, 123, 10141 Torino TO, Italy",TO,011 382 5310,https://www.nottinghamviaggi.it/,NOT AVAILABLE,https://maps.google.com/?cid=16911607893298249395
Quattro Passi Viaggi,agenzie di viaggio,"Via Filadelfia, 121, 10137 Torino TO, Italy",TO,011 329 4779,http://www.4passi-viaggi.it/,agenzia@4passi-viaggi.it,https://maps.google.com/?cid=17178470124652826514
Viaggi Chiara Di Magia Sas,agenzie di viaggio,"C.so Vittorio Emanuele II, 72, 10121 Torino TO, Italy",TO,011 562 7280,https://www.magiasas.com/,NOT AVAILABLE,https://maps.google.com/?cid=9698743831423465326
Gulp Viaggi - Agenzia Viaggi,agenzie di viaggio,"Corso Grosseto, 202, 10148 Torino TO, Italy",TO,011 220 3445,http://gulpviaggi.com/,info@gulpviaggi.com,https://maps.google.com/?cid=2475236852058324661
AMARGANTA VIAGGI,agenzie di viaggio,"P.za Sofia, 15, 10154 Torino TO, Italy",TO,393 933 7701,http://www.amarganta.com/contatti,NOT AVAILABLE,https://maps.google.com/?cid=6095006458943903437
Agenzia Viaggi Royal Tours,agenzie di viaggio,"C.so Giulio Cesare, 62, 10154 Torino TO, Italy",TO,393 279 2005,https://m.facebook.com/RoyalToursTorino/,NOT AVAILABLE,https://maps.google.com/?cid=16692942534775265835
Easy Nite S. R. L.,agenzie di viaggio,"Via Paolo Sacchi, 22, 10128 Torino TO, Italy",TO,011 543953,https://www.easynite.it/,info@easynite.it,https://maps.google.com/?cid=6775190893664960552
Agenzia Viaggi MOVE,agenzie di viaggio,"Corso Lecce, 47, 10145 Torino TO, Italy",TO,011 749 9734,https://www.facebook.com/moveviaggi.torino,NOT AVAILABLE,https://maps.google.com/?cid=8702687406562902299
agenzia viaggi Two Queens Holiday,agenzie di viaggio,"Via Bernardino Luini, 143, 10149 Torino TO, Italy",TO,011 453 0902,http://www.twoqueensholiday.com/,agenzia@twoqueensholiday.com,https://maps.google.com/?cid=18099274914939469712
Agenzia viaggi Lingotto Viaggi E Vacanze Torino,agenzie di viaggio,"Via Genova, 110, 10126 Torino TO, Italy",TO,011 696 0606,http://www.lingottoviaggi.it/,NOT AVAILABLE,https://maps.google.com/?cid=14043709657324298541
Accademia dei Viaggi,agenzie di viaggio,"Via Monginevro, 199/A, 10141 Torino TO, Italy",TO,011 780 0043,https://erikatraveldesign.com/,NOT AVAILABLE,https://maps.google.com/?cid=8509730506819273308
Just Book & Travel,agenzie di viaggio,"C.so Inghilterra, 17 D, 10138 Torino TO, Italy",TO,011 382 7245,http://www.justbookandtravel.it/,NOT AVAILABLE,https://maps.google.com/?cid=1829244748110229204
ALBERTA VIAGGI,agenzie di viaggio,"Via Accademia Albertina, 21a, 10123 Torino TO, Italy",TO,011 887718,http://www.albertaviaggi.com/,NOT AVAILABLE,https://maps.google.com/?cid=11751656824341542028
Lancaster Viaggi,agenzie di viaggio,"Corso Trapani, 69, 10139 Torino TO, Italy",TO,011 1971 9813,http://www.lancasterviaggi.it/,torino@lancasterviaggi.it,https://maps.google.com/?cid=9066731910131819369
Cityrama Viaggi Torino,agenzie di viaggio,"Corso Alcide De Gasperi, 42/E, 10129 Torino TO, Italy",DE,011 505926,NOT AVAILABLE,NOT AVAILABLE,https://maps.google.com/?cid=12390184446913781209
Robanda Viaggi,agenzie di viaggio,"Corso Belgio, 26/B, 10153 Torino TO, Italy",TO,333 200 6381,http://www.robandaviaggi.it/,NOT AVAILABLE,https://maps.google.com/?cid=7452833297551625494
Clips Tour Sas Torino,agenzie di viaggio,"Via Pietro Giuria, 42/B, 10126 Torino TO, Italy",TO,011 669 2700,http://www.clipstour.it/,NOT AVAILABLE,https://maps.google.com/?cid=391234882492791695
Vivere & Viaggiare - Torino Corso Francia,agenzie di viaggio,"C.so Francia, 92, 10143 Torino TO, Italy",TO,011 741 1111,https://viaggi.bluvacanze.it/?utm_source=google&utm_medium=GMBSitelink&utm_campaign=GMBSitelink_Torino_158,NOT AVAILABLE,https://maps.google.com/?cid=11710426289836203682
Seriana Travel S.R.L.,agenzie di viaggio,"Via Cernaia, 36a, 10122 Torino TO, Italy",TO,011 417 1271,https://www.korakanetravel.com/,info@korakanetravel.com,https://maps.google.com/?cid=11904680293723746474
Il Mondo Insieme,agenzie di viaggio,"Corso Principe Oddone, 10, 10122 Torino TO, Italy",TO,011 536 3009,NOT AVAILABLE,NOT AVAILABLE,https://maps.google.com/?cid=4570143008401738641
Angolo di Mondo,agenzie di viaggio,"Via Rivalta, 56, 10141 Torino TO, Italy",TO,011 372 2623,http://www.angolodimondoviaggi.it/,NOT AVAILABLE,https://maps.google.com/?cid=9499913474345304299
Nuova Premier Viaggi di Sebastiano Isgrò C. Sas,agenzie di viaggio,"C.so Giulio Cesare, 201, 10155 Torino TO, Italy",TO,011 246 4933,http://www.premierviaggi.com/,NOT AVAILABLE,https://maps.google.com/?cid=5906969858080333834
Amerio Viaggi,agenzie di viaggio,"Corso Casale 472, 6, 10132 Torino TO, Italy",TO,347 394 2664,http://amerioviaggi.com/,NOT AVAILABLE,https://maps.google.com/?cid=7100422384288956109
Istinto d'Evasione,agenzie di viaggio,"Corso Racconigi, 166, 10141 Torino TO, Italy",TO,011 382 8683,http://www.istintodevasione.it/,NOT AVAILABLE,https://maps.google.com/?cid=17627653466879189395
Mastro Viaggiatore,agenzie di viaggio,"Via Vassalli Eandi, 18, 10138 Torino TO, Italy",TO,011 536 1930,https://mastroviaggiatore.it/,NOT AVAILABLE,https://maps.google.com/?cid=698166512670243992
Surround CTA Travels,agenzie di viaggio,"Corso Giacomo Matteotti, 1/C, 10121 Torino TO, Italy",TO,011 248 7144,https://ctatravels.com/,NOT AVAILABLE,https://maps.google.com/?cid=8190234854581649529
Mondoquadro Viaggi,agenzie di viaggio,"Via Luigi Salvatore Cherubini, 3, 10152 Torino TO, Italy",TO,011 247 2059,http://www.mondoquadro.it/,NOT AVAILABLE,https://maps.google.com/?cid=18136274984134599299
Cult Viaggi Di Turintur Snc,agenzie di viaggio,"Corso Racconigi, 30 TER, 10139 Torino TO, Italy",TO,011 382 8015,NOT AVAILABLE,NOT AVAILABLE,https://maps.google.com/?cid=7866667376359804171
Vivere & Viaggiare - Torino Corso Palestro,agenzie di viaggio,"Corso Palestro, 2/L, 10122 Torino TO, Italy",TO,011 506 9856,https://viaggi.bluvacanze.it/?utm_source=google&utm_medium=GMBSitelink&utm_campaign=GMBSitelink_Torino_115,NOT AVAILABLE,https://maps.google.com/?cid=7078092529544339466
Farfalla Viaggi Srl,agenzie di viaggio,"Via Carlo Alberto, 34, 10123 Torino TO, Italy",TO,011 562 9812,http://www.farfallaviaggi.it/,NOT AVAILABLE,https://maps.google.com/?cid=11513999553927927258
GiraMondo Viaggi Torino,agenzie di viaggio,"Via Buenos Aires, 39/A, 10134 Torino TO, Italy",TO,348 261 9593,NOT AVAILABLE,NOT AVAILABLE,https://maps.google.com/?cid=13616665822816516169
Costa Viaggi - Agenzia Palermo,agenzie di viaggio,"Via Vincenzo di Marco, 14 d, 90143 Palermo PA, Italy",PA,333 438 2470,https://www.costaviaggi.it/,info@costaviaggi.it,https://maps.google.com/?cid=4177427840330002554
Marras Viaggi,agenzie di viaggio,"Corso A. Amedeo, 168, 90138 Palermo PA, Italy",PA,091 322240,http://www.marrasviaggi.com/,info@marrasviaggi.com,https://maps.google.com/?cid=3947738516108717805
Globalsem Travel Agency Palermo,agenzie di viaggio,"Via Principe di Paternò, 186, 90145 Palermo PA, Italy",PA,091 784 8420,https://www.globalsemviaggi.it/,info@globalsemviaggi.it,https://maps.google.com/?cid=12921445563988950394
Conca d’Oro Viaggi s.r.l.,agenzie di viaggio,"Piazza Indipendenza, 41, 90129 Palermo PA, Italy",PA,091 487288,http://www.concadoroviaggi.it/,info@concadoroviaggi.it,https://maps.google.com/?cid=17721899078513567785
Manfre' Viaggi - Agenzia Viaggi Palermo - Costa Point,agenzie di viaggio,"Via Empedocle Restivo, 34, 90144 Palermo PA, Italy",PA,091 525442,https://www.manfreviaggi.it/,NOT AVAILABLE,https://maps.google.com/?cid=12061494310553184317
Tourismondo Viaggi,agenzie di viaggio,"Via Riccardo Wagner, 11, 90139 Palermo PA, Italy",PA,091 631 5628,https://www.tourismondo.it/,info@tourismondo.itsede,https://maps.google.com/?cid=3057950847830115391
Red Orange Tours and Travel - Palermo,agenzie di viaggio,"Via Sardegna, 72, 90144 Palermo PA, Italy",PA,091 564 2184,https://www.orangetours.it/,NOT AVAILABLE,https://maps.google.com/?cid=4131032341775267269
Travel Caló,agenzie di viaggio,"Via Mammana, 78, 90145 Palermo PA, Italy",PA,329 879 9837,https://www.travelcalo.it/,NOT AVAILABLE,https://maps.google.com/?cid=5131201507895846562
Lai Viaggi Srl,agenzie di viaggio,"Piazza S. Francesco di Paola, 23, 90138 Palermo PA, Italy",PA,091 583728,http://www.laiviaggi.it/,info@laiviaggi.it,https://maps.google.com/?cid=4258426460937699868
Villa Tasca Viaggi S.R.L.,agenzie di viaggio,"Viale Regione Siciliana Sud Est, 446/450, 90129 Palermo PA, Italy",PA,091 489518,http://www.villatascaviaggi.it/,NOT AVAILABLE,https://maps.google.com/?cid=4617148877715254374
Adularia Viaggi,agenzie di viaggio,"C.so Calatafimi, 724, 90129 Palermo PA, Italy",PA,091 668 1856,https://www.adulariaviaggi.com/,info@adulariaviaggi.com,https://maps.google.com/?cid=16125243817319369700
Siciliamando Viaggi di Viaggi di Gusto s.c.a.r.l.,agenzie di viaggio,"Via dell'Autonomia Siciliana, 114, 90143 Palermo PA, Italy",PA,091 637 2741,https://www.siciliamandoviaggi.it/,NOT AVAILABLE,https://maps.google.com/?cid=4846399791901665194
Fenice Palermo Viaggi,agenzie di viaggio,"Via Edmondo de Amicis, 36, 90143 Palermo PA, Italy",DE,091 342087,https://fenicepalermo.it/,info@fenicepalermo.it,https://maps.google.com/?cid=13854926859060882766
Roberto Cannella consulente viaggi | Zaessen Viaggi 🪂,agenzie di viaggio,"Via Dante, 109, 90141 Palermo PA, Italy",PA,350 012 6358,https://www.facebook.com/amunipartiamo,NOT AVAILABLE,https://maps.google.com/?cid=13515136076899273967
Noema Viaggi SRL - Agenzia di Viaggi a Palermo dal 1984,agenzie di viaggio,"Via Gioacchino di Marzo, 13 A, 90144 Palermo PA, Italy",PA,091 300675,http://www.noemaviaggi.it/,lina@noemaviaggi.it,https://maps.google.com/?cid=15050046007645729425
Ausoniaviaggi,agenzie di viaggio,"Via Gaetano Daita, 66, 90139 Palermo PA, Italy",PA,091 585555,https://www.ausoniaviaggi.it/,info@ausoniaviaggi.it,https://maps.google.com/?cid=14617192641376129585
Tutto Colorato Viaggi & Tour Operator,agenzie di viaggio,"Via Adolfo Holm, 9/D, 90145 Palermo PA, Italy",PA,091 982 1371,NOT AVAILABLE,NOT AVAILABLE,https://maps.google.com/?cid=8315640658168636726
PM Tour Srl,agenzie di viaggio,"Via del Bersagliere, 19, 90143 Palermo PA, Italy",PA,391 462 5635,https://pmtour.it/,info@pmtour.it,https://maps.google.com/?cid=11636894164626776832
Viaggi Ke... Agenzia Viaggi & Tour Operator Palermo,agenzie di viaggio,"Via Pignatelli Aragona, 96, 90141 Palermo PA, Italy",PA,091 584263,https://www.facebook.com/viaggikepalermo/?locale=it_IT,NOT AVAILABLE,https://maps.google.com/?cid=6834630806601237221
Landolina Travel & Tourism LTD,agenzie di viaggio,"Via Marchese di Villabianca, 82/c, 90143 Palermo PA, Italy",PA,091 300529,http://www.landolinaviaggi.it/,booking@landolinaviaggi.it,https://maps.google.com/?cid=12599338371522151635
Il Mangiamappe,agenzie di viaggio,"Via Francesco Omodei, 24/26, 90139 Palermo PA, Italy",PA,091 336801,https://www.ilmangiamappe.com/,info@ilmangiamappe.com,https://maps.google.com/?cid=9727909945888850220
Borzi Viaggi Srl88,agenzie di viaggio,"Via Gioacchino di Marzo, 42, 90144 Palermo PA, Italy",PA,091 225511,https://www.borziviaggi.com/,NOT AVAILABLE,https://maps.google.com/?cid=13152697493585820399
Baykam SAS,agenzie di viaggio,"C.so Calatafimi, 705, 90129 Palermo PA, Italy",PA,091 420792,https://www.baykamtour.it/,NOT AVAILABLE,https://maps.google.com/?cid=13762117807065851992
Fantasia Viaggi & Tour Operator di Fabrizio Bondì,agenzie di viaggio,"Via Resuttana, 414, 90146 Palermo PA, Italy",PA,091 277 2994,http://www.fantasiaviaggi.com/,commerciale@fantasiaviaggi.com,https://maps.google.com/?cid=17239823533944368216
A proposito di viaggi Palermo,agenzie di viaggio,"Via Simone Cuccia, 46/A, 90145 Palermo PA, Italy",PA,320 952 5192,https://apropositodiviaggi.com/sedi/palermo/,NOT AVAILABLE,https://maps.google.com/?cid=6091407593908683227
Guccione Viaggi Srl,agenzie di viaggio,"Via Ammiraglio Gravina, 80, 90139 Palermo PA, Italy",PA,091 581146,https://www.guccioneviaggi.com/it/,NOT AVAILABLE,https://maps.google.com/?cid=8830288503727701528
Melagodo Viaggi,agenzie di viaggio,"Via Leonardo da Vinci, 233, 90145 Palermo PA, Italy",PA,091 732 0010,NOT AVAILABLE,NOT AVAILABLE,https://maps.google.com/?cid=3405953098591813328
Le Nostre Vacanze,agenzie di viaggio,"Piazza Natale Tommaso, 174, 90147 Palermo PA, Italy",PA,091 779 5992,NOT AVAILABLE,NOT AVAILABLE,https://maps.google.com/?cid=4876941074386855114
Biba Tour,agenzie di viaggio,"Viale Emilia, 45, 90144 Palermo PA, Italy",PA,091 670 3133,https://www.bibatour.com/,corselliamministratorestefano.corselli@bibatour.com,https://maps.google.com/?cid=9151124553787693835
MEDILISA TOUR,agenzie di viaggio,"Via Principe di Palagonia, 16/C, 90145 Palermo PA, Italy",PA,091 681 2756,http://www.medilisatour.it/,info@medilisatour.it,https://maps.google.com/?cid=14265818725858486377
Vivaldi Viaggi Palermo,agenzie di viaggio,"Via la Franca Sebastiano, 39, 90127 Palermo PA, Italy",LA,091 617 2558,http://www.vivaldiviaggi.it/,NOT AVAILABLE,https://maps.google.com/?cid=7034681855007219302
Virtus Viaggi & Turismo,agenzie di viaggio,"Via Maqueda, 260, 90134 Palermo PA, Italy",PA,091 601 4515,http://www.virtusviaggi.it/,booking@virtusviaggi.it,https://maps.google.com/?cid=11501760984770467770
Sullivan Viaggi,agenzie di viaggio,"Via F. Petrarca, 20, 90144 Palermo PA, Italy",PA,091 625 4086,https://www.facebook.com/sullivanviaggipalermo,NOT AVAILABLE,https://maps.google.com/?cid=7673531938772571144
Di Maria Viaggi e Turismo,agenzie di viaggio,"Via dei Nebrodi, 65/e, 90146 Palermo PA, Italy",PA,091 670 0090,http://www.dimariaviaggi.it/contatti.htm,NOT AVAILABLE,https://maps.google.com/?cid=11375266092205749144
Mondo Cambria Vacanze,agenzie di viaggio,"Viale Regione Siciliana Sud Est, 222, 90129 Palermo PA, Italy",PA,091 220896,NOT AVAILABLE,NOT AVAILABLE,https://maps.google.com/?cid=9805789895059305874
Rebayas Viaggi,agenzie di viaggio,"Largo Mariano Accardo, 50, 90145 Palermo PA, Italy",PA,091 686 5313,http://www.rebayasviaggi.it/,NOT AVAILABLE,https://maps.google.com/?cid=5967612199941629768
Guida Turistica - Palermo in Tour,agenzie di viaggio,"Piazza Olivella, 90133 Palermo PA, Italy",PA,350 120 7171,https://palermoappiedi.jimdofree.com/,NOT AVAILABLE,https://maps.google.com/?cid=11707031261807203457
Borneo Viaggi,agenzie di viaggio,"Via Giuseppe Pipitone Federico, 33, 90100 Palermo PA, Italy",PA,091 730 2746,NOT AVAILABLE,NOT AVAILABLE,https://maps.google.com/?cid=17404846304133700236
Mesotour Viaggi,agenzie di viaggio,"Via Giovanni Zappalà, 22/24, 90144 Palermo PA, Italy",PA,091 203445,http://www.mesotourviaggi.com/,NOT AVAILABLE,https://maps.google.com/?cid=17740167921129368795
Esedra Viaggi Srl,agenzie di viaggio,"V. Principe di Villafranca, 42, 90141 Palermo PA, Italy",PA,091 323435,http://www.esedraviaggi.it/,NOT AVAILABLE,https://maps.google.com/?cid=9400364811950692457
Volare Viaggi,agenzie di viaggio,"Via Carmelo Raiti, 4, 90128 Palermo PA, Italy",PA,091 590221,NOT AVAILABLE,NOT AVAILABLE,https://maps.google.com/?cid=7408987792778433932
Esse Più Viaggi,agenzie di viaggio,"Via Catania, 23, 90141 Palermo PA, Italy",PA,091 302439,http://www.essepiuviaggi.it/,NOT AVAILABLE,https://maps.google.com/?cid=7838976729302789666
Kukla Viaggi,agenzie di viaggio,"Via Enrico Albanese, 31, 90139 Palermo PA, Italy",PA,091 612 4546,http://www.kuklaviaggi.it/,booking@kuklaviaggi.com,https://maps.google.com/?cid=4708088680465767710
Soleventi Travel Experience - Agenzia di Viaggi e Tour Operator,agenzie di viaggio,"Via Serradifalco, 206, 90145 Palermo PA, Italy",PA,091 681 3195,https://www.soleventietour.com/,info@soleventietour.com,https://maps.google.com/?cid=11054730590090990103
Vagovia Viaggi e Turismo,agenzie di viaggio,"Via I. Pizzetti, 8, 90145 Palermo PA, Italy",PA,091 848 8040,https://www.vagoviaviaggi.it/,NOT AVAILABLE,https://maps.google.com/?cid=4040291105544893508
Tagliavia by Salotto dei Viaggi,agenzie di viaggio,"Via Giacomo Leopardi, 15/17, 90144 Palermo PA, Italy",PA,091 582533,http://www.tagliavia.it/,NOT AVAILABLE,https://maps.google.com/?cid=18041905336159201760
Disegni di Viaggio,agenzie di viaggio,"Via Giuseppe Sciuti, 77/E, 90144 Palermo PA, Italy",PA,091 774 3371,http://www.disegnidiviaggio.it/,info@disegnidiviaggio.itindirizzovia,https://maps.google.com/?cid=65439507280188145
Scialo viaggi,agenzie di viaggio,"Via Luigi Pirandello, 19, 90144 Palermo PA, Italy",PA,091 721 9096,https://www.scialoviaggi.it/,NOT AVAILABLE,https://maps.google.com/?cid=15124831940661811059
Arli Viaggi di Tania Di Girolamo,agenzie di viaggio,"Viale dell'Orsa Maggiore, 118/120, 90125 Palermo PA, Italy",PA,091 648 4410,https://arliviaggi.it/,NOT AVAILABLE,https://maps.google.com/?cid=639722503079482332
Zaessen Viaggi,agenzie di viaggio,"Via Dante, 109, 90141 Palermo PA, Italy",PA,091 508 5843,http://www.zaessenviaggi.it/,commerciale@zaessenviaggi.it,https://maps.google.com/?cid=272701818752540183
Epic Sicily Srl,agenzie di viaggio,"Via Argenteria, 20, 90133 Palermo PA, Italy",PA,351 316 4376,https://www.epicsicily.it/en,NOT AVAILABLE,https://maps.google.com/?cid=313803983829811224
Kalesa Viaggi,agenzie di viaggio,"C.so Calatafimi, 801, 90129 Palermo PA, Italy",PA,091 657 2262,http://www.kalesaviaggi.it/,info@kalesaviaggi.itindirizzocorso,https://maps.google.com/?cid=12506218213446552125
Ape Tour Palermo Number One,agenzie di viaggio,"Via Francesco Paolo Perez, 28, 90127 Palermo PA, Italy",PA,389 345 6674,http://www.apetourpalermo.it/,NOT AVAILABLE,https://maps.google.com/?cid=1751539618302617486
Si Viaggiare - Tour Operator,agenzie di viaggio,"V. Matteo Bonello, 9, 90134 Palermo PA, Italy",PA,348 162 4284,http://www.siviaggiaresrl.it/,pellegrinaggi@siviaggiaresrl.it,https://maps.google.com/?cid=14992440125804342156
Pilota in Tour,agenzie di viaggio,"Via del Bersagliere, 19, 90143 Palermo PA, Italy",PA,339 259 4521,NOT AVAILABLE,NOT AVAILABLE,https://maps.google.com/?cid=2038400884925955273
TOURIST TRAVEL PANORMUS,agenzie di viaggio,"Via Ugo Foscolo, 1c, 90144 Palermo PA, Italy",PA,091 302600,http://www.panormusviaggi.it/,NOT AVAILABLE,https://maps.google.com/?cid=7660117177116180799
Ape Tour Palermo Luxury,agenzie di viaggio,"Via Prestinari Carlo Generale, 5, 90134 Palermo PA, Italy",PA,389 144 3340,https://www.apetourpalermo.com/,NOT AVAILABLE,https://maps.google.com/?cid=15290626030175042989
Mauritania Viaggi,agenzie di viaggio,"Via Generale Giuseppe Arimondi, 2n, 90143 Palermo PA, Italy",PA,091 626 9861,http://www.mauritaniaviaggi.it/,info@mauritaniaviaggi.it,https://maps.google.com/?cid=1048864359730081157
Il Tuareg Tour Operator,agenzie di viaggio,"Via Franz Liszt, 47- 57, 90145 Palermo PA, Italy",PA,091 203642,http://www.iltuareg.com/,NOT AVAILABLE,https://maps.google.com/?cid=275009052248196959
Sicily in Travel - Agenzia di Viaggi | Vacanze in Sicilia | Offerte Viaggi in Sicilia,agenzie di viaggio,"Viale Montedoro, 51, 96100 Siracusa SR, Italy",SR,333 945 8579,https://sicilyintravel.com/,info@sicilyintravel.com,https://maps.google.com/?cid=1254834869708122826
Aciturismo Viaggi e Turismo,agenzie di viaggio,"Via Principe di Paternò, 114, 90144 Palermo PA, Italy",PA,091 625 7475,https://www.goodsicily.net/,gruppi@goodsicily.it-gruppi1goodsicily.it,https://maps.google.com/?cid=10645052844392482059
Tatamaro Viaggi,agenzie di viaggio,"Via Scaglione Pietro, 77, 90145 Palermo PA, Italy",PA,091 685 1311,http://tatamaroviaggi.it/,NOT AVAILABLE,https://maps.google.com/?cid=5865907089514725556
Viaggiando con Marco Polo Agenzia Viaggi,agenzie di viaggio,"Viale Strasburgo, 385 a/b, 90146 Palermo PA, Italy",PA,091 560 0226,http://www.viaggiandoconmarcopolo.it/,NOT AVAILABLE,https://maps.google.com/?cid=707283333041961152
Agenzia Viaggi Genova SastesiTour Welcome Travel,agenzie di viaggio,"Via Fieschi, 119r, 16121 Genova GE, Italy",GE,010 530 3608,https://www.sastesitour.it/,NOT AVAILABLE,https://maps.google.com/?cid=9576284728958837396
VerdeLime Viaggi,agenzie di viaggio,"Via dei Santi Giacomo e Filippo, 17 R, 16122 Genova GE, Italy",GE,010 252514,https://www.verdelimeviaggi.it/,info@verdelimeviaggi.it,https://maps.google.com/?cid=2913884711418094734
Praga Viaggi,agenzie di viaggio,"Via Malta, 56r, 16121 Genova GE, Italy",GE,010 586141,http://www.pragaviaggi.it/,info@pragaviaggi.it,https://maps.google.com/?cid=172425646722702528
Relais Viaggi e Vacanze,agenzie di viaggio,"Via Bolzaneto, 8/R, 16162 Genova GE, Italy",GE,335 171 5171,https://www.relaisviaggi.it/,NOT AVAILABLE,https://maps.google.com/?cid=6742271498786228562
Cantore Viaggi Srl,agenzie di viaggio,"Via Antonio Cantore, 92R, 16149 Genova GE, Italy",GE,010 415126,http://www.cantoreviaggi.it/,info@cantoreviaggi.it,https://maps.google.com/?cid=920067748655108285
Pra' Viaggi,agenzie di viaggio,"Via Pra', 81/82R, 16157 Genova GE, Italy",GE,010 697 3816,http://www.praviaggi.it/,info@praviaggi.it,https://maps.google.com/?cid=14241039884496996906
La Superba Viaggi & Vacanze,agenzie di viaggio,"Galleria Giuseppe Mazzini, 24/R, 16121 Genova GE, Italy",GE,010 553 3060,http://www.lasuperba.it/,viaggi@lasuperbaviaggi.it,https://maps.google.com/?cid=15835014023744439984
La Cilindrina Viaggi,agenzie di viaggio,"Via di Sottoripa, 32 r, 16124 Genova GE, Italy",GE,338 835 8938,https://www.cilindrinaviaggi.com/,info@cilindrinaviaggi.comseguici,https://maps.google.com/?cid=13804060278050430101
"Volver Tour Operator, Genova",agenzie di viaggio,"Via Giuseppe Macaggi, 23A2, 16121 Genova GE, Italy",GE,010 098 0269,http://www.volverviaggi.it/,info@volverviaggi.it,https://maps.google.com/?cid=13226325735897676846
Supreme Viaggi,agenzie di viaggio,"Via di Fassolo, 79/r, 16126 Genova GE, Italy",GE,081 1936 5461,http://www.supremeviaggi.it/,NOT AVAILABLE,https://maps.google.com/?cid=9114169954670440525
Taoticket Srl,agenzie di viaggio,"Via Brigata Liguria, 3/21, 16121 Genova GE, Italy",GE,010 573 3006,http://taoticket.com/,NOT AVAILABLE,https://maps.google.com/?cid=1665666415167357142
Genovagando Viaggi,agenzie di viaggio,"Via Aurelia, 24r, 16167 Genova GE, Italy",GE,010 869 6267,https://www.genovagando.it/,NOT AVAILABLE,https://maps.google.com/?cid=17554339340580891067
Medtravel Srl,agenzie di viaggio,"Piazza della Vittoria, 7/1, 16121 Genova GE, Italy",GE,010 545 5321,https://www.medtravel.it/,emailviaggi@medtravel.itraggiungicipiazza,https://maps.google.com/?cid=15025128748298045191
Faro Viaggi E Turismo Di Bertolini Massimo & C. Sas,agenzie di viaggio,"Via Garibaldi, 16r, 16124 Genova GE, Italy",GE,010 254 0901,http://www.faroviaggi.it/,NOT AVAILABLE,https://maps.google.com/?cid=11141754211726521550
Geotravels,agenzie di viaggio,"Piazza della Vittoria, 57, 16121 Genova GE, Italy",GE,010 587181,http://www.gruppostat.com/viaggi-tour/?LANG=IT,NOT AVAILABLE,https://maps.google.com/?cid=8052114686992605532
Bubble Viaggi,agenzie di viaggio,"Piazza della Vittoria, 140/R, 16121 Genova GE, Italy",GE,010 351 9011,https://www.bubbleviaggi.it/,info@bubbleviaggi.it,https://maps.google.com/?cid=1152691245739508180
Perché No Viaggi,agenzie di viaggio,"Via, Lungomare di Pegli, 59r, 16155 Genova GE, Italy",GE,010 869 8602,https://agenziaviaggigenova.it/,NOT AVAILABLE,https://maps.google.com/?cid=14695791081202686882
AGENZIA VIAGGI IL MONDO A COLORI GENOVA,agenzie di viaggio,"Lungomare di Pegli, 53/R, 16155 Genova GE, Italy",GE,010 697 2392,https://www.ilmondoacolori.it/,NOT AVAILABLE,https://maps.google.com/?cid=1630753023152249938
Azeta Viaggi S.r.l.,agenzie di viaggio,"Via Marco Sala, 29R, 16167 Città Metropolitana di Genova GE, Italy",GE,010 372 4544,http://www.azetaviaggiworld.it/,agenzia@azetaviaggiworld.it,https://maps.google.com/?cid=12214329023521276411
Il Mondo Capovolto Viaggi Di Napolitano & C. Snc,agenzie di viaggio,"Via Corsica, 7-9 rosso, 16128 Genova GE, Italy",GE,010 595 7753,http://www.mondocapovoltoviaggi.it/,info3@mondocapovoltoviaggi.it,https://maps.google.com/?cid=15483143722015626585
Ticketcrociere,agenzie di viaggio,"Via Brigata Liguria, 3/21, 16121 Genova GE, Italy",GE,010 573 3006,https://www.ticketcrociere.it/,NOT AVAILABLE,https://maps.google.com/?cid=17789439475237668572
And Travel For All Genova,agenzie di viaggio,"Via Giovanni Battista Magnaghi, 14R, 16129 Genova GE, Italy",GE,NOT AVAILABLE,http://www.andtravelforall.com/,NOT AVAILABLE,https://maps.google.com/?cid=15040935179442180902
Equipage Tour,agenzie di viaggio,"Via Brigata Liguria, 63, 16121 Genova GE, Italy",GE,010 570 1151,http://www.equipagetour.com/,NOT AVAILABLE,https://maps.google.com/?cid=7363422795677709393
Best Events and Travels,agenzie di viaggio,"Via S. Martino, 61 Rosso, 16131 Genova GE, Italy",GE,010 857 1310,http://www.betbest.org/,gabriellafuoco@betbest.org,https://maps.google.com/?cid=9878298884205877578
Agenzia Viaggi La Valigia dei Desideri,agenzie di viaggio,"Via Paolo Anfossi, 142/R, 16164 Genova GE, Italy",GE,010 860 3535,http://www.lavaligiadeidesideri.it/,NOT AVAILABLE,https://maps.google.com/?cid=10202001944302975478
Perché No Viaggi Genova,agenzie di viaggio,"Via Caterina Rossi, 5R, 16154 Genova GE, Italy",GE,010 869 3650,http://www.perchenoviaggi.com/,NOT AVAILABLE,https://maps.google.com/?cid=17623826521447449763
Terra Aria Mare Viaggi Srl,agenzie di viaggio,"Via Innocenzo Frugoni, 7/R, 16121 Genova GE, Italy",GE,010 595 4716,http://www.tamviaggi.it/,NOT AVAILABLE,https://maps.google.com/?cid=6706551757710948675
Agenzia Viaggi Alisei - Welcome Travel Genova - Well Insurance Broker Genova,agenzie di viaggio,"Via Edmondo de Amicis, 24, 16122 Genova GE, Italy",DE,010 561051,https://www.aliseiviaggi.it/,prenotazioni@aliseiviaggi.it,https://maps.google.com/?cid=8843679615631486368
Prime Time - La boutique del viaggio in Liguria,agenzie di viaggio,"C.so Torino, 1, 16129 Genova GE, Italy",GE,338 487 9916,https://www.primetimeviaggi.com/,01055310997info@primetimeviaggi.comrea,https://maps.google.com/?cid=6265346209828173503
Agenzia di Viaggi Viva Viajes Genova,agenzie di viaggio,"Via Carlo Rolando, 50 R, 16149 Genova GE, Italy",GE,347 538 8400,https://vivaviajesitalia.com/site/clientes/,NOT AVAILABLE,https://maps.google.com/?cid=13730756726275736853
Fieschi Travel,agenzie di viaggio,"Via Fieschi, 56r, 16121 Genova GE, Italy",GE,010 531 9498,http://www.fieschitravel.it/,NOT AVAILABLE,https://maps.google.com/?cid=14411212519224647991
Viaggi Atelier by LAB TRAVEL - filiale di Genova Nervi,agenzie di viaggio,"Via Guglielmo Oberdan, 148, 16167 Genova GE, Italy",GE,010 471 7365,http://viaggiatelier.com/,NOT AVAILABLE,https://maps.google.com/?cid=6013888979707806306
Portosol Viaggi,agenzie di viaggio,"Via S. Luca, 41 r, 16123 Genova GE, Italy",GE,010 265292,http://www.portosolviaggi.it/,info@portosolviaggi.it,https://maps.google.com/?cid=12344877762518250464
Bluvacanze Genova Via Cesarea,agenzie di viaggio,"Via Cesarea, 23/R, 16121 Genova GE, Italy",GE,010 595 8560,http://www.bluvacanze.it/,NOT AVAILABLE,https://maps.google.com/?cid=11778381155658303982
Gioco Viaggi,agenzie di viaggio,"Via Corsica, 6/3, 16128 Genova GE, Italy",GE,010 553 1169,http://www.giocoviaggi.com/,NOT AVAILABLE,https://maps.google.com/?cid=2829476118739381164
Flamboyant I Viaggi,agenzie di viaggio,"Corso Sardegna, 115, 16142 Genova GE, Italy",GE,010 831 1177,http://www.flambotravel.com/,prenotazioni@flambotravel.comdestinazioni,https://maps.google.com/?cid=8264961335155782359
Margi Viaggi,agenzie di viaggio,"Via Luigi Dottesio, 61r, 16149 Genova GE, Italy",GE,010 467233,https://margiviaggi.com/,NOT AVAILABLE,https://maps.google.com/?cid=12492653838770260061
Giver Travel and Cruises S.R.L.,agenzie di viaggio,"Via Anton Maria Maragliano, 15 R, 16121 Genova GE, Italy",GE,010 575 6250,https://www.giverviaggi.com/cataloghi/,info@giverviaggi.com,https://maps.google.com/?cid=8139960489602233249
Agenzia Cadmo Consulenza Viaggi Srl,agenzie di viaggio,"Via Cairoli, 49 R, 16124 Genova GE, Italy",GE,010 595 4447,http://cadmoviaggi.it/,info@cadmoviaggi.it,https://maps.google.com/?cid=6642934289938530284
Il Mondo Capovolto Viaggi Di Napolitano & C. Snc,agenzie di viaggio,"Via Pisa, 30, 16146 Genova GE, Italy",GE,010 292 5427,http://www.mondocapovoltoviaggi.it/,info3@mondocapovoltoviaggi.it,https://maps.google.com/?cid=6402945806436093182
Crucemundo Italia - Misha Travel - Genova,agenzie di viaggio,"Piazza Grimaldi, 7 R, 16124 Genova GE, Italy",GE,010 246 1630,http://www.mishatravel.com/,info@mishatravel.com,https://maps.google.com/?cid=15738666581339980053
Shadow Travel,agenzie di viaggio,"Via Murcarolo, 57/R, 16167 Genova GE, Italy",GE,010 372 7828,https://www.shadowtravel.it/,marina@shadowtravel.itindirizzovia,https://maps.google.com/?cid=10984070863110840124
Indiana Jones Viaggi di Raffaella Peruzzi,agenzie di viaggio,"Piazza Albertina, 8/r, 16154 Genova GE, Italy",GE,010 601 3328,NOT AVAILABLE,NOT AVAILABLE,https://maps.google.com/?cid=2353668525390657428
Sivori Viaggi,agenzie di viaggio,"Via Fieschi, 45R, 16121 Genova GE, Italy",GE,010 570 0480,https://www.sivoriviaggi.com/,NOT AVAILABLE,https://maps.google.com/?cid=15787913560474352524
And Travel For All,agenzie di viaggio,"Via Vincenzo Blelè, 3, 16143 Genova GE, Italy",GE,010 522 2188,http://www.andtravelforall.com/,NOT AVAILABLE,https://maps.google.com/?cid=12622760675244417323
Agenzia Viaggi Mako Tour - Genova,agenzie di viaggio,"Via Paglia, 41 A, 16154 Genova GE, Italy",GE,010 869 0331,http://www.makotourviaggi.it/,NOT AVAILABLE,https://maps.google.com/?cid=7165907234879865549
La Via,agenzie di viaggio,"Via Tommaso Reggio, 45r, 16123 Genova GE, Italy",GE,010 254 3489,http://www.laviasrl.biz/,NOT AVAILABLE,https://maps.google.com/?cid=5839017290981161471
Italicaintour Viaggi & Vacanze Genova,agenzie di viaggio,"Corso Alessandro de Stefanis, 114, 16139 Genova GE, Italy",DE,010 868 5369,https://www.sitravelgenova.com/,info@sitravelgenova.com,https://maps.google.com/?cid=7843791084605735489
Hollywood Agenzia Di Viaggi Genova,agenzie di viaggio,"Corso Sardegna, 211r, 16142 Genova GE, Italy",GE,010 522 0831,NOT AVAILABLE,NOT AVAILABLE,https://maps.google.com/?cid=10348394618916343074
Insolitemete .....Viaggi Avventura e Cultura,agenzie di viaggio,"Via di Scurreria, 11r, 16123 Genova GE, Italy",GE,010 982 4581,http://www.insolitemete.net/,info@insolitemete.net,https://maps.google.com/?cid=5271316166858807768
Tour Liguria by Volver,agenzie di viaggio,"Via Giuseppe Macaggi, 23, 16121 Genova GE, Italy",GE,010 098 0269,http://www.tourliguria.com/,NOT AVAILABLE,https://maps.google.com/?cid=4658533345271689558
Margi Viaggi 2,agenzie di viaggio,"Via Faliero Vezzani, 17D rosso, 16159 Genova GE, Italy",GE,010 745 2563,NOT AVAILABLE,NOT AVAILABLE,https://maps.google.com/?cid=12483039230336625119
Malta Travel,agenzie di viaggio,"Via Cesarea, 71r, 16121 Genova GE, Italy",GE,010 542002,http://www.malta-travel.it/,NOT AVAILABLE,https://maps.google.com/?cid=9255388261651826460
Quinto Viaggi,agenzie di viaggio,"Via Quinto, 90/R, 16166 Genova GE, Italy",GE,010 323 1043,http://www.quintoviaggi.com/,NOT AVAILABLE,https://maps.google.com/?cid=8042045794426697741
Gattinoni Travel Store Genova,agenzie di viaggio,"Via Ceccardo Roccatagliata Ceccardi, 5/7, 16121 Genova GE, Italy",GE,010 544341,https://www.gattinonitravel.it/?utm_source=gbp&utm_medium=local&utm_campaign=drivetostore,NOT AVAILABLE,https://maps.google.com/?cid=10323800270092517886
Maniman Viaggi,agenzie di viaggio,"Via Eugenio Ruspoli, 44, 16129 Genova GE, Italy",GE,393 921 2243,NOT AVAILABLE,NOT AVAILABLE,https://maps.google.com/?cid=11583583300110775413
Fes Sas Agenzia Viaggi,agenzie di viaggio,"Via Milano, 133, 16149 Genova GE, Italy",GE,010 251 7700,NOT AVAILABLE,NOT AVAILABLE,https://maps.google.com/?cid=4715667094538159380
Go Genova Tours,agenzie di viaggio,"Via S. Lorenzo, 61, 16123 Genova GE, Italy",GE,335 606 3687,https://www.gogenova.com/,infotour@gogenova.com,https://maps.google.com/?cid=5141013840956605148
Osiris Travel,agenzie di viaggio,"Piazza della Vittoria, 57 r, 16121 Genova GE, Italy",GE,010 247 6476,http://www.osiristravel.it/,osiristravel@osiristravel.it,https://maps.google.com/?cid=5811926238639954040
Baleno International Tour,agenzie di viaggio,"Via de Marini, 15, 16149 Genova GE, Italy",DE,010 859 2950,http://www.balenoviaggi.it/,info@balenoviaggi.it,https://maps.google.com/?cid=13093963719390455893
Discover Genoa & The Italian Riviera,agenzie di viaggio,"Corso Monte Grappa, 32, 16137 Genova GE, Italy",GE,349 604 4703,https://www.discovergenoa-riviera.com/,info@discovergenoa-riviera.com,https://maps.google.com/?cid=12327071225186489577
Saeta Viaggi,agenzie di viaggio,"Via Walter Fillak, 72 rosso, 16151 Genova GE, Italy",GE,392 182 6710,NOT AVAILABLE,NOT AVAILABLE,https://maps.google.com/?cid=6039907479636298121
TravelDesk,agenzie di viaggio,"Via Nino Bixio, 6, 16124 Genova GE, Italy",GE,010 414668,https://traveldesk.it/,NOT AVAILABLE,https://maps.google.com/?cid=12348270180221187482
