name,niche,address,state,phone_number,website,result_url
Delah Coffee,coffee shops,"370 4th St, San Francisco, CA 94107, USA",CA,(415) 377-2444,https://delahcoffee.com/order-online/,https://maps.google.com/?cid=10682847123881919373
Caffe Trieste,coffee shops,"601 Vallejo St., San Francisco, CA 94133, USA",CA,(415) 392-6739,https://caffetrieste.com/,https://maps.google.com/?cid=17162634662590724078
Simple Pleasures Cafe,coffee shops,"3434 Balboa St, San Francisco, CA 94121, USA",CA,(415) 387-4022,https://facebook.com/Simple-Pleasures-Cafe-111319895562806,https://maps.google.com/?cid=13828349225651807365
Scullery,coffee shops,"687 Geary St, San Francisco, CA 94102, USA",CA,(415) 440-4497,http://www.scullerysf.com/,https://maps.google.com/?cid=10381799083371853276
The Buena Vista,coffee shops,"2765 Hyde St, San Francisco, CA 94109, USA",CA,(415) 474-5044,http://www.thebuenavista.com/home/home.html,https://maps.google.com/?cid=14927879775871877059
The Coffee Berry SF,coffee shops,"1410 Lombard St, San Francisco, CA 94123, USA",CA,(415) 800-7073,http://thecoffeeberrysf.com/,https://maps.google.com/?cid=5181132708478222499
Sextant Coffee Roasters,coffee shops,"1415 Folsom St, San Francisco, CA 94103, USA",CA,(415) 355-1415,http://sextantcoffee.com/,https://maps.google.com/?cid=16500984014294458956
Flywheel Coffee Roasters,coffee shops,"672 Stanyan St, San Francisco, CA 94117, USA",CA,(415) 682-4023,https://flywheelcoffee.com/,https://maps.google.com/?cid=15746101247581114744
Blue Bottle Coffee,coffee shops,"315 Linden St, San Francisco, CA 94102, USA",CA,(510) 661-3510,https://bluebottlecoffee.com/,https://maps.google.com/?cid=13757888117856636050
Golden Bear Trading Company,coffee shops,"1401 6th Ave, San Francisco, CA 94122, USA",CA,(415) 664-5574,http://goldenbeartrading.com/,https://maps.google.com/?cid=11656752298015740408
Ritual Coffee Roasters,coffee shops,"432b Octavia St, San Francisco, CA 94102, USA",CA,(415) 865-0989,http://ritualcoffee.com/,https://maps.google.com/?cid=10903372771022708750
Ritual Coffee Roasters,coffee shops,"1026 Valencia St, San Francisco, CA 94110, USA",CA,(415) 641-1011,http://ritualcoffee.com/,https://maps.google.com/?cid=7742604836892468051
CoffeeShop,coffee shops,"2761 21st St, San Francisco, CA 94110, USA",CA,(415) 368-3802,https://www.coffeeshopsf.com/,https://maps.google.com/?cid=9445147020976918170
Four Barrel Coffee,coffee shops,"375 Valencia St, San Francisco, CA 94103, USA",CA,(415) 935-0604,http://www.fourbarrelcoffee.com/,https://maps.google.com/?cid=15508552329857280923
The Mill,coffee shops,"736 Divisadero St, San Francisco, CA 94117, USA",CA,(415) 345-1953,http://www.themillsf.com/,https://maps.google.com/?cid=1754822383999794408
Taylor Street Coffee Shop,coffee shops,"375 Taylor St, San Francisco, CA 94102, USA",CA,(415) 567-4031,http://taylor-street-coffee-shop.cafes-city.com/,https://maps.google.com/?cid=2227743258398093537
Doppio Coffee & Brunch,coffee shops,"1551 Mission St, San Francisco, CA 94103, USA",CA,(628) 867-7985,https://doppiosf.com/,https://maps.google.com/?cid=16475263059648961979
Peak Builders & Roofers of San Diego,roofers,"8340 Vickers St K, San Diego, CA 92111, USA",CA,(619) 330-8185,https://peakbuilderssd.com/,https://maps.google.com/?cid=7211608722199357796
Roofing Specialists of San Diego,roofers,"7905 Silverton Ave UNIT 112, San Diego, CA 92126, USA",CA,(858) 922-5903,https://roofingspecialistsofsandiego.com/,https://maps.google.com/?cid=14169631627649556293
Dana Logsdon Roofing & Solar,roofers,"1483 Cuyamaca St, El Cajon, CA 92020, USA",CA,(619) 390-8177,https://www.roofon.com/?utm_source=organic&utm_medium=google_business_profile,https://maps.google.com/?cid=6918272685687178631
Resilient Roofing,roofers,"7950 Dunbrook Rd, San Diego, CA 92126, USA",CA,(619) 501-2138,https://www.resilientroofing.com/,https://maps.google.com/?cid=7474183466246809583
Ascent Roofing San Diego,roofers,"2525 Southport Way ste j, National City, CA 91950, USA",CA,(858) 462-7753,https://www.ascentroofingsd.com/,https://maps.google.com/?cid=17445255266170836967
619 Roofing,roofers,"3930 Oregon St Suite 254, San Diego, CA 92104, USA",CA,(619) 609-0214,https://619roofing.com/,https://maps.google.com/?cid=4151002491094563288
"San Diego Roofing, INC.",roofers,"2811 Adams Ave, San Diego, CA 92116, USA",CA,(619) 280-1000,http://www.sandiegoroofing.com/,https://maps.google.com/?cid=7883508159044240954
The Roof Masters,roofers,"2304 La Mirada Dr, Vista, CA 92081, USA",LA,(619) 943-1087,http://socalroofmasters.com/?utm_campaign=gmb,https://maps.google.com/?cid=6581824322480043161
Atlas Roofing,roofers,"4455 Murphy Canyon Rd #100, San Diego, CA 92123, USA",CA,(866) 303-2912,https://atlasroofingpro.com/service-area/san-diego/?utm_source=google&utm_medium=gbp&utm_campaign=san_diego,https://maps.google.com/?cid=6625628013559534912
Alma Roofing,roofers,"4538 Cass St, San Diego, CA 92109, USA",CA,(619) 693-3670,https://www.almaroofingsd.com/?utm_campaign=gmb,https://maps.google.com/?cid=14478011270056824890
Build Brothers Inc.,roofers,"7765 Arjons Dr, San Diego, CA 92126, USA",CA,(760) 566-7734,http://www.buildbrothersinc.com/,https://maps.google.com/?cid=17565532506978228364
TR Construction,roofers,"9335 Mira Mesa Blvd, San Diego, CA 92126, USA",CA,(858) 537-6490,http://www.tr-construction.com/,https://maps.google.com/?cid=3212280450433969149
San Diego County Roofing & Solar,roofers,"1761 Hotel Cir S Suite 110, San Diego, CA 92108, USA",CA,(855) 732-6868,https://sandiegocountyroofing.com/,https://maps.google.com/?cid=16183662240841185896
Colin's Emergency Roofers,roofers,"6922 Mission Gorge Rd #9030, San Diego, CA 92120, USA",CA,(858) 923-4199,NOT AVAILABLE,https://maps.google.com/?cid=5377177369091017885
"Christian Roofing, Inc",roofers,"1226 Greenfield Dr, El Cajon, CA 92021, USA",CA,(619) 812-2407,https://www.christianroofing.com/,https://maps.google.com/?cid=8961059809237965284
RC Roofing Inc.,roofers,"8360 Clairemont Mesa Blvd STE 105, San Diego, CA 92111, USA",CA,(858) 274-8920,https://rcroofinginc.com/,https://maps.google.com/?cid=1596409624706114107
"Premium Roof Services, Inc.",roofers,"659 Grand Ave, Spring Valley, CA 91977, USA",CA,(619) 239-8880,https://www.premiumroofservices.com/,https://maps.google.com/?cid=8416128180615032992
"Mark Anthony Construction and Roofing, Inc.",roofers,"133 N Pacific St Suite A, San Marcos, CA 92069, USA",CA,(760) 803-7534,http://www.markanthonyconstructionandroofing.com/,https://maps.google.com/?cid=15371407076265913981
Preman Roofing-Solar,roofers,"875 34th St, San Diego, CA 92102, USA",CA,(619) 568-2762,http://www.premanroofing.com/?utm_source=GMBlisting&utm_medium=organic&utm_source=GMBlisting&utm_medium=organic,https://maps.google.com/?cid=298859794146197925
Exclusively Roofing Inc.,roofers,"4013 Texas St UNIT 4, San Diego, CA 92104, USA",CA,(619) 663-1261,https://www.exclusivelyroofinginc.com/,https://maps.google.com/?cid=12258985137598981909
Benefit Roofing,roofers,"360 E 2nd St 8th Floor, Los Angeles, CA 90012, USA",CA,(800) 670-2551,http://benefitroofing.com/,https://maps.google.com/?cid=16239857407241510872
Quality Roofing Specialists,roofers,"1444 N Poinsettia Pl Unit 308, Los Angeles, CA 90046, USA",CA,(310) 340-1643,https://qualityroofingspecialists.com/,https://maps.google.com/?cid=7072551311221462379
The Local Roofers Builders,roofers,"446 S Curson Ave, Los Angeles, CA 90036, USA",CA,(213) 322-6765,NOT AVAILABLE,https://maps.google.com/?cid=15011340305109380539
Golden Team Roofing,roofers,"8228 W 3rd St, Los Angeles, CA 90048, USA",CA,(310) 499-6183,https://goldenteamroofs.com/,https://maps.google.com/?cid=1004257637920752752
Bilt-Well Roofing,roofers,"3310 Verdugo Rd, Los Angeles, CA 90065, USA",CA,(323) 254-2888,https://biltwellroofing.com/,https://maps.google.com/?cid=10765647654940047100
All In Roofing,roofers,"800 S Eastman Ave, Los Angeles, CA 90023, USA",CA,(888) 695-7473,https://allinroofingla.com/,https://maps.google.com/?cid=6622029887726846296
Specialist Roofing & Repair,roofers,"1061 N Victory Pl, Burbank, CA 91502, USA",CA,(626) 624-4897,https://www.specialistroofing.com/,https://maps.google.com/?cid=5746429745870777626
LARA'S ROOF,roofers,"344 Hauser Blvd, Los Angeles, CA 90036, USA",CA,(888) 708-8889,https://www.larasroof.com/,https://maps.google.com/?cid=14941514582686425519
Alpha One Construction Inc,roofers,"5827 Franklin Ave, Los Angeles, CA 90028, USA",CA,(818) 793-1060,https://alphaoneconstructioninc.com/,https://maps.google.com/?cid=14754859427408457089
Roof Replacement Inc,roofers,"7034 Van Nuys Blvd Suite #200, Van Nuys, CA 91405, USA",CA,(213) 523-3145,http://www.roofreplacementca.com/?utm_campaign=gmb,https://maps.google.com/?cid=11797993787120007684
Costar Roofing Los Angeles,roofers,"718 S Hill St, Los Angeles, CA 90014, USA",CA,(818) 639-7731,https://costarroofinginc.com/?utm_campaign=gmb,https://maps.google.com/?cid=1152198601632468718
Metal Roofing Los Angeles,roofers,"1225 Cypress Ave Ste 3 #V119, Los Angeles, CA 90065, USA",CA,(323) 968-6348,https://www.metalroofinglosangeles.net/,https://maps.google.com/?cid=9698397012099201949
Lawsons Los Angeles Roofing | Roof Replacement & Repair,roofers,"14412 Victory Blvd STE 112, Van Nuys, CA 91401, USA",CA,(747) 233-5690,https://roofing-contractor.us/,https://maps.google.com/?cid=13070784424298115348
All Things Roofing LA,roofers,"3746 W 104th St, Inglewood, CA 90303, USA",CA,(310) 435-8293,http://allthingsroofing.squarespace.com/,https://maps.google.com/?cid=10117052485564375498
Power Roofing,roofers,"950 S Fairfax Ave Suite 238, Los Angeles, CA 90036, USA",CA,(424) 999-7359,http://www.power-roofing.com/,https://maps.google.com/?cid=4808282510465198429
Best Team Roofing & Exteriors,roofers,"155 Occidental Blvd #228, Los Angeles, CA 90026, USA",CA,(213) 642-2600,https://allstarsroofingpros.com/,https://maps.google.com/?cid=4129982399364757687
JM Roofing 3rd Generation,roofers,"1242 E 59th St, Los Angeles, CA 90001, USA",CA,(323) 245-9154,NOT AVAILABLE,https://maps.google.com/?cid=13568873739710926561
Rafael And Iris Roofing,roofers,"5352 Laurel Canyon Blvd Ste 206, Valley Village, CA 91607, USA",CA,(818) 629-9994,http://rafaelandirisroofing.com/,https://maps.google.com/?cid=8252237501946833951
Bumble Roofing of Los Angeles,roofers,"6800 Owensmouth Ave STE 410, Canoga Park, CA 91303, USA",CA,(844) 558-1002,https://bumbleroofing.com/los-angeles/?utm_source=google&utm_medium=organic&utm_campaign=LosAngeles,https://maps.google.com/?cid=14137950289443627928
My Way Roofing,roofers,"6717 Wynne Ave, Reseda, CA 91335, USA",CA,(866) 220-0314,https://mywayroofing.com/,https://maps.google.com/?cid=16265527100781248567
Eco Smart Roofer,roofers,"553 25th Ave, San Francisco, CA 94121, USA",CA,(415) 240-9840,https://www.ecosmartroofer.com/,https://maps.google.com/?cid=9390240640087554106
ROOFWORX Inc. – Licensed Roofing Contractor in San Francisco,roofers,"1485 Bayshore Blvd 182 suite 418, San Francisco, CA 94124, USA",CA,(855) 209-0872,https://roofworxca.com/?utm_source=google&utm_medium=google-business-profile&utm_campaign=san-francisco,https://maps.google.com/?cid=824279932290793173
7x7 Roofing,roofers,"2443 Fillmore St, San Francisco, CA 94115, USA",CA,(415) 535-8170,https://www.7x7roofing.com/,https://maps.google.com/?cid=16936888400948220706
ROOF EXPRESS,roofers,"58 W Portal Ave, San Francisco, CA 94127, USA",CA,(650) 666-5554,https://roof-ex.com/,https://maps.google.com/?cid=13257844389379386946
ELM Roofing Contractors Inc,roofers,"1485 Bayshore Blvd #320p, San Francisco, CA 94124, USA",CA,(415) 534-4396,https://elmroofingcontractor.com/?utm_source=GBP&utm_medium=Google&utm_campaign=gbp_traffic,https://maps.google.com/?cid=7236100446150574038
"Mr. Roofing, Inc.",roofers,"101 1st St, South San Francisco, CA 94080, USA",CA,(650) 832-9995,https://www.mrroofing.net/,https://maps.google.com/?cid=9636288277692146844
Apollo Roofing Company,roofers,"500 Beale St #129, San Francisco, CA 94105, USA",CA,(925) 701-8458,https://www.apolloroofingcompany.com/locations/san-francisco,https://maps.google.com/?cid=4118125305189557039
SF Roof Specialists,roofers,"2001 Van Ness Ave, San Francisco, CA 94109, USA",CA,(628) 209-0999,https://sanfranciscoroofspecialists.homes/,https://maps.google.com/?cid=3106237835116862131
Marina Bay Roofing,roofers,"4411 Geary Blvd # 301, San Francisco, CA 94118, USA",CA,(628) 233-8140,https://marinabayroofing.com/,https://maps.google.com/?cid=2736931817374382043
Anthony's Roofing Company,roofers,"5520 Geary Blvd, San Francisco, CA 94121, USA",CA,(628) 300-0309,https://anthonysroofingcompany.homes/,https://maps.google.com/?cid=11109372266409711431
Premier Roofing Solutions,roofers,"42 Dore St, San Francisco, CA 94103, USA",CA,(628) 877-2090,https://premierroofingsolutions.homes/,https://maps.google.com/?cid=16263930553591933533
Tom Lee Roofing Inc,roofers,"243 Onondaga Ave, San Francisco, CA 94112, USA",CA,(415) 333-5373,http://www.tomleeroofing.com/,https://maps.google.com/?cid=14901275999793543087
Metal Roofing San Francisco,roofers,"Yerba Buena Square Shopping Center, 430 Howard St #801, San Francisco, CA 94103, USA",CA,(415) 325-2038,https://www.metalroofingsanfrancisco.com/,https://maps.google.com/?cid=10051708388536904384
San Francisco Roofing Pro,roofers,"1727 Taraval St, San Francisco, CA 94116, USA",CA,(628) 500-7390,https://apexsheetmetal.homes/,https://maps.google.com/?cid=15682379421052012589
"Ace Roofing SF, Inc",roofers,"1525 Bancroft Ave, San Francisco, CA 94124, USA",CA,(415) 872-9300,https://aceroofingsf.com/,https://maps.google.com/?cid=8286340216768527095
Blake Roofing,roofers,"1900 Mission St, San Francisco, CA 94103, USA",CA,(628) 500-9304,https://blakeroofing.homes/,https://maps.google.com/?cid=7916360223679354894
Royal Roofing CA,roofers,"109 Northcrest Dr, South San Francisco, CA 94080, USA",CA,(408) 418-2474,https://royalroofingca.com/,https://maps.google.com/?cid=4780210038701512912
Bay Contractors & Roofing,roofers,"2428 Clement St, San Francisco, CA 94121, USA",CA,(628) 300-3066,https://baycontractorsroofing.homes/,https://maps.google.com/?cid=1709402141551204227
Apex Roofing Company,roofers,"2181 Irving St, San Francisco, CA 94122, USA",CA,(628) 500-9096,https://apexroofingcompany.homes/,https://maps.google.com/?cid=5186171715514387222
New City Roofing Co,roofers,"2825 Mariposa St, San Francisco, CA 94110, USA",CA,(628) 300-3022,https://newcityroofingco.homes/,https://maps.google.com/?cid=6834435743793493550
Phoenix Roofing and Repair,roofers,"532 E Maryland Ave # F, Phoenix, AZ 85012, USA",AZ,(602) 497-0154,https://phoenixroofingandrepair.com/,https://maps.google.com/?cid=5726557246890107839
Stonecreek Roofing,roofers,"10221 N 32nd St ste a, Phoenix, AZ 85028, USA",AZ,(602) 324-3400,https://www.stonecreekroofingaz.com/,https://maps.google.com/?cid=11955071627066017057
Lyons Roofing,roofers,"878 W Illini St, Phoenix, AZ 85041, USA",AZ,(602) 598-5877,https://www.lyonsroofing.com/,https://maps.google.com/?cid=11621061264450053739
Reimagine Roofing,roofers,"1100 E Washington St #200, Phoenix, AZ 85034, USA",AZ,(480) 900-7663,https://www.reimagineroofing.com/,https://maps.google.com/?cid=2584176322986812536
Brown Roofing LLC,roofers,"11627 N 17th Pl, Phoenix, AZ 85020, USA",AZ,(602) 626-5559,https://www.brownroofingaz.com/,https://maps.google.com/?cid=69019602943403934
Arizona Roofers,roofers,"4836 E McDowell Rd C100, Phoenix, AZ 85008, USA",AZ,(480) 613-8932,https://arizonaroofers.com/,https://maps.google.com/?cid=12105835000862144664
Scott Roofing Company,roofers,"24777 N 15th Ave, Phoenix, AZ 85085, USA",AZ,(602) 442-7663,https://scottroofingco.com/,https://maps.google.com/?cid=15607050616989587939
TSM Roofing LLC,roofers,"2401 W Behrend Dr Suite 33, Phoenix, AZ 85027, USA",AZ,(623) 213-8267,http://tsmroofs.com/,https://maps.google.com/?cid=13409765124514850030
AZ Shingle Pros,roofers,"22402 N 24th Ave Ste 3, Phoenix, AZ 85027, USA",AZ,(602) 888-3744,https://azshinglepros.com/?utm_source=google&utm_medium=organic&utm_campaign=gmb,https://maps.google.com/?cid=12488864221087961197
Phoenix Roofers by Allstate Roofing Contractors,roofers,"2955 W Clarendon Ave, Phoenix, AZ 85017, USA",AZ,(602) 484-7663,https://www.allstateroofingaz.com/phoenix/,https://maps.google.com/?cid=5608614300459246287
Rob's Roofing LLC,roofers,"2198 E Camelback Rd Ste 200, Phoenix, AZ 85016, USA",AZ,(833) 410-9663,https://robsroofingaz.com/,https://maps.google.com/?cid=13643638388667280388
Multi Pro Roof Solutions,roofers,"2027 W Bethany Home Rd, Phoenix, AZ 85015, USA",AZ,(602) 888-7663,http://www.multiproroof.com/,https://maps.google.com/?cid=6168134536293989557
Arizona Roofing and Restoration,roofers,"6531 N 10th Pl, Phoenix, AZ 85014, USA",AZ,(480) 771-8876,https://azroofpros.com/,https://maps.google.com/?cid=2716455707767470745
Phoenix Roofing,roofers,"20 E Thomas Rd #2200, Phoenix, AZ 85012, USA",AZ,(480) 487-5233,https://phoenixroofing.com/,https://maps.google.com/?cid=11016945960069046810
KY-KO Roofing,roofers,"1825 W Knudsen Dr #220B, Phoenix, AZ 85027, USA",AZ,(602) 755-4065,https://www.kykoroofing.com/,https://maps.google.com/?cid=835768753904804079
"Right Way Roofing, Inc.",roofers,"8255 E Willetta St, Mesa, AZ 85207, USA",AZ,(602) 461-7258,https://azroof.com/?utm_source=GMB&utm_medium=local&utm_campaign=mesa-az,https://maps.google.com/?cid=13143204988469895783
SUNVEK Roofing,roofers,"525 E Pinnacle Peak Rd #180, Phoenix, AZ 85024, USA",AZ,(623) 349-7663,https://sunvek.com/,https://maps.google.com/?cid=10150540721923233754
RENCO Roofing,roofers,"2210 W Shangri La Rd a1, Phoenix, AZ 85029, USA",LA,(602) 867-9386,https://www.rencoroofing.com/?utm_source=google_business_profile&utm_medium=website_link&utm_campaign=gmb&utm_id=local_seo,https://maps.google.com/?cid=1714919149550562573
Reyes Roofing LLC,roofers,"2733 W Maryland Ave, Phoenix, AZ 85017, USA",AZ,(480) 828-3040,http://reyesroofingllc.co/,https://maps.google.com/?cid=1235763497814630969
Canyon State Roofing & Consulting,roofers,"4809 E Thistle Landing Dr #100, Phoenix, AZ 85044, USA",AZ,(602) 400-1635,https://canyonstateroofs.com/,https://maps.google.com/?cid=16399829067845022788
The Roofing Company LLC,roofers,"3432 N Bruce St, N #3, North Las Vegas, NV 89030, USA",NV,(702) 903-4225,https://roofingcompanylv.com/,https://maps.google.com/?cid=1514334069775493058
Discount Roofing of Nevada LLC,roofers,"6610 W Atwood Ave, Las Vegas, NV 89108, USA",NV,(702) 927-0008,http://www.discountroofingnv.com/,https://maps.google.com/?cid=2350267546420272425
Desert Valley Roofing LLC,roofers,"8320 S Lindell Rd, Las Vegas, NV 89139, USA",NV,(702) 558-8775,http://www.desertvalleyroofingvegas.com/,https://maps.google.com/?cid=16704616201283284445
Fortitude Roofing,roofers,"1310 S 3rd St Suite 100, Las Vegas, NV 89104, USA",NV,(725) 233-0251,https://fortituderoofing.com/,https://maps.google.com/?cid=8753335246706531096
Best Choice Roofing,roofers,"6280 S Valley View Blvd # 604, Las Vegas, NV 89118, USA",NV,(725) 215-6117,https://www.bestchoiceroofing.com/locations/nevada/las-vegas/?utm_source=gmb&utm_medium=organic,https://maps.google.com/?cid=5900157625049306901
Vegas Born Roofing,roofers,"4205 W Tompkins Ave STE 6, Las Vegas, NV 89103, USA",NV,(702) 876-2630,https://vegasbornroofing.com/,https://maps.google.com/?cid=17679073800433065916
Integrity Roofing LLC,roofers,"4020 N Cunning Fellow Ct, Las Vegas, NV 89129, USA",CT,(702) 205-8080,https://integrityroofinglv.com/,https://maps.google.com/?cid=8260283229744920918
"The Roof Doctor, LLC",roofers,"5000 W Oakey Blvd, Las Vegas, NV 89146, USA",NV,(702) 251-7663,https://theroofdoctorlv.com/,https://maps.google.com/?cid=662201245901096100
Professional Roofing Services,roofers,"4180 W Patrick Ln, Las Vegas, NV 89118, USA",NV,(702) 500-0670,https://www.onestoproofshop.com/,https://maps.google.com/?cid=4622737674934180277
First Quality Roofing & Insulation,roofers,"3141 Westwood Dr, Las Vegas, NV 89109, USA",NV,(702) 262-7847,http://www.firstqualityroof.com/,https://maps.google.com/?cid=6789825689490306611
Commercial Roofers Inc,roofers,"3865 W Naples Dr #3801, Las Vegas, NV 89103, USA",NV,(702) 876-1777,http://www.commroof.com/,https://maps.google.com/?cid=18233161027263005008
Rhino Roofing LLC,roofers,"3111 S Valley View Blvd Suite B-102, Las Vegas, NV 89102, USA",NV,(702) 805-8100,https://rhinoroofingllcnv.com/,https://maps.google.com/?cid=7331276573681413095
"Ariat Roofing, Inc.",roofers,"3261 E Warm Springs Rd, Las Vegas, NV 89120, USA",NV,(702) 982-1382,https://ariatroofing.com/,https://maps.google.com/?cid=11995173406488438414
Erie Home,roofers,"2830 Ferne Drive Building E, Las Vegas, NV 89104, USA",NV,(725) 201-9433,https://eriehome.com/locations/roofing/las-vegas-nv?utm_source=gbp&utm_medium=roofing&utm_campaign=Las-Vegas,https://maps.google.com/?cid=2446471086850472782
Nevada Exteriors - Roofing,roofers,"6295 Harrison Dr Ste 7, Las Vegas, NV 89120, USA",NV,(702) 210-6709,https://nevadaexteriors.com/,https://maps.google.com/?cid=2970193626993925119
All State Roofing,roofers,"1810 E Sahara Ave #327, Las Vegas, NV 89104, USA",NV,(702) 248-7663,http://www.roof.vegas/,https://maps.google.com/?cid=15028779800677253963
One Roofing Company,roofers,"3625 W Teco Ave #10, Las Vegas, NV 89118, USA",NV,(702) 463-7663,http://www.oneroofingcompany.com/,https://maps.google.com/?cid=15413655920349437983
A Step Above Inc.,roofers,"3400 W Desert Inn Rd #14, Las Vegas, NV 89102, USA",NV,(702) 810-7479,http://astepabovelasvegas.com/,https://maps.google.com/?cid=17825641177829966618
Roof It Right,roofers,"2410 N Decatur Blvd #135, Las Vegas, NV 89108, USA",NV,(702) 791-2475,http://www.roofitright.com/,https://maps.google.com/?cid=12512745373537365799
Elite Roofing & Solar,roofers,"5475 Peoria St #4-106, Denver, CO 80239, USA",CO,(303) 296-0361,https://www.elite-roofs.com/denver-roofers/?utm_source=GBP&utm_medium=Google&utm_campaign=GBP_Denver_Page,https://maps.google.com/?cid=9937016880599290217
"Peak To Peak Roofing & Exteriors, LLC",roofers,"4155 E Jewell Ave #1100, Denver, CO 80222, USA",CO,(720) 740-4325,http://www.peaktopeakroofing.com/,https://maps.google.com/?cid=9383004836693479251
Lifetime Roof & Solar - Denver,roofers,"9525 E 40th Ave suite 160C, Denver, CO 80238, USA",CO,(303) 335-6097,https://mylifetimehome.com/services/residential-roofing-installations/,https://maps.google.com/?cid=16861356970979921575
"Interstate Roofing, Inc.",roofers,"1000 W 47th Ave, Denver, CO 80211, USA",CO,(303) 763-9114,https://www.interstateroof.com/,https://maps.google.com/?cid=12865583747964895979
730 South Exteriors & Roofing,roofers,"2281 S Acoma St, Denver, CO 80223, USA",CO,(303) 698-0580,https://730southexteriors.com/?utm_source=google&utm_medium=organic&utm_campaign=gmb,https://maps.google.com/?cid=14071809818707388787
New Roof Plus,roofers,"110 16th St Mall Suite 1455, Denver, CO 80202, USA",CO,(303) 529-7554,https://www.newroofplus.com/?utm_campaign=gmb,https://maps.google.com/?cid=1849330132689814522
Sol Vista Roofing,roofers,"5855 E 45th Ave A-132, Denver, CO 80216, USA",CO,(720) 665-9868,https://solvistaroofing.com/,https://maps.google.com/?cid=6233995028478039051
Formula Roofing and Remodeling,roofers,"4560 Columbine St, Denver, CO 80216, USA",CO,(303) 600-8696,http://www.formularoofing.com/,https://maps.google.com/?cid=171772518342156819
1st Priority Roofing,roofers,"9800 Mount Pyramid Ct #4051, Englewood, CO 80112, USA",CT,(720) 271-3718,https://1stpriorityroofing.com/,https://maps.google.com/?cid=17853803902396593482
Cenco Roofing,roofers,"7400 W 20th Ave, Lakewood, CO 80214, USA",CO,(720) 613-4362,https://www.cencoroofing.com/,https://maps.google.com/?cid=5800146935809104786
Core Roofing + Solar,roofers,"4049 St Paul St, Denver, CO 80216, USA",CO,(720) 794-9144,https://www.coreroofing.com/?utm_campaign=gmb,https://maps.google.com/?cid=2319376516044281248
Mighty Dog Roofing of Downtown Denver,roofers,"3000 Lawrence St #145, Denver, CO 80205, USA",CO,(720) 796-9052,https://www.mightydogroofing.com/downtown-denver-co,https://maps.google.com/?cid=17852774354645759789
Buckhead Roofing,roofers,"501 S Cherry St # 150, Denver, CO 80246, USA",CO,(720) 743-5665,https://buckheadroofing.com/,https://maps.google.com/?cid=7375384568046616865
Integrity Pro,roofers,"1415 Park Ave W, Denver, CO 80205, USA",CO,(303) 968-9842,https://integrityproroofing.com/denver/?utm_source=google&utm_medium=organic&utm_campaign=gmb,https://maps.google.com/?cid=18102962519672985886
Metro City Roofing,roofers,"8354 E Northfield Blvd #3700, Denver, CO 80238, USA",CO,(303) 524-1000,https://metrocityroofing.com/contact/,https://maps.google.com/?cid=10330639736181144691
Red Diamond Roofing,roofers,"7000 N Broadway Unit 101, Denver, CO 80221, USA",CO,(303) 529-7025,https://reddiamondroof.com/service-areas/roofing-contractor-in-denver-colorado/?UTM_source=GMB_listing&UTM_medium=organic,https://maps.google.com/?cid=11779037291774393944
Denver Roofers LLC,roofers,"4454 Tennyson St, Denver, CO 80212, USA",CO,(720) 443-4202,http://mydenverroofers.com/,https://maps.google.com/?cid=2465384948604304540
Excel Roofing,roofers,"4510 S Federal Blvd, Englewood, CO 80110, USA",CO,(303) 761-6400,https://www.excelroofing.com/,https://maps.google.com/?cid=5234780052336074349
Horn Brothers Roofing,roofers,"2325 S Jason St, Denver, CO 80223, USA",CO,(720) 802-0259,https://hornbrothersroofing.com/?utm_campaign=gmb,https://maps.google.com/?cid=4536320718325508936
Native Roofing and Construction,roofers,"7100 N Broadway Suite 6-U, Denver, CO 80221, USA",CO,(303) 579-7774,https://www.nativeroofingconst.com/,https://maps.google.com/?cid=11379765166304090871
LOA Construction and Austin Roofing,roofers,"706 W Ben White Blvd Suite 200B, Austin, TX 78704, USA",TX,(512) 375-3654,https://www.loaconstruction.com/austin/?utm_campaign=gmb&utm_medium=organic&utm_source=gmblisting,https://maps.google.com/?cid=17935952125279937350
Austin Roofing Company & Water Damage | WDR,roofers,"9711 Beck Cir, Austin, TX 78758, USA",TX,(512) 820-6505,https://austinroofingandwaterdamage.com/,https://maps.google.com/?cid=8313547037936827743
Clear Choice Roofing - Austin,roofers,"5555 N Lamar Blvd Suite H135, Austin, TX 78751, USA",TX,(512) 712-4906,https://www.clearchoiceroofingatx.com/,https://maps.google.com/?cid=896565165582234334
HD Roofing and Repairs,roofers,"12131 Pecan St, Austin, TX 78727, USA",TX,(512) 458-6800,https://hdroofingandrepairs.com/?utm_source=google&utm_medium=organic&utm_campaign=gbp_tracking,https://maps.google.com/?cid=16548553300886546691
Austin Roofing and Construction,roofers,"1301 W Ben White Blvd #200A, Austin, TX 78704, USA",TX,(512) 629-4949,https://www.austinroofingandconstruction.com/,https://maps.google.com/?cid=17065954769229475754
Priority Roofing,roofers,"12303 Technology Blvd #900, Austin, TX 78727, USA",TX,(512) 884-1287,https://priorityroofs.com/location/austin/,https://maps.google.com/?cid=16926003095243270280
Kidd Roofing,roofers,"1212 E Anderson Ln #200, Austin, TX 78752, USA",TX,(512) 671-7791,https://www.kiddroof.com/austin-roofing/?utm_source=gmb&utm_medium=organic&utm_campaign=austin,https://maps.google.com/?cid=14145306159415636727
Ace Roofing Company,roofers,"9705 Burnet Rd Suite 415, Austin, TX 78758, USA",TX,(512) 836-7663,https://aceroofingtexas.com/,https://maps.google.com/?cid=11722281750670515523
Ja-Mar Roofing & Sheet Metal,roofers,"4101 Parkstone Heights Dr STE 250, Austin, TX 78746, USA",TX,(512) 441-8437,https://jamarroofing.com/,https://maps.google.com/?cid=6584547734636606921
Matthew Lorand Roofing,roofers,"7215 Chimney Corners, Austin, TX 78731, USA",TX,(737) 259-5428,https://matthewlorandroofing.com/?utm_source=google&utm_medium=organic&utm_campaign=gbp,https://maps.google.com/?cid=560338377130224562
Quality Roofing Austin,roofers,"8222 N Lamar Blvd suite e-43, Austin, TX 78753, USA",TX,(512) 836-3600,https://www.qualityroofingtx.com/,https://maps.google.com/?cid=18247934001336312282
Texas Choice Roofing,roofers,"310 Comal St Floor 2, Office 201, Austin, TX 78702, USA",TX,(512) 774-9149,https://txchoiceroofing.com/austin-roofing/,https://maps.google.com/?cid=2238352124667585563
Quality Exteriors,roofers,"2021 Guadalupe St Suite #260, Austin, TX 78705, USA",TX,(737) 308-2035,https://www.qualityexteriorsatx.com/,https://maps.google.com/?cid=18213071741923099702
Transcendent Roofing Of Austin,roofers,"1401 Lavaca St, Austin, TX 78701, USA",TX,(512) 387-8448,https://transcendentroofing.com/,https://maps.google.com/?cid=367463692698882679
Falcon Roofing & Restoration,roofers,"5900 Balcones Dr STE 14036, Austin, TX 78731, USA",TX,(512) 200-1539,https://falconroofingtexas.com/,https://maps.google.com/?cid=8289313412754612990
Wilson Roofing,roofers,"217-A Commons Ford Rd, Austin, TX 78733, USA",TX,(512) 263-3157,https://www.wilsonroofing.com/,https://maps.google.com/?cid=6694049715524125024
Cool Roofs,roofers,"2121 E 6th St #201, Austin, TX 78702, USA",TX,(512) 980-1297,https://coolroofs.co/location/austin/,https://maps.google.com/?cid=8979311198168961941
Longhorn Roofing,roofers,"708 Navigator Dr, Austin, TX 78717, USA",TX,(512) 572-3338,https://www.austinlonghornroofing.com/?utm_campaign=gmb,https://maps.google.com/?cid=15383604312920774442
Greater Austin Roofing,roofers,"4425 S MoPac Expy #207, Austin, TX 78735, USA",TX,(512) 945-1205,https://greateraustinroofing.com/,https://maps.google.com/?cid=10170061397738808412
Elite Roofing LLC,roofers,"7500 Rialto Blvd #250, Austin, TX 78735, USA",TX,(512) 379-7663,https://www.eliteroofpro.com/areas-we-serve/leading-roofer-in-austin,https://maps.google.com/?cid=13746101552296825367
Amstill Roofing,roofers,"14125 Memorial Dr, Houston, TX 77079, USA",TX,(281) 612-8747,https://amstillroofing.com/houston-roofing/,https://maps.google.com/?cid=6613454687948997486
314 Roofing Solutions,roofers,"6824 North Sam Houston Pkwy W, Houston, TX 77064, USA",TX,(832) 909-1681,https://314roofing.com/,https://maps.google.com/?cid=13472429021496119795
Houston Roofing & Construction,roofers,"11330 West Rd, Houston, TX 77065, USA",TX,(832) 736-2344,https://houstonroofingonline.com/?utm_source=googleMyBusiness&utm_medium=organic&utm_campaign=HoustonTx,https://maps.google.com/?cid=11498326179596372796
JC&C Roofing Company,roofers,"1220 Blalock Rd #145, Houston, TX 77055, USA",TX,(281) 498-7663,https://www.myroofimprovement.com/,https://maps.google.com/?cid=13505200621540169841
"M&M Roofing, Siding & Windows",roofers,"1656 Townhurst Dr Ste D, Houston, TX 77043, USA",TX,(713) 880-8210,https://mmroofsiding.com/locations/houston/roofing/,https://maps.google.com/?cid=1683484921973491631
EZ Roof and Construction,roofers,"6613 W Sam Houston Pkwy N, Houston, TX 77041, USA",TX,(832) 979-5409,https://ezroofhouston.com/?utm_source=google&utm_medium=organic&utm_campaign=gmb,https://maps.google.com/?cid=9499124890317759795
Moss Roofing Houston,roofers,"13100 Wortham Center Dr 3rd floor, Houston, TX 77065, USA",TX,(832) 840-8027,http://www.mossroofinghouston.com/,https://maps.google.com/?cid=2858898490055334723
"Precision Roof Crafters, Inc.",roofers,"3919 Jeanetta St, Houston, TX 77063, USA",TX,(713) 497-1211,https://precisionroofcrafters.com/?utm_campaign=gmb,https://maps.google.com/?cid=9806905594570131197
Houston Strong Roofing Company,roofers,"15705 Jarvis Rd, Cypress, TX 77429, USA",TX,(832) 271-7783,https://houstrongroofing.com/,https://maps.google.com/?cid=815205878312137423
Rose Roofing,roofers,"16000 Dillard Dr Suite C, Jersey Village, TX 77040, USA",TX,(713) 849-5155,https://www.roseroofing.com/,https://maps.google.com/?cid=4215901813040105748
Roof Squad,roofers,"19407 Park Row Blvd Suite 130, Houston, TX 77084, USA",TX,(713) 489-8064,https://www.roofsquad.com/?utm_source=Google+Business+Profile&utm_medium=organic&utm_campaign=GBPHouston,https://maps.google.com/?cid=13872135511280532981
TrueWorks Roofing,roofers,"8566 Katy Fwy Suite 122, Houston, TX 77024, USA",TX,(713) 903-7663,https://www.trueworksroofing.com/,https://maps.google.com/?cid=9999554551368075864
Monarch Roofing Houston,roofers,"1010 Oxford St, Houston, TX 77008, USA",TX,(832) 215-0987,https://www.monarch-roofing.com/?utm_source=google&utm_medium=organic&utm_campaign=gbp,https://maps.google.com/?cid=7855807539679548143
Integris Roofing Houston,roofers,"1217 W Loop N Fwy #120, Houston, TX 77055, USA",TX,(713) 587-6195,http://www.integrisroofing.com/?utm_campaign=gmb,https://maps.google.com/?cid=11911854354973007005
Advanced Roofing Solutions LLC,roofers,"1919 W Sam Houston Pkwy N #503, Houston, TX 77043, USA",TX,(832) 430-7374,https://www.advancedroofinghouston.com/,https://maps.google.com/?cid=282884789418267188
Achilles Roofing & Exteriors,roofers,"1919 W Sam Houston Pkwy N Unit #110, Houston, TX 77043, USA",TX,(832) 888-1666,https://achillesroofingtx.com/,https://maps.google.com/?cid=6931542350775546310
Priority Roofing,roofers,"260 N Sam Houston Pkwy E Suite 150, Houston, TX 77060, USA",TX,(281) 380-0357,https://priorityroofs.com/location/houston/,https://maps.google.com/?cid=13854282932049214559
JD Roofing Solutions,roofers,"10108 Veterans Memorial Dr, Houston, TX 77038, USA",TX,(832) 295-3277,https://jdroofingsolutions.com/,https://maps.google.com/?cid=16762978639508417223
"Bay Area Roofers, Inc.",roofers,"2115 County Rd 129, Pearland, TX 77581, USA",TX,(281) 482-1200,https://www.bayarearoofersinc.com/,https://maps.google.com/?cid=4439092943923831969
Quality Roofing and Contracting,roofers,"8159 Sands Point Dr, Houston, TX 77036, USA",TX,(281) 964-7767,NOT AVAILABLE,https://maps.google.com/?cid=338140377023492979
New View Roofing,roofers,"4722 Gaston Ave, Dallas, TX 75246, USA",TX,(469) 232-7220,https://newviewroofing.com/?utm_source=google&utm_medium=organic&utm_campaign=gmb,https://maps.google.com/?cid=1105106958259909671
Priority Roofing,roofers,"1420 W Mockingbird Ln Suite 540, Dallas, TX 75247, USA",TX,(469) 615-8193,https://priorityroofs.com/location/dallas/,https://maps.google.com/?cid=5422556893515006724
Blue Hammer Roofing,roofers,"8330 Lyndon B Johnson Fwy B604, Dallas, TX 75243, USA",TX,(469) 564-8357,https://bluehammerroofing.com/areas-served/dallas/?utm_campaign=gmb&utm_medium=organic&utm_source=google,https://maps.google.com/?cid=17332174047434609930
Bold Roofing - DFW's Best Roofing Contractor,roofers,"10720 Miller Rd #303, Dallas, TX 75238, USA",TX,(972) 380-9300,https://www.boldroofing.com/,https://maps.google.com/?cid=14349376085667792808
Arrington Roofing,roofers,"2203 Obenchain St, Dallas, TX 75208, USA",TX,(214) 698-8443,http://arringtonroofing.com/,https://maps.google.com/?cid=5962455575818157612
T Rock Roofing & Contracting,roofers,"9330 Lyndon B Johnson Fwy #900, Dallas, TX 75243, USA",TX,(469) 931-9867,https://www.dallasroofer.com/,https://maps.google.com/?cid=18176128875784629577
KPost Roofing & Waterproofing,roofers,"1841 W Northwest Hwy, Dallas, TX 75220, USA",TX,(469) 898-8099,https://kpostcompany.com/?utm_source=google&utm_medium=organic&utm_campaign=GMBListing-Dallas-TX,https://maps.google.com/?cid=7070032907904949613
Home Quality Solutions Roofing,roofers,"3839 McKinney Ave Suite 155-2417, Dallas, TX 75204, USA",TX,(469) 620-8306,https://homequalitysolutions.com/,https://maps.google.com/?cid=7880489632280819138
White Rock Roofing,roofers,"3500 Oak Lawn Ave #460, Dallas, TX 75219, USA",TX,(972) 777-4299,https://roofwhiterock.com/get-a-quote,https://maps.google.com/?cid=6593909658459502929
Ready Roofing & Solar,roofers,"13140 Coit Rd #510, Dallas, TX 75240, USA",TX,(972) 736-9468,https://readyrooftx.com/,https://maps.google.com/?cid=2805906050895119079
Firehouse Roofing,roofers,"5414 Forest Ln Suite B, Dallas, TX 75244, USA",TX,(214) 310-0958,https://firehouseroofing.com/dallas/,https://maps.google.com/?cid=3158454839630570629
Reveles Roofing,roofers,"5101 Parry Ave, Dallas, TX 75223, USA",TX,(214) 900-8930,http://www.revelesroofing.com/,https://maps.google.com/?cid=4729917490323823981
Sunshine Roofing,roofers,"17215 Marianne Cir, Dallas, TX 75252, USA",TX,(214) 532-8878,http://sunshineroofingtx.com/,https://maps.google.com/?cid=14028980406320120944
Results Roofing,roofers,"2828 E Trinity Mls Rd Ste 212, Carrollton, TX 75006, USA",TX,(469) 270-8037,https://www.resultsroofing.com/?utm_source=localfx&utm_medium=organic&utm_campaign=localfx&utm_content=carrolton,https://maps.google.com/?cid=15814466545776492928
Shepherd Roofing & Renovations,roofers,"2626 Cole Ave #300B, Dallas, TX 75204, USA",TX,(972) 244-3705,https://www.shepherdroofingrenovations.com/,https://maps.google.com/?cid=9662168627397427558
Bert Roofing Inc.,roofers,"10021 Cayuga Dr, Dallas, TX 75228, USA",TX,(214) 239-2699,https://bertroofing.com/?utm_campaign=gmb,https://maps.google.com/?cid=14068571519679869881
Low Cost Roofing Dallas,roofers,"819 S Zang Blvd, Dallas, TX 75208, USA",TX,(972) 905-0444,https://alowcostroofingdallas.com/,https://maps.google.com/?cid=838257323987794858
AM Roofing Company,roofers,"5641 SMU Boulevard Suite 105, Dallas, TX 75206, USA",TX,(214) 980-4366,https://amroofingcompany.com/?utm_source=Google_Maps&utm_medium=Website_Link-Click&utm_campaign=Google_Maps_Visits,https://maps.google.com/?cid=12799438089816154884
Artisan Roofing and Solar,roofers,"1850 Crown Dr suite 1111, Dallas, TX 75234, USA",TX,(972) 854-9212,https://acsroofing.net/,https://maps.google.com/?cid=2392955634047265713
"Built To Last Roofing - Roof Repair Services in Dallas, TX",roofers,"13601 Preston Rd STE W746, Dallas, TX 75240, USA",TX,(469) 966-1171,https://btolroofing.com/?utm_source=google&utm_medium=organic&utm_campaign=gbp_dallas,https://maps.google.com/?cid=10535866231916174
T&S Roofing Systems,roofers,"2519 NW 38th St, Miami, FL 33142, USA",FL,(305) 676-7043,https://www.tsroofingsystems.com/,https://maps.google.com/?cid=557258792512915521
A&E Brothers Roofing,roofers,"4391 SW 74th Ave, Miami, FL 33155, USA",FL,(305) 815-7208,https://www.aebrothersroofing.com/,https://maps.google.com/?cid=3756017120119963971
Miami Roof-Tech,roofers,"2977 McFarlane Rd Penthouse 1, Miami, FL 33133, USA",FL,(305) 722-7606,https://miamirooftech.com/,https://maps.google.com/?cid=10340136233219684342
City Roofing,roofers,"22700 SW 172nd Ct, Miami, FL 33170, USA",CT,(305) 248-2994,https://mycityroofing.com/?y_source=1_NDgwMjEyMDEtNzE1LWxvY2F0aW9uLndlYnNpdGU%3D,https://maps.google.com/?cid=18242232637148459921
PROPER ROOFING,roofers,"1011 Ives Dairy Rd Suit 210, Miami, FL 33179, USA",FL,(786) 891-1771,https://www.properoofing.com/?utm_source=GMB&utm_medium=organic,https://maps.google.com/?cid=4429391829201392263
Honest Abe Roofing Miami,roofers,"8280 NW 27th St, Miami, FL 33122, USA",FL,(305) 916-4817,https://www.honestaberoofing.com/miami?utm_campaign=gmb,https://maps.google.com/?cid=15490832072550830084
Forever Roofing and Remodeling,roofers,"1700 SW 57th Ave Suite 204, Miami, FL 33155, USA",FL,(786) 564-1020,https://www.4everoofing.com/,https://maps.google.com/?cid=16082924173429121972
Perfect Roofing of FL,roofers,"4000 Ponce de Leon #470, Coral Gables, FL 33146, USA",DE,(786) 393-8615,https://perfectroofingfl.com/,https://maps.google.com/?cid=5372771377231670426
Centurion Roofing,roofers,"3190 NW 38th St, Miami, FL 33142, USA",FL,(786) 372-4754,https://centurionroofing.net/,https://maps.google.com/?cid=1249287038775265290
Canopy Roofing Inc,roofers,"7311 NW 12th St STE 17, Miami, FL 33126, USA",FL,(786) 523-4999,http://www.canopyroofers.com/,https://maps.google.com/?cid=8254303552494355706
Ultra Roof Repair Miami,roofers,"333 SE 2nd Ave Suite #3995, Miami, FL 33131, USA",FL,(305) 676-8110,https://ultraroofrepair.com/miami/,https://maps.google.com/?cid=4983720453740216727
Istueta Roofing,roofers,"7501 NW 7th St, Miami, FL 33126, USA",FL,(305) 614-6245,http://www.istuetaroofing.com/,https://maps.google.com/?cid=8386866910132286413
Fix Up Roofing and Construction LLC,roofers,"6917 NW 77th Ave, Miami, FL 33166, USA",FL,(786) 235-2435,https://fixuproofing.com/?utm_source=google&utm_medium=organic&utm_campaign=gmb-primary-link,https://maps.google.com/?cid=16896171240117190913
AJF Roofing,roofers,"7495 NW 7th St SUITE #8, Miami, FL 33126, USA",FL,(305) 456-8006,https://ajfroofingfl.com/,https://maps.google.com/?cid=8876219180326117772
Dynasty Roofing LLC,roofers,"1227 NW 29th St, Miami, FL 33142, USA",FL,(786) 935-7228,http://dynastyroofingllc.us/,https://maps.google.com/?cid=2630527798612918419
Perkins Roofing,roofers,"575 NW 152nd St, Miami, FL 33169, USA",FL,(305) 518-1059,https://perkinsroofing.net/?UTM_source=GBP_listing&UTM_medium=organic,https://maps.google.com/?cid=11727218129336559135
Del Sol Roofing,roofers,"7570 NW 14th St # 111, Miami, FL 33126, USA",FL,(305) 384-6638,https://delsolroofing.com/?utm_campaign=gmb,https://maps.google.com/?cid=11250230206059663680
Rainbow Roofing Master,roofers,"420 Tamiami Canal Rd, Miami, FL 33144, USA",FL,(305) 262-8466,https://www.rainbowroofingmaster.com/,https://maps.google.com/?cid=13125972704501531113
M3 Roofing,roofers,"4428 SW 74th Ave, Miami, FL 33155, USA",FL,(305) 265-5000,http://www.m3roofmiami.com/,https://maps.google.com/?cid=4962293624363342342
Palma Roofing,roofers,"2901 NW 7th Ave, Miami, FL 33127, USA",FL,(786) 803-5439,https://palmaroofing.com/,https://maps.google.com/?cid=14169866405716634537
Gold Key Roofing,roofers,"4874 S Orange Ave, Orlando, FL 32806, USA",FL,(407) 851-0680,https://www.goldkeyroofing.com/,https://maps.google.com/?cid=7023908285877713787
His and Hers Construction,roofers,"515 18th St, Orlando, FL 32805, USA",FL,(407) 203-4825,http://www.hhroofs.com/,https://maps.google.com/?cid=11549653079705658746
Thomas Roofing & Repair,roofers,"924 W Colonial Dr, Orlando, FL 32804, USA",FL,(407) 337-7439,https://www.thomasroofingandrepair.com/,https://maps.google.com/?cid=14216729978738729841
Next Level Roofers,roofers,"775 S Kirkman Rd Ste 117, Orlando, FL 32811, USA",FL,(407) 237-7960,https://nextlevelroofs.com/,https://maps.google.com/?cid=9805426579636800465
Gravity Roofing,roofers,"14 S Bumby Ave, Orlando, FL 32803, USA",FL,(407) 461-0234,https://gravityroof.com/,https://maps.google.com/?cid=1644357455148320807
Schick Roofing,roofers,"8516 Old Winter Garden Rd Ste 100, Orlando, FL 32835, USA",FL,(407) 559-7890,http://www.schickroofing.com/,https://maps.google.com/?cid=6951220664408424384
Honest Abe Roofing Orlando,roofers,"7616 Southland Blvd Ste 110, Belle Isle, FL 32809, USA",FL,(407) 887-7663,http://www.honestaberoofing.com/orlando-fl,https://maps.google.com/?cid=3060106983619044800
Janney Roofing,roofers,"1211 FL-436 #227, Casselberry, FL 32707, USA",FL,(407) 259-4155,https://janneyroofing.com/,https://maps.google.com/?cid=14192304646535737195
RBS Construction & Roofing,roofers,"7751 Kingspointe Pkwy, Orlando, FL 32819, USA",FL,(689) 304-9605,https://www.rbsroofing.com/,https://maps.google.com/?cid=1845509218422398656
CFL Roofing,roofers,"9500 Satellite Blvd Suite 150, Orlando, FL 32837, USA",FL,(407) 917-7663,https://cflroof.com/,https://maps.google.com/?cid=5561954991543837730
Sky Light Roofing Inc.,roofers,"6105 E Colonial Dr, Orlando, FL 32807, USA",FL,(888) 520-0363,https://www.skylightroofing.com/,https://maps.google.com/?cid=3657777423299955710
Fiddler's Roofing,roofers,"521 W Miller St, Orlando, FL 32805, USA",FL,(407) 366-2300,https://fiddlersroofing.com/?utm_source=GMB&utm_medium=local,https://maps.google.com/?cid=16056375097337408513
"One World Roofing LLC: Roof Repair, Replacement, Installation, Flat, Metal, Emergency Roofing Contractors Orlando, Florida",roofers,"390 N Orange Ave #2300, Orlando, FL 32801, USA",FL,(321) 214-7663,https://oneworldroofing.com/,https://maps.google.com/?cid=4671038279991962142
Universal Roof And Contracting,roofers,"5655 Carder Rd, Orlando, FL 32810, USA",FL,(407) 809-5150,https://www.universalroof.com/,https://maps.google.com/?cid=9536179433940679572
Sunflo Roofing - Orlando,roofers,"4455 Dardanelle Dr, Orlando, FL 32808, USA",FL,(407) 564-3331,https://sunfloroofing.com/orlando-fl/?utm_source=gmb&utm_medium=listing&utm_campaign=gmb&utm_term=orlando,https://maps.google.com/?cid=17482833767190807193
HomeShield Roofing,roofers,"1517 S Crystal Lake Dr, Orlando, FL 32806, USA",FL,(407) 399-2348,http://homeshieldroofingfl.com/,https://maps.google.com/?cid=1929500668368199028
Integrity Roofing,roofers,"1950 S Chickasaw Trail, Orlando, FL 32825, USA",FL,(407) 993-2764,http://integrityroofingfl.com/,https://maps.google.com/?cid=15787816668359353545
Top Builder Roofing LLC,roofers,"618 E South St STE 500, Orlando, FL 32801, USA",FL,(407) 881-4600,https://www.topbuilderroofing.com/,https://maps.google.com/?cid=12147146634673311328
BUILT Roofing,roofers,"8562 Dufferin Ln, Orlando, FL 32832, USA",FL,(407) 437-9477,https://www.asbuiltroofing.com/,https://maps.google.com/?cid=5953278687698028877
Advantage Roofing Inc.,roofers,"6903 Partridge Ln, Orlando, FL 32807, USA",FL,(407) 559-4409,https://roofingadvantage.com/,https://maps.google.com/?cid=17953319472589810475
Peak Builders & Roofers of San Diego,roofers,"8340 Vickers St K, San Diego, CA 92111, United States",CA,NOT AVAILABLE,NOT AVAILABLE,https://maps.google.com/maps/place/?q=place_id:ChIJe8bZULLvTI4RZCnNkezHFGQ
Roofing Specialists of San Diego,roofers,"7905 Silverton Ave UNIT 112, San Diego, CA 92126, United States",CA,NOT AVAILABLE,NOT AVAILABLE,https://maps.google.com/maps/place/?q=place_id:ChIJ6Wc6jOIG3IARRR8xNOSkpMQ
Dana Logsdon Roofing & Solar,roofers,"1483 Cuyamaca St, El Cajon, CA 92020, United States",CA,NOT AVAILABLE,NOT AVAILABLE,https://maps.google.com/maps/place/?q=place_id:ChIJjQBmKdtU2YARhwWsYVqkAmA
Resilient Roofing,roofers,"7950 Dunbrook Rd, San Diego, CA 92126, United States",CA,NOT AVAILABLE,NOT AVAILABLE,https://maps.google.com/maps/place/?q=place_id:ChIJiWR0Ooyr3oAR7ye9O0OiuWc
Ascent Roofing San Diego,roofers,"2525 Southport Way ste j, National City, CA 91950, United States",CA,NOT AVAILABLE,NOT AVAILABLE,https://maps.google.com/maps/place/?q=place_id:ChIJAQDwFMZI2YAR5xcgVDz_GfI
619 Roofing,roofers,"3930 Oregon St Suite 254, San Diego, CA 92104, United States",CA,NOT AVAILABLE,NOT AVAILABLE,https://maps.google.com/maps/place/?q=place_id:ChIJ667abtUB3IAR2Plzz8VSmzk
"San Diego Roofing, INC.",roofers,"2811 Adams Ave, San Diego, CA 92116, United States",CA,NOT AVAILABLE,NOT AVAILABLE,https://maps.google.com/maps/place/?q=place_id:ChIJ-UZd9P1U2YAROsa56-bYZ20
The Roof Masters,roofers,"2304 La Mirada Dr, Vista, CA 92081, United States",LA,NOT AVAILABLE,NOT AVAILABLE,https://maps.google.com/maps/place/?q=place_id:ChIJ3-WYCUJw3IARmfRya1lWV1s
Atlas Roofing,roofers,"4455 Murphy Canyon Rd #100, San Diego, CA 92123, United States",CA,NOT AVAILABLE,NOT AVAILABLE,https://maps.google.com/maps/place/?q=place_id:ChIJ_ah-bc7_24ARQNUXApP18ls
Alma Roofing,roofers,"4538 Cass St, San Diego, CA 92109, United States",CA,NOT AVAILABLE,NOT AVAILABLE,https://maps.google.com/maps/place/?q=place_id:ChIJ86tTDlMB3IAROtDW1Yo67Mg
Build Brothers Inc.,roofers,"7765 Arjons Dr, San Diego, CA 92126, United States",CA,NOT AVAILABLE,NOT AVAILABLE,https://maps.google.com/maps/place/?q=place_id:ChIJ1TKfFGt13IARjJgDub9OxfM
TR Construction,roofers,"9335 Mira Mesa Blvd, San Diego, CA 92126, United States",CA,NOT AVAILABLE,NOT AVAILABLE,https://maps.google.com/maps/place/?q=place_id:ChIJSTAI0x3524AR_WsM3wxQlCw
San Diego County Roofing & Solar,roofers,"1761 Hotel Cir S Suite 110, San Diego, CA 92108, United States",CA,NOT AVAILABLE,NOT AVAILABLE,https://maps.google.com/maps/place/?q=place_id:ChIJ98GEl4sL3IARaLo9NhDrl-A
Colin's Emergency Roofers,roofers,"6922 Mission Gorge Rd #9030, San Diego, CA 92120, United States",CA,NOT AVAILABLE,NOT AVAILABLE,https://maps.google.com/maps/place/?q=place_id:ChIJF9U-5mRV2YARnYzw4lOSn0o
"Christian Roofing, Inc",roofers,"1226 Greenfield Dr, El Cajon, CA 92021, United States",CA,NOT AVAILABLE,NOT AVAILABLE,https://maps.google.com/maps/place/?q=place_id:ChIJkXknF0tZ2YAR5JmoNGsUXHw
RC Roofing Inc.,roofers,"8360 Clairemont Mesa Blvd STE 105, San Diego, CA 92111, United States",CA,NOT AVAILABLE,NOT AVAILABLE,https://maps.google.com/maps/place/?q=place_id:ChIJf9Wr9Mr_24ARO2KfdBiWJxY
"Premium Roof Services, Inc.",roofers,"659 Grand Ave, Spring Valley, CA 91977, United States",CA,NOT AVAILABLE,NOT AVAILABLE,https://maps.google.com/maps/place/?q=place_id:ChIJwQYEZ4NT2YARoLC2Xf0XzHQ
"Mark Anthony Construction and Roofing, Inc.",roofers,"133 N Pacific St Suite A, San Marcos, CA 92069, United States",CA,NOT AVAILABLE,NOT AVAILABLE,https://maps.google.com/maps/place/?q=place_id:ChIJ_6Yv45gK3IARfW7Bbks1UtU
Preman Roofing-Solar,roofers,"875 34th St, San Diego, CA 92102, United States",CA,NOT AVAILABLE,NOT AVAILABLE,https://maps.google.com/maps/place/?q=place_id:ChIJfYrgyZSq3oARpQG7O2bDJQQ
Exclusively Roofing Inc.,roofers,"4013 Texas St UNIT 4, San Diego, CA 92104, United States",CA,NOT AVAILABLE,NOT AVAILABLE,https://maps.google.com/maps/place/?q=place_id:ChIJQTODSFVT2YARFWdhIQiqIKo
The Coffee Movement,coffee shops,"1737 Balboa St, San Francisco, CA 94121, USA",CA,NOT AVAILABLE,https://www.thecoffeemovement.com/,https://maps.google.com/?cid=2726196137705445702
The Coffee Movement,coffee shops,"1030 Washington St, San Francisco, CA 94108, USA",CA,NOT AVAILABLE,https://www.thecoffeemovement.com/,https://maps.google.com/?cid=2067360649617373617
Peak Builders & Roofers of San Diego,roofers,"8340 Vickers St K, San Diego, CA 92111, United States",CA,NOT AVAILABLE,NOT AVAILABLE,https://maps.google.com/maps/place/?q=place_id:ChIJe8bZULLvTI4RZCnNkezHFGQ
Roofing Specialists of San Diego,roofers,"7905 Silverton Ave UNIT 112, San Diego, CA 92126, United States",CA,NOT AVAILABLE,NOT AVAILABLE,https://maps.google.com/maps/place/?q=place_id:ChIJ6Wc6jOIG3IARRR8xNOSkpMQ
Dana Logsdon Roofing & Solar,roofers,"1483 Cuyamaca St, El Cajon, CA 92020, United States",CA,NOT AVAILABLE,NOT AVAILABLE,https://maps.google.com/maps/place/?q=place_id:ChIJjQBmKdtU2YARhwWsYVqkAmA
Resilient Roofing,roofers,"7950 Dunbrook Rd, San Diego, CA 92126, United States",CA,NOT AVAILABLE,NOT AVAILABLE,https://maps.google.com/maps/place/?q=place_id:ChIJiWR0Ooyr3oAR7ye9O0OiuWc
Ascent Roofing San Diego,roofers,"2525 Southport Way ste j, National City, CA 91950, United States",CA,NOT AVAILABLE,NOT AVAILABLE,https://maps.google.com/maps/place/?q=place_id:ChIJAQDwFMZI2YAR5xcgVDz_GfI
619 Roofing,roofers,"3930 Oregon St Suite 254, San Diego, CA 92104, United States",CA,NOT AVAILABLE,NOT AVAILABLE,https://maps.google.com/maps/place/?q=place_id:ChIJ667abtUB3IAR2Plzz8VSmzk
"San Diego Roofing, INC.",roofers,"2811 Adams Ave, San Diego, CA 92116, United States",CA,NOT AVAILABLE,NOT AVAILABLE,https://maps.google.com/maps/place/?q=place_id:ChIJ-UZd9P1U2YAROsa56-bYZ20
The Roof Masters,roofers,"2304 La Mirada Dr, Vista, CA 92081, United States",LA,NOT AVAILABLE,NOT AVAILABLE,https://maps.google.com/maps/place/?q=place_id:ChIJ3-WYCUJw3IARmfRya1lWV1s
Atlas Roofing,roofers,"4455 Murphy Canyon Rd #100, San Diego, CA 92123, United States",CA,NOT AVAILABLE,NOT AVAILABLE,https://maps.google.com/maps/place/?q=place_id:ChIJ_ah-bc7_24ARQNUXApP18ls
Alma Roofing,roofers,"4538 Cass St, San Diego, CA 92109, United States",CA,NOT AVAILABLE,NOT AVAILABLE,https://maps.google.com/maps/place/?q=place_id:ChIJ86tTDlMB3IAROtDW1Yo67Mg
Build Brothers Inc.,roofers,"7765 Arjons Dr, San Diego, CA 92126, United States",CA,NOT AVAILABLE,NOT AVAILABLE,https://maps.google.com/maps/place/?q=place_id:ChIJ1TKfFGt13IARjJgDub9OxfM
TR Construction,roofers,"9335 Mira Mesa Blvd, San Diego, CA 92126, United States",CA,NOT AVAILABLE,NOT AVAILABLE,https://maps.google.com/maps/place/?q=place_id:ChIJSTAI0x3524AR_WsM3wxQlCw
San Diego County Roofing & Solar,roofers,"1761 Hotel Cir S Suite 110, San Diego, CA 92108, United States",CA,NOT AVAILABLE,NOT AVAILABLE,https://maps.google.com/maps/place/?q=place_id:ChIJ98GEl4sL3IARaLo9NhDrl-A
Colin's Emergency Roofers,roofers,"6922 Mission Gorge Rd #9030, San Diego, CA 92120, United States",CA,NOT AVAILABLE,NOT AVAILABLE,https://maps.google.com/maps/place/?q=place_id:ChIJF9U-5mRV2YARnYzw4lOSn0o
"Christian Roofing, Inc",roofers,"1226 Greenfield Dr, El Cajon, CA 92021, United States",CA,NOT AVAILABLE,NOT AVAILABLE,https://maps.google.com/maps/place/?q=place_id:ChIJkXknF0tZ2YAR5JmoNGsUXHw
RC Roofing Inc.,roofers,"8360 Clairemont Mesa Blvd STE 105, San Diego, CA 92111, United States",CA,NOT AVAILABLE,NOT AVAILABLE,https://maps.google.com/maps/place/?q=place_id:ChIJf9Wr9Mr_24ARO2KfdBiWJxY
"Premium Roof Services, Inc.",roofers,"659 Grand Ave, Spring Valley, CA 91977, United States",CA,NOT AVAILABLE,NOT AVAILABLE,https://maps.google.com/maps/place/?q=place_id:ChIJwQYEZ4NT2YARoLC2Xf0XzHQ
"Mark Anthony Construction and Roofing, Inc.",roofers,"133 N Pacific St Suite A, San Marcos, CA 92069, United States",CA,NOT AVAILABLE,NOT AVAILABLE,https://maps.google.com/maps/place/?q=place_id:ChIJ_6Yv45gK3IARfW7Bbks1UtU
Preman Roofing-Solar,roofers,"875 34th St, San Diego, CA 92102, United States",CA,NOT AVAILABLE,NOT AVAILABLE,https://maps.google.com/maps/place/?q=place_id:ChIJfYrgyZSq3oARpQG7O2bDJQQ
Exclusively Roofing Inc.,roofers,"4013 Texas St UNIT 4, San Diego, CA 92104, United States",CA,NOT AVAILABLE,NOT AVAILABLE,https://maps.google.com/maps/place/?q=place_id:ChIJQTODSFVT2YARFWdhIQiqIKo
The Coffee Movement,coffee shops,"1737 Balboa St, San Francisco, CA 94121, USA",CA,NOT AVAILABLE,https://www.thecoffeemovement.com/,https://maps.google.com/?cid=2726196137705445702
The Coffee Movement,coffee shops,"1030 Washington St, San Francisco, CA 94108, USA",CA,NOT AVAILABLE,https://www.thecoffeemovement.com/,https://maps.google.com/?cid=2067360649617373617
Las Vegas Roofing Repair,roofers,"3301 W Martin Ave, Las Vegas, NV 89118, USA",NV,NOT AVAILABLE,http://www.dandlroofing.com/,https://maps.google.com/?cid=11664454547714436208
Peak Builders & Roofers of San Diego,roofers,"8340 Vickers St K, San Diego, CA 92111, United States",CA,NOT AVAILABLE,NOT AVAILABLE,https://maps.google.com/maps/place/?q=place_id:ChIJe8bZULLvTI4RZCnNkezHFGQ
Roofing Specialists of San Diego,roofers,"7905 Silverton Ave UNIT 112, San Diego, CA 92126, United States",CA,NOT AVAILABLE,NOT AVAILABLE,https://maps.google.com/maps/place/?q=place_id:ChIJ6Wc6jOIG3IARRR8xNOSkpMQ
Dana Logsdon Roofing & Solar,roofers,"1483 Cuyamaca St, El Cajon, CA 92020, United States",CA,NOT AVAILABLE,NOT AVAILABLE,https://maps.google.com/maps/place/?q=place_id:ChIJjQBmKdtU2YARhwWsYVqkAmA
Resilient Roofing,roofers,"7950 Dunbrook Rd, San Diego, CA 92126, United States",CA,NOT AVAILABLE,NOT AVAILABLE,https://maps.google.com/maps/place/?q=place_id:ChIJiWR0Ooyr3oAR7ye9O0OiuWc
Ascent Roofing San Diego,roofers,"2525 Southport Way ste j, National City, CA 91950, United States",CA,NOT AVAILABLE,NOT AVAILABLE,https://maps.google.com/maps/place/?q=place_id:ChIJAQDwFMZI2YAR5xcgVDz_GfI
619 Roofing,roofers,"3930 Oregon St Suite 254, San Diego, CA 92104, United States",CA,NOT AVAILABLE,NOT AVAILABLE,https://maps.google.com/maps/place/?q=place_id:ChIJ667abtUB3IAR2Plzz8VSmzk
"San Diego Roofing, INC.",roofers,"2811 Adams Ave, San Diego, CA 92116, United States",CA,NOT AVAILABLE,NOT AVAILABLE,https://maps.google.com/maps/place/?q=place_id:ChIJ-UZd9P1U2YAROsa56-bYZ20
The Roof Masters,roofers,"2304 La Mirada Dr, Vista, CA 92081, United States",LA,NOT AVAILABLE,NOT AVAILABLE,https://maps.google.com/maps/place/?q=place_id:ChIJ3-WYCUJw3IARmfRya1lWV1s
Atlas Roofing,roofers,"4455 Murphy Canyon Rd #100, San Diego, CA 92123, United States",CA,NOT AVAILABLE,NOT AVAILABLE,https://maps.google.com/maps/place/?q=place_id:ChIJ_ah-bc7_24ARQNUXApP18ls
Alma Roofing,roofers,"4538 Cass St, San Diego, CA 92109, United States",CA,NOT AVAILABLE,NOT AVAILABLE,https://maps.google.com/maps/place/?q=place_id:ChIJ86tTDlMB3IAROtDW1Yo67Mg
Build Brothers Inc.,roofers,"7765 Arjons Dr, San Diego, CA 92126, United States",CA,NOT AVAILABLE,NOT AVAILABLE,https://maps.google.com/maps/place/?q=place_id:ChIJ1TKfFGt13IARjJgDub9OxfM
TR Construction,roofers,"9335 Mira Mesa Blvd, San Diego, CA 92126, United States",CA,NOT AVAILABLE,NOT AVAILABLE,https://maps.google.com/maps/place/?q=place_id:ChIJSTAI0x3524AR_WsM3wxQlCw
San Diego County Roofing & Solar,roofers,"1761 Hotel Cir S Suite 110, San Diego, CA 92108, United States",CA,NOT AVAILABLE,NOT AVAILABLE,https://maps.google.com/maps/place/?q=place_id:ChIJ98GEl4sL3IARaLo9NhDrl-A
Colin's Emergency Roofers,roofers,"6922 Mission Gorge Rd #9030, San Diego, CA 92120, United States",CA,NOT AVAILABLE,NOT AVAILABLE,https://maps.google.com/maps/place/?q=place_id:ChIJF9U-5mRV2YARnYzw4lOSn0o
"Christian Roofing, Inc",roofers,"1226 Greenfield Dr, El Cajon, CA 92021, United States",CA,NOT AVAILABLE,NOT AVAILABLE,https://maps.google.com/maps/place/?q=place_id:ChIJkXknF0tZ2YAR5JmoNGsUXHw
RC Roofing Inc.,roofers,"8360 Clairemont Mesa Blvd STE 105, San Diego, CA 92111, United States",CA,NOT AVAILABLE,NOT AVAILABLE,https://maps.google.com/maps/place/?q=place_id:ChIJf9Wr9Mr_24ARO2KfdBiWJxY
"Premium Roof Services, Inc.",roofers,"659 Grand Ave, Spring Valley, CA 91977, United States",CA,NOT AVAILABLE,NOT AVAILABLE,https://maps.google.com/maps/place/?q=place_id:ChIJwQYEZ4NT2YARoLC2Xf0XzHQ
"Mark Anthony Construction and Roofing, Inc.",roofers,"133 N Pacific St Suite A, San Marcos, CA 92069, United States",CA,NOT AVAILABLE,NOT AVAILABLE,https://maps.google.com/maps/place/?q=place_id:ChIJ_6Yv45gK3IARfW7Bbks1UtU
Preman Roofing-Solar,roofers,"875 34th St, San Diego, CA 92102, United States",CA,NOT AVAILABLE,NOT AVAILABLE,https://maps.google.com/maps/place/?q=place_id:ChIJfYrgyZSq3oARpQG7O2bDJQQ
Exclusively Roofing Inc.,roofers,"4013 Texas St UNIT 4, San Diego, CA 92104, United States",CA,NOT AVAILABLE,NOT AVAILABLE,https://maps.google.com/maps/place/?q=place_id:ChIJQTODSFVT2YARFWdhIQiqIKo
The Coffee Movement,coffee shops,"1737 Balboa St, San Francisco, CA 94121, USA",CA,NOT AVAILABLE,https://www.thecoffeemovement.com/,https://maps.google.com/?cid=2726196137705445702
The Coffee Movement,coffee shops,"1030 Washington St, San Francisco, CA 94108, USA",CA,NOT AVAILABLE,https://www.thecoffeemovement.com/,https://maps.google.com/?cid=2067360649617373617
Las Vegas Roofing Repair,roofers,"3301 W Martin Ave, Las Vegas, NV 89118, USA",NV,NOT AVAILABLE,http://www.dandlroofing.com/,https://maps.google.com/?cid=11664454547714436208
Prime Roof Repair Tampa,roofers,"610 E Zack St Suite 910, Tampa, FL 33602, USA",FL,(813) 723-5093,https://primeroofrepairtampa.com/,https://maps.google.com/?cid=11551618740230102948
Westfall Roofing,roofers,"5413 W Sligh Ave, Tampa, FL 33634, USA",FL,(813) 302-1824,https://www.westfallroofing.com/?utm_campaign=gmb,https://maps.google.com/?cid=16987819093432783196
SouthShore Roofing & Exteriors,roofers,"5128 Puritan Rd, Tampa, FL 33617, USA",FL,(813) 400-3329,https://www.southshorecontractorstampa.com/?utm_source=google&utm_medium=listing,https://maps.google.com/?cid=7494442169190154685
Tampa Roof Repair LLC,roofers,"13403 Arbor Pointe Cir, Tampa, FL 33617, USA",FL,(813) 413-5115,http://www.tamparoofrepair.com/,https://maps.google.com/?cid=5667647044759128164
"Tampa Roofing Contractors, Five Star Roofing and Construction, Asphalt Shingles and Roof Repair",roofers,"9340 N Florida Ave suite i, Tampa, FL 33612, USA",FL,(800) 661-4026,https://fivestarroofingconstruction.com/,https://maps.google.com/?cid=13936820939683256242
"SCM Roofing, LLC",roofers,"13909 N Dale Mabry Hwy, Tampa, FL 33618, USA",FL,(855) 726-7663,https://scmroofingfl.com/,https://maps.google.com/?cid=16913020293992370711
Roof Panda,roofers,"4726 N Lois Ave Unit B, Tampa, FL 33614, USA",FL,(813) 295-7663,https://www.theroofpanda.com/,https://maps.google.com/?cid=7702604485054471784
Protek Roofing & Solar,roofers,"6920 E Chelsea St, Tampa, FL 33610, USA",FL,(813) 344-5466,https://protekps.com/,https://maps.google.com/?cid=11925256080837372365
West Florida Roofing,roofers,"4515 George Rd Suite 355A, Tampa, FL 33634, USA",FL,(813) 282-4000,https://westroofingfl.com/,https://maps.google.com/?cid=17520121898469275482
Rainier Roofing LLC,roofers,"5000 N Nebraska Ave, Tampa, FL 33603, USA",FL,(813) 920-9065,https://rainierroofing.com/,https://maps.google.com/?cid=14663118911348891213
Red Truck Roofing,roofers,"4905 W Laurel St Suite 204, Tampa, FL 33607, USA",FL,(813) 733-8725,http://redtruckroofing.com/,https://maps.google.com/?cid=2074643860904856496
Tadlock Roofing,roofers,"5553 W Waters Ave #311, Tampa, FL 33634, USA",FL,(813) 867-0774,https://tadlockroofing.com/?utm_source=GBP&utm_medium=Organic&utm_campaign=Tadlock_Roofing_Tampa,https://maps.google.com/?cid=12496757082191501311
The Roofing Company of Tampa Bay,roofers,"5635 FL-54, New Port Richey, FL 34652, USA",FL,(727) 916-3151,https://www.tampabayroofs.com/,https://maps.google.com/?cid=8145015582307019181
Stay Dry Roofing,roofers,"4700 N Florida Ave, Tampa, FL 33603, USA",FL,(813) 232-9430,http://www.staydryfl.com/,https://maps.google.com/?cid=3197187318935041555
US Roofing,roofers,"410 Ware Blvd, Tampa, FL 33619, USA",FL,(888) 965-0305,https://joinusroofing.com/,https://maps.google.com/?cid=7396249167753179678
"Rescue Roofing of Tampa, Inc.",roofers,"5132 Land O' Lakes Blvd STE 106, Land O' Lakes, FL 34639, USA",FL,(813) 661-7663,https://www.rescueroofingoftampa.com/?utm_source=google&utm_medium=gbp&utm_campaign=land-o-lakes,https://maps.google.com/?cid=4122656122104257242
ARAC Roof It Forward,roofers,"14502 N Dale Mabry Hwy, Tampa, FL 33618, USA",FL,(813) 704-2828,http://www.roofitforward.com/,https://maps.google.com/?cid=16605560270619659152
Roof X,roofers,"1512 Mckay Bay Ct suite 1, Tampa, FL 33619, USA",CT,(813) 590-1124,https://roofxincfl.com/?utm_source=google&utm_medium=organic&utm_campaign=google_my_business&utm_id=roofxincfl,https://maps.google.com/?cid=5505931248391013912
Lifetime Quality Roofing & Storm Restoration Tampa,roofers,"510 Vonderburg Dr # 306, Brandon, FL 33511, USA",FL,(813) 522-8699,https://www.lifetimequalityroofing.com/locations/tampa-florida/?utm_source=localfx&utm_medium=organic&utm_campaign=localfx,https://maps.google.com/?cid=4884371028105894674
Handyman Roofing,roofers,"11327 43rd St N, Clearwater, FL 33762, USA",FL,(727) 888-2636,https://handymanroofing.com/,https://maps.google.com/?cid=12039540140714795103
"Castle Roofing Atlanta, GA",roofers,"1201 Peachtree St NE FL. 3, Atlanta, GA 30361, USA",NE,(470) 601-6422,https://www.castleroofing.us/,https://maps.google.com/?cid=12281297624284236471
Dr Roof Atlanta,roofers,"88 Mansell Ct, Roswell, GA 30076, USA",CT,(770) 450-8843,http://www.drroof.com/,https://maps.google.com/?cid=1254641148037657488
Colony Roofers,roofers,"260 Peachtree St NW Suite 2200, Atlanta, GA 30303, USA",GA,(470) 465-9624,https://www.colonyroofers.com/,https://maps.google.com/?cid=11608586380988528667
Georgia Roofing & Repair,roofers,"1201 W Peachtree St NW #2361, Atlanta, GA 30309, USA",GA,(770) 639-7663,https://www.garoofingandrepair.com/,https://maps.google.com/?cid=6388699340071065181
Bell Roofing,roofers,"2531 Briarcliff Rd NE Suite 109, Atlanta, GA 30329, USA",NE,(404) 874-7663,http://www.bellroofingco.com/,https://maps.google.com/?cid=17368228600987278377
Mr. Roofer of Atlanta,roofers,"3500 Lenox Rd NE, Atlanta, GA 30326, USA",NE,(770) 637-3874,https://www.mrrooferatlanta.com/roofing-company-atlanta/,https://maps.google.com/?cid=7537460662692371853
Atlanta Roofing Specialists,roofers,"1232 Sandtown Rd SW, Marietta, GA 30008, USA",GA,(770) 284-6885,https://www.atlantaroofingspecialists.com/,https://maps.google.com/?cid=12938740576477568590
Mosaic Roofing Company LLC,roofers,"3379 Peachtree Rd NE #555, Atlanta, GA 30326, USA",NE,(404) 260-3168,https://mosaicroofingcompany.com/,https://maps.google.com/?cid=5564537335511302280
Accent Roofing Service,roofers,"885 Buford Dr, Lawrenceville, GA 30043, USA",GA,(470) 613-6961,https://www.accentroofingservice.com/?utm_campaign=gmb,https://maps.google.com/?cid=2390374426055432379
Georgia Roof Advisors,roofers,"1290 Kennestone Cir Suite A200, Marietta, GA 30066, USA",GA,(678) 723-9995,http://www.georgiaroofadvisors.com/,https://maps.google.com/?cid=2930457476286897013
Perimeter Roofing,roofers,"3075 Breckinridge Blvd #470, Duluth, GA 30099, USA",GA,(678) 679-2268,https://perimeterroofing.com/atlanta/?utm_campaign=gmb-atlanta&utm_medium=organic&utm_source=google,https://maps.google.com/?cid=9923326267732079246
Roofing Done Wright,roofers,"800 Battery Ave SE Suite 300, Atlanta, GA 30339, USA",GA,(678) 722-5050,http://www.roofingdonewright.com/,https://maps.google.com/?cid=1723643925841579440
Findlay Roofing,roofers,"4181 Jvl Industrial Park Dr, Marietta, GA 30066, USA",GA,(470) 613-7559,http://findlayroofing.com/?utm_campaign=GBPFindlayMarietta,https://maps.google.com/?cid=10858808998778510123
Bumble Roofing of North Atlanta,roofers,"915 W Peachtree St NW Suite 10110, Atlanta, GA 30309, USA",GA,(470) 354-3188,https://bumbleroofing.com/north-atlanta,https://maps.google.com/?cid=8270493323677871504
Rosie's Roofing and Restoration,roofers,"484 Boulevard SE, Atlanta, GA 30312, USA",GA,(678) 661-5633,https://rosiesroofing.com/?utm_source=google&utm_medium=organic&utm_campaign=gmb,https://maps.google.com/?cid=308304629559203176
New Image Roofing Atlanta,roofers,"2020 Howell Mill Rd NW Suite 232, Atlanta, GA 30318, USA",GA,(404) 680-0041,https://www.newimageroofingatlanta.com/,https://maps.google.com/?cid=16139556886071623052
ImproveIT! of Atlanta,roofers,"3525 Piedmont Rd NE Bldg. 7 Ste. 210, Atlanta, GA 30305, USA",NE,(678) 498-5075,https://www.improveitatl.com/?utm_campaign=gmb&y_source=1_mta2ndizmza3ns03mtutbg9jyxrpb24ud2vic2l0zq==,https://maps.google.com/?cid=10242732928617821758
Stellar Roofing and Solar,roofers,"800 Battery Ave SE Suite 100, Atlanta, GA 30339, USA",GA,(470) 466-3958,https://stellarroofingandsolar.com/?utm_source=google&utm_medium=organic&utm_campaign=gmb-primary-link,https://maps.google.com/?cid=8382132932039084590
Mighty Dog Roofing,roofers,"4016 Flowers Rd #450a, Doraville, GA 30360, USA",GA,(678) 783-8581,https://www.mightydogroofing.com/central-atlanta-ga/,https://maps.google.com/?cid=9552733033100161180
JP Services,roofers,"691 14th St NW suite 616, Atlanta, GA 30318, USA",GA,(770) 598-4788,http://www.jproofingservices.com/,https://maps.google.com/?cid=2674409908619067940
Carolina Roof Consultants,roofers,"7845 Colony Rd Ste C4-3230, Charlotte, NC 28226, USA",NC,(704) 277-4582,http://www.carolinaroofconsultants.com/,https://maps.google.com/?cid=13999931660856343339
Signature Exteriors,roofers,"210 N Church St, Charlotte, NC 28202, USA",NC,(704) 941-6961,https://signatureexteriorsinc.com/,https://maps.google.com/?cid=114302756428329109
Charlotte Specialists,roofers,"3605-B Latrobe Dr, Charlotte, NC 28211, USA",NC,(704) 364-3464,https://www.charlotteroofing.com/?utm_source=g-local&utm_medium=organic&utm_campaign=GMB,https://maps.google.com/?cid=13019376571191591188
Charlotte Ace Roofing,roofers,"9805 Sandy Rock Pl Suite #C799, Charlotte, NC 28277, USA",NC,(704) 396-8383,https://charlotteaceroofing.com/,https://maps.google.com/?cid=16503523482594103777
Roof Medic,roofers,"7207 Matthews-Mint Hill Rd, Charlotte, NC 28227, USA",NC,(704) 228-7788,https://roofmedic.com/,https://maps.google.com/?cid=15078639578575641478
Charlotte's Best Roofing and Gutters,roofers,"6047 Tyvola Glen Cir Unit 222, Charlotte, NC 28217, USA",NC,(704) 345-9446,https://www.charlottesbestroofing.com/,https://maps.google.com/?cid=173103240617681399
Horizon Roofing & Restoration,roofers,"429 East Blvd, Charlotte, NC 28203, USA",NC,(980) 275-1085,https://horizonrr.com/,https://maps.google.com/?cid=9230724543273162521
Southern Star Roofing Charlotte,roofers,"6132 Brookshire Blvd Suite I, Charlotte, NC 28216, USA",NC,(704) 937-7663,https://southernstarroofing.com/,https://maps.google.com/?cid=16723131034783270601
Masters Roofing,roofers,"10801 Johnston Rd STE 210D, Charlotte, NC 28226, USA",NC,(704) 659-1290,https://www.mastersroofinginc.com/roofing-charlotte-nc/,https://maps.google.com/?cid=16324630588618455764
Storm Guard of Charlotte,roofers,"810 Tyvola Rd STE 120, Charlotte, NC 28217, USA",NC,(980) 372-6181,https://www.stormguardrc.com/nc/charlotte-west/?utm_source=gbp&utm_medium=organic,https://maps.google.com/?cid=1829338848996348068
21 Roofing Group,roofers,"3540 Toringdon Way Suite 200, Charlotte, NC 28277, USA",NC,(980) 277-4421,https://21roofinggroup.com/?utm_source=google&utm_medium=google+my+business,https://maps.google.com/?cid=537919488979884217
Pro Roofing,roofers,"10612 Providence Rd Ste D #378, Charlotte, NC 28277, USA",NC,(704) 575-3185,http://charlotteproroofing.com/,https://maps.google.com/?cid=15157473481970833215
Guy Roofing Inc.,roofers,"1100 Concord Pkwy N, Concord, NC 28027, USA",NC,(704) 867-4922,https://guyroofing.com/locations/charlotte-nc,https://maps.google.com/?cid=4475555155098855647
New Roof,roofers,"6421 Providence Farm Ln STE 6114, Charlotte, NC 28277, USA",NC,(704) 999-6034,https://www.newroofclt.com/,https://maps.google.com/?cid=15482629397736272316
Triumph Roofing - Charlotte Top Roofing Company,roofers,"8350 Arrowridge Blvd a, Charlotte, NC 28273, USA",NC,(704) 559-9667,https://triumphroofingcharlotte.com/,https://maps.google.com/?cid=12532426676199513619
"TruROOF, LLC",roofers,"3540 Toringdon Way Suite 200, Charlotte, NC 28277, USA",NC,(803) 878-7663,http://www.truroof.com/,https://maps.google.com/?cid=14489172530543795757
Kaiser Siding and Roofing LLC,roofers,"2923 S Tryon St STE 230, Charlotte, NC 28203, USA",NC,(704) 612-2947,https://kaiserroof.com/charlotte-nc/?utm_source=Google+Business+Profile&utm_medium=Charlotte&utm_campaign=GBP,https://maps.google.com/?cid=10357168459850386410
Evergreen Roofing Solutions,roofers,"8425 Old Statesville Rd Suite 8, Charlotte, NC 28269, USA",NC,(704) 609-3561,https://www.evergreenroofingcharlotte.com/,https://maps.google.com/?cid=11507442319618716888
Mighty Dog Roofing of Charlotte,roofers,"627 Minuet Ln Suite D, Charlotte, NC 28217, USA",NC,(980) 294-4522,https://www.mightydogroofing.com/charlotte-nc/,https://maps.google.com/?cid=4299515237871297658
Canopy Roofing,roofers,"4741 Rounding Run Rd, Charlotte, NC 28277, USA",NC,(704) 254-6665,https://canopyroofingnc.com/,https://maps.google.com/?cid=5790241099429062789
Don Kennedy Roofing,roofers,"815 Fesslers Ln, Nashville, TN 37210, USA",TN,(629) 276-3360,https://www.donkennedyroofing.com/,https://maps.google.com/?cid=3115224832721736435
Music City Roofers,roofers,"2617 Grissom Dr, Nashville, TN 37204, USA",TN,(615) 900-4000,https://www.musiccityroofers.com/,https://maps.google.com/?cid=13311682142452233272
Storm Guard Roofing & Construction of Nashville,roofers,"256 Seaboard Ln Suite F-103, Franklin, TN 37067, USA",TN,(615) 619-5197,https://www.stormguardrc.com/tn/nashville,https://maps.google.com/?cid=9243623409529426250
MidSouth Construction,roofers,"652 Old Ezell Rd, Nashville, TN 37217, USA",TN,(615) 712-8893,https://www.roofingbymidsouth.com/?utm_source=google&utm_medium=organic&utm_campaign=gbp_listing,https://maps.google.com/?cid=12915215104327579587
Mr. Roof Nashville,roofers,"200 River Hills Dr, Nashville, TN 37210, USA",TN,(615) 208-3245,https://www.mrroof.com/nashville/,https://maps.google.com/?cid=12800053833640532457
Five Points Roofing,roofers,"118 Beasley Dr, Franklin, TN 37064, USA",TN,(615) 266-4877,https://fivepointsroofing.com/?utm_campaign=gmb,https://maps.google.com/?cid=16595701354507943980
Bone Dry Roofing,roofers,"4201 Sidco Dr, Nashville, TN 37204, USA",TN,(629) 225-7067,https://www.bonedry.com/nashville/?utm_source=directories&utm_medium=directories&utm_id=BDR-DIG-DIR-GENI-NASH-PHO-GMB-202402-GBPLISTINGNASHVILLE,https://maps.google.com/?cid=11244492211339208122
Tim Leeper Roofing,roofers,"14919 Lebanon Rd, Old Hickory, TN 37138, USA",TN,(615) 553-2782,https://timleeperroofing.com/,https://maps.google.com/?cid=1501439354954611722
Southern Roofing Company,roofers,"2929 Kraft Dr, Nashville, TN 37204, USA",TN,(615) 320-1045,https://srctn.com/,https://maps.google.com/?cid=2232418144430199330
TOPDOWN ROOFING,roofers,"1319 Central Ct, Hermitage, TN 37076, USA",CT,(615) 579-0758,http://topdownroofing.com/,https://maps.google.com/?cid=17028247222532106376
Bill Ragan Roofing Company,roofers,"2969 Armory Dr Suite 300, Nashville, TN 37204, USA",TN,(615) 242-0333,https://www.billraganroofing.com/,https://maps.google.com/?cid=13465637754965411996
Nashville Roofing Company,roofers,"320 Seven Springs Way Suite 250, Brentwood, TN 37027, USA",TN,(615) 800-4355,https://nashvilleroofingco.com/,https://maps.google.com/?cid=14196370986899249912
SeekOne Roofing Company,roofers,"500 Wilson Pike Cir #340, Brentwood, TN 37027, USA",TN,(615) 619-7335,https://seekoneroof.com/,https://maps.google.com/?cid=6014672322666469373
Southern Roofing and Renovations,roofers,"157 Space Park S Dr, Nashville, TN 37211, USA",TN,(615) 543-8758,http://southernrnr.com/,https://maps.google.com/?cid=7593873903271318331
Centennial Roofing,roofers,"5042 Thoroughbred Ln # 200, Brentwood, TN 37027, USA",TN,(615) 278-6600,https://www.betterroof.com/,https://maps.google.com/?cid=6874957747628232754
The Metal Roofers,roofers,"935 E Trinity Ln #3, Nashville, TN 37207, USA",TN,(615) 649-5002,https://www.themetalroofers.com/,https://maps.google.com/?cid=10112422749063039681
Paragon Roofing,roofers,"1201 4th Ave S #109, Nashville, TN 37210, USA",TN,(615) 910-8310,https://www.paragonroofingusa.com/,https://maps.google.com/?cid=11167987392118016633
Perimeter Roofing,roofers,"163 Business Park Dr Suite 10, Lebanon, TN 37090, USA",TN,(629) 400-6922,https://perimeterroofing.com/service-areas/tennessee/nashville/?utm_source=google&utm_medium=organic&utm_campaign=gbp-nashville,https://maps.google.com/?cid=220847796436451221
Mike Ragan Roofing,roofers,"700 42nd Ave N, Nashville, TN 37209, USA",TN,(615) 350-6300,http://raganroofing.com/,https://maps.google.com/?cid=16648630889977647927
Mighty Dog Roofing of Franklin,roofers,"3120 Braintree Rd, Franklin, TN 37069, USA",TN,(629) 253-6533,https://www.mightydogroofing.com/franklin-tn,https://maps.google.com/?cid=12353827358116462209
