name,niche,address,state,phone_number,website,email,result_url
Efly AG Reisebüro,agenzie di viaggio,"Langstrasse 214, 8005 Zürich, Switzerland",NOT AVAILABLE,044 666 06 06,https://efly.ch/,info@efly.ch,https://maps.google.com/?cid=12177817622960096149
Best of Switzerland Tours AG,agenzie di viaggio,"Sihlquai Bus Station, Limmatstrasse 2, 8005 Zürich, Switzerland",NOT AVAILABLE,044 710 50 50,https://www.switzerland-tours.ch/,info@switzerland-tours.chgeneral,https://maps.google.com/?cid=4982182676850788474
Legends Travel GmbH,agenzie di viaggio,"Klosbachstrasse 45, 8032 Zürich, Switzerland",NOT AVAILABLE,044 250 44 77,http://www.legendstravel.ch/,info@legendstravel.ch,https://maps.google.com/?cid=1990250744098636060
Latin America Tours,agenzie di viaggio,"Kreuzpl. 1, 8032 Zürich, Switzerland",NOT AVAILABLE,044 515 24 24,https://www.latinamericatours.eu/,info@latinamericatours.eu,https://maps.google.com/?cid=9485982896825344144
travel worldwide travel agency AG,agenzie di viaggio,"Kirchgasse 22, 8001 Zürich, Switzerland",NOT AVAILABLE,043 500 61 00,http://www.travelworldwide.ch/,info@travelworldwide.ch,https://maps.google.com/?cid=8401522173412520107
airtours Travel Boutique,agenzie di viaggio,"Augustinergasse 17, 8001 Zürich, Switzerland",NOT AVAILABLE,044 267 50 50,https://www.tui.ch/de/reisebuero/zuerich/airtours-travel-boutique,2675050airtours@tui.chzurzeit,https://maps.google.com/?cid=17729046181358026796
Sky Travels GmbH,agenzie di viaggio,"Pflanzschulstrasse 99, 8004 Zürich, Switzerland",NOT AVAILABLE,043 311 90 02,http://www.skytravels.ch/,info@skytravels.ch,https://maps.google.com/?cid=7436148816361348914
Dorado Latin Tours,agenzie di viaggio,"Herostrasse 12, 8048 Zürich, Switzerland",NOT AVAILABLE,058 702 60 45,http://www.dorado-latintours.ch/,info@dorado-latintours.ch,https://maps.google.com/?cid=1569054786266738513
viajes,agenzie di viaggio,"Militärstrasse 87, 8004 Zürich, Switzerland",NOT AVAILABLE,044 241 24 41,http://viajes.ch/,info@viajes.ch,https://maps.google.com/?cid=8171814429812671640
Move by Australasia AG,agenzie di viaggio,"Schaffhauserstrasse 89, 8057 Zürich, Switzerland",NOT AVAILABLE,044 372 22 70,http://www.movereisen.ch/,travel@movereisen.ch,https://maps.google.com/?cid=5993485771728031318
Cosa Travel Ltd,agenzie di viaggio,"Utoquai 55, 8008 Zürich, Switzerland",NOT AVAILABLE,044 269 40 40,http://www.cosatravel.ch/,mail@cosatravel.ch,https://maps.google.com/?cid=1949100580215580255
Zürich Tourist Information,agenzie di viaggio,"Hauptbahnhof, 8001 Zürich, Switzerland",NOT AVAILABLE,044 215 40 00,https://www.zuerich.com/,NOT AVAILABLE,https://maps.google.com/?cid=6938327641016489089
Blue Moon Travel,agenzie di viaggio,"Josefstrasse 110, 8005 Zürich, Switzerland",NOT AVAILABLE,044 364 00 00,http://www.travelboerse.ch/,NOT AVAILABLE,https://maps.google.com/?cid=13898503082611344086
S Travel GmbH,agenzie di viaggio,"Luisenstrasse 21, 8005 Zürich, Switzerland",NOT AVAILABLE,044 419 91 00,http://www.stravel.ch/,NOT AVAILABLE,https://maps.google.com/?cid=4163294017714514162
Australasia & Africa Reisen AG,agenzie di viaggio,"Schaffhauserstrasse 89, 8057 Zürich, Switzerland",NOT AVAILABLE,044 450 73 75,http://www.australasia.ch/,NOT AVAILABLE,https://maps.google.com/?cid=9067365138810990273
Global Travel GmbH,agenzie di viaggio,"Hagenholzstrasse 81A, 8050 Zürich, Switzerland",NOT AVAILABLE,044 310 77 66,http://www.globaltravel.ch/,info@globaltravel.ch,https://maps.google.com/?cid=12180841896105338711
Smeraldo Tours AG,agenzie di viaggio,"Grindelstrasse 6, 8304 Wallisellen, Switzerland",NOT AVAILABLE,044 908 50 10,http://www.smeraldo-tours.ch/,NOT AVAILABLE,https://maps.google.com/?cid=16705907205705327412
PADI Travel,agenzie di viaggio,"Splügenstrasse 6, 8002 Zürich, Switzerland",NOT AVAILABLE,(786) 220-3482,https://travel.padi.com/,NOT AVAILABLE,https://maps.google.com/?cid=15136573524908884760
Albis Reisen,agenzie di viaggio,"Albisriederstrasse 334, 8047 Zürich, Switzerland",NOT AVAILABLE,044 406 10 10,https://yellow.local.ch/d/7iby6xbjlqB9NTclNiWlkg,NOT AVAILABLE,https://maps.google.com/?cid=5124443661845584217
AF Travel Agency /Brasil Reisen,agenzie di viaggio,"Brasil Reisen, St. Jakobstrasse 44, 8004 Zürich, Switzerland",NOT AVAILABLE,043 243 99 66,NOT AVAILABLE,NOT AVAILABLE,https://maps.google.com/?cid=6561169374675547320
Holiday Maker Tours AG,agenzie di viaggio,"Stampfenbachstrasse 144, 8006 Zürich, Switzerland",NOT AVAILABLE,044 215 30 80,http://www.holidaymaker.ch/,NOT AVAILABLE,https://maps.google.com/?cid=15909672950821685929
Vögele Reisen AG,agenzie di viaggio,"Baslerstrasse 60, 8048 Zürich, Switzerland",NOT AVAILABLE,043 960 86 10,http://www.voegele-reisen.ch/,NOT AVAILABLE,https://maps.google.com/?cid=8571585181680872605
Fibula Travel,agenzie di viaggio,"Schwamendingenstrasse 42, 8050 Zürich, Switzerland",NOT AVAILABLE,044 572 32 22,https://www.fibulatravel.ch/,02info@fibulatravel.ch,https://maps.google.com/?cid=2677566242864216988
Balkan Holidays (Switzerland) AG,agenzie di viaggio,"Beckenhofstrasse 72, 8006 Zürich, Switzerland",NOT AVAILABLE,044 362 80 70,https://balkan-holidays.ch/,NOT AVAILABLE,https://maps.google.com/?cid=1994598263185694858
BCD Travel - Zürich,agenzie di viaggio,"Thurgauerstrasse 39, 8050 Zürich, Switzerland",NOT AVAILABLE,044 529 24 00,https://www.bcdtravel.com/placemarks/switzerland/?utm_source=googlemaps&utm_medium=organic&utm_campaign=googlemaps&utm_content=zuerich,NOT AVAILABLE,https://maps.google.com/?cid=16697712073253818572
ltur Reisebüro Zürich,agenzie di viaggio,"Löwenstrasse 43, 8001 Zürich, Switzerland",NOT AVAILABLE,044 260 20 45,https://www.ltur.com/de/information/shopfinder/l/zurich/lowenstrasse-43/1151494,NOT AVAILABLE,https://maps.google.com/?cid=3956759143000842696
Willi Travel AG,agenzie di viaggio,"Wilstrasse 15, 8600 Dübendorf, Switzerland",NOT AVAILABLE,044 802 90 90,http://www.willitravel.ch/,NOT AVAILABLE,https://maps.google.com/?cid=8741521730895502571
Gray Line Zurich,agenzie di viaggio,"Jupiterstrasse 35, 8032 Zürich, Switzerland",NOT AVAILABLE,044 383 78 78,http://www.meiertours.ch/,meier@meiertours.ch,https://maps.google.com/?cid=2890851486038429582
Swiss Travel Bureau GmbH,agenzie di viaggio,"Stockerstrasse 38, 8002 Zürich, Switzerland",NOT AVAILABLE,NOT AVAILABLE,http://www.swiss-voyages.com/,NOT AVAILABLE,https://maps.google.com/?cid=18233674374811449852
STC Switzerland Travel Center AG,agenzie di viaggio,"Binzstrasse 38, 8045 Zürich, Switzerland",NOT AVAILABLE,043 210 55 00,https://switzerlandtravelcentre.com/de-ch,NOT AVAILABLE,https://maps.google.com/?cid=2829370654241128865
ACS Reisen AG,agenzie di viaggio,"Bahnhofstrasse 88, 8001 Zürich, Switzerland",NOT AVAILABLE,044 387 75 10,https://www.acs-travel.ch/,info@acs-travel.chnewsletter,https://maps.google.com/?cid=15595354719739435318
Prime - The Travelers' Service AG,agenzie di viaggio,"Seilergraben 55, 8001 Zürich, Switzerland",NOT AVAILABLE,044 260 64 64,https://www.primetravel.ch/,info@primetravel.ch,https://maps.google.com/?cid=12549586199835692316
Polo Reisen AG,agenzie di viaggio,"Regensdorferstrasse 3, 8049 Zürich, Switzerland",NOT AVAILABLE,044 341 94 00,https://yellow.local.ch/d/MoJziu0JVgeOr5xJL4M2Mg,NOT AVAILABLE,https://maps.google.com/?cid=6433472342199365115
ZSG-Schifffahrt,agenzie di viaggio,"Schiffsteg, Tram Bürklipl., 8001 Zürich, Switzerland",NOT AVAILABLE,044 487 13 33,https://www.zsg.ch/,33ahoi@zsg.ch,https://maps.google.com/?cid=13980935425944400037
"Fenice Viaggi - Agenzia Viaggi Stabio, Svizzera",agenzie di viaggio,"primo piano, Via Giulia 43, 6855 Stabio, Switzerland",NOT AVAILABLE,091 647 47 30,http://www.feniceviaggi.com/,info@feniceviaggi.com,https://maps.google.com/?cid=6995899652836090440
Allianz Travel Switzerland,agenzie di viaggio,"Richtipl. 1, 8304 Wallisellen, Switzerland",NOT AVAILABLE,044 283 32 22,http://www.allianz-travel.ch/,NOT AVAILABLE,https://maps.google.com/?cid=5010135187487562297
Swiss epic tours GmbH,agenzie di viaggio,"Flughofstrasse 47, 8153 Rümlang, Switzerland",NOT AVAILABLE,079 811 59 69,http://www.swissepictours.com/,NOT AVAILABLE,https://maps.google.com/?cid=12986201962836910269
Insight Reisen GmbH,agenzie di viaggio,"Fröhlichstrasse 42, 8008 Zürich, Switzerland",NOT AVAILABLE,044 280 62 62,http://www.insight-reisen.com/,NOT AVAILABLE,https://maps.google.com/?cid=16469482225813340469
Lets Travel,agenzie di viaggio,"Rue de Berne 3, 1201 Genève, Switzerland",DE,022 731 82 82,https://www.letstravel.ch/,NOT AVAILABLE,https://maps.google.com/?cid=7140392377024899167
ad gentes | Agence de Voyage,agenzie di viaggio,"Rue de Lausanne 42, 1201 Genève, Switzerland",DE,022 344 57 80,https://www.ad-gentes.ch/,NOT AVAILABLE,https://maps.google.com/?cid=3507878965304281296
Mondo Voyages - Agence de voyage,agenzie di viaggio,"Rue de la Servette 19, 1201 Genève, Switzerland",DE,022 733 61 61,http://mondo.com/,NOT AVAILABLE,https://maps.google.com/?cid=14414618112553567118
Terres Sauvages SA,agenzie di viaggio,"Rue Prévost-Martin 51, 1205 Genève, Switzerland",NOT AVAILABLE,022 320 50 80,http://terres-sauvages.ch/,info@terres-sauvages.ch,https://maps.google.com/?cid=11587040487142187702
BANZI Voyages SA,agenzie di viaggio,"Bd James-Fazy 12, 1201 Genève, Switzerland",NOT AVAILABLE,022 731 11 31,http://banzivoyages.com/,info@banzivoyages.com,https://maps.google.com/?cid=18225894893436201489
Voyageurs du Monde,agenzie di viaggio,"Rue de la Rôtisserie 19, 1204 Genève, Switzerland",DE,022 519 12 10,https://www.voyageursdumonde.ch/,NOT AVAILABLE,https://maps.google.com/?cid=7822404789427871648
VIP VOYAGES SA,agenzie di viaggio,"Rue Jean-Petitot 4, 1204 Genève, Switzerland",NOT AVAILABLE,022 317 07 70,https://vipvoyages.ch/,info@vipvoyages.ch,https://maps.google.com/?cid=12040500946516428365
Cristal Voyages SA‎,agenzie di viaggio,"Rue Rousseau 14, 1201 Genève, Switzerland",NOT AVAILABLE,022 715 04 40,http://www.cristal-voyages.ch/,NOT AVAILABLE,https://maps.google.com/?cid=8050971517701724305
Terres d'Aventure : Agence de voyages Genève,agenzie di viaggio,"Rue de la Rôtisserie 19, 1204 Genève, Switzerland",DE,022 519 12 20,https://www.terdav.com/,NOT AVAILABLE,https://maps.google.com/?cid=7493327486087899423
TUI Agence de voyage Genève Balexert,agenzie di viaggio,"Av. Louis-Casaï 27, 1209 Vernier, Switzerland",NOT AVAILABLE,022 979 33 40,https://www.tui.ch/fr/agence-de-voyage/geneve/tui-geneve-balexert/,40alexandre.devin@tui.chmes,https://maps.google.com/?cid=6901368995775575184
Au Tigre Vanillé - Agence de Voyage Genève,agenzie di viaggio,"Rue de Rive 8, 1204 Genève, Switzerland",DE,022 817 37 37,https://www.autigrevanille.ch/fr/,NOT AVAILABLE,https://maps.google.com/?cid=4738168726955321245
Delta Voyages SA,agenzie di viaggio,"Quai du Seujet 28, 1201 Genève, Switzerland",NOT AVAILABLE,022 909 10 10,http://www.delta-voyages.ch/,info@delta-voyages.ch,https://maps.google.com/?cid=7564143596931648489
BC Business Class Sa,agenzie di viaggio,"Grand-Rue 23, 1204 Genève, Switzerland",NOT AVAILABLE,022 818 00 40,https://bc-business-class.digitalone.site/,NOT AVAILABLE,https://maps.google.com/?cid=17047903564685258843
Géo-Découverte,agenzie di viaggio,"adresse provisoire jusqu'à mai 2026, Rue Necker 3, 1201 Genf, Switzerland",NOT AVAILABLE,022 716 30 00,https://www.geo-decouverte.com/,info@geo-decouverte.coms,https://maps.google.com/?cid=3290579633456605135
Trans Continental SA,agenzie di viaggio,"Rte de Florissant 66, 1206 Genève, Switzerland",DE,022 347 27 27,https://transcontinental.ch/offre,NOT AVAILABLE,https://maps.google.com/?cid=5391330231663299787
WTA World Travel Agency SA,agenzie di viaggio,"Rue du Jeu-de-l'Arc 15, 1207 Genève, Switzerland",NOT AVAILABLE,022 741 14 82,https://yellow.local.ch/d/B95I5jQgl50Eq5wnhwk8iA,NOT AVAILABLE,https://maps.google.com/?cid=2347883701209993053
Club Med Voyages Genève,agenzie di viaggio,"Rue François-Versonnex 5, 1207 Genève, Switzerland",NOT AVAILABLE,022 817 12 34,https://agence.clubmed.fr/fr/suisse/geneve/geneve/geneve/club-med-voyages-geneve-220,cmv.geneve@clubmed.com,https://maps.google.com/?cid=17310733507836992527
Charter Voyages SA,agenzie di viaggio,"Rte des Acacias 25, 1227 Genève, Switzerland",NOT AVAILABLE,022 734 35 35,http://www.charter.ch/,info@charter.chadresse,https://maps.google.com/?cid=12877593599167659230
GVA Travel Aeroport,agenzie di viaggio,"C.P. 350, Geneva Airport, Rte de l'Aéroport 21, 1215 Le Grand-Saconnex, Switzerland",DE,022 575 31 41,http://gvatravel.ch/,NOT AVAILABLE,https://maps.google.com/?cid=17795999444814218800
"Planète Evasion, Safaris",agenzie di viaggio,"Rue du Pont-Neuf 3, 1227 Carouge, Switzerland",NOT AVAILABLE,022 342 37 77,http://www.planete-evasion.ch/,info@planete-evasion.ch,https://maps.google.com/?cid=6490798582226163704
Agence de voyages Genève - VOS VOYAGES by Culture Air Travel,agenzie di viaggio,"Av. de Champel 8C, 1206 Genève, Switzerland",DE,022 839 81 81,NOT AVAILABLE,NOT AVAILABLE,https://maps.google.com/?cid=3596574012418997715
Dal Voyages,agenzie di viaggio,"Rue Lissignol 5, 1201 Genève, Switzerland",NOT AVAILABLE,022 344 72 27,http://www.dal-voyages.ch/,NOT AVAILABLE,https://maps.google.com/?cid=12300763584094910579
ADN voyage Sàrl,agenzie di viaggio,"Rue de Carouge 36, 1205 Genève, Switzerland",DE,076 304 00 07,https://adntravel.com/,NOT AVAILABLE,https://maps.google.com/?cid=8574559541875023369
Executive Travel SA,agenzie di viaggio,"Av. Louis-Casaï 80, 1216 Genève, Switzerland",NOT AVAILABLE,022 929 89 29,http://www.e-travel.ch/,business@e-travel.ch,https://maps.google.com/?cid=1182640778548560523
Nouvelle-Zélande à la carte,agenzie di viaggio,"Rue de Montchoisy 21, 1207 Genève, Switzerland",DE,022 786 14 86,https://nouvelle-zelande-a-la-carte.com/?utm_source=mapsGeneve&utm_medium=organic&utm_campaign=Google_local_business,NOT AVAILABLE,https://maps.google.com/?cid=5172749779498038627
Ultramarina,agenzie di viaggio,"Rue de Montchoisy 21, 1207 Genève, Switzerland",DE,022 786 14 86,https://ch.ultramarina.com/?utm_source=mapsGeneve&utm_medium=organic&utm_campaign=Google_local_business,NOT AVAILABLE,https://maps.google.com/?cid=14463527259029846986
Swisstours Voyages,agenzie di viaggio,"Rue François-Bonivard, 1211 Genève, Switzerland",NOT AVAILABLE,022 781 04 04,http://swisstours-voyages.ch/,NOT AVAILABLE,https://maps.google.com/?cid=13706253368339161493
"Fiesta Travel, Röschli",agenzie di viaggio,"Pl. de Cornavin 14, 1201 Genève, Switzerland",DE,022 738 58 24,http://fiestatravel.ch/,info@fiestatravel.ch,https://maps.google.com/?cid=5930064513432469818
Huwans Genève,agenzie di viaggio,"Rue Prévost-Martin 51, 1205 Genève, Switzerland",NOT AVAILABLE,022 320 50 80,https://www.huwans.com/,NOT AVAILABLE,https://maps.google.com/?cid=17747546173577945534
SwissTours,agenzie di viaggio,"Rue François-Bonivard 8, 1201 Genève, Switzerland",NOT AVAILABLE,022 781 04 04,https://stts.tripbooker.ch/EN/,NOT AVAILABLE,https://maps.google.com/?cid=18166996160246986379
BK Organisation,agenzie di viaggio,"Chem. des Tulipiers 13, 1208 Genève, Switzerland",NOT AVAILABLE,022 737 21 70,http://www.bkorganisation.com/,info@bkorganisation.com,https://maps.google.com/?cid=14479292224646048935
MAGANUCO Voyages,agenzie di viaggio,"Rue des Arpenteurs 16, 1217 Meyrin, Switzerland",NOT AVAILABLE,022 780 81 80,http://www.maganuco-voyages.ch/,NOT AVAILABLE,https://maps.google.com/?cid=6351716634127246859
Kosovafly Sàrl,agenzie di viaggio,"Rue de Lyon 32, 1203 Genève, Switzerland",DE,022 340 50 59,http://www.kosovafly.ch/,NOT AVAILABLE,https://maps.google.com/?cid=4692701488842834779
Agencia de viajes,agenzie di viaggio,"Rue de Richemont 10, 1202 Genève, Switzerland",DE,NOT AVAILABLE,NOT AVAILABLE,NOT AVAILABLE,https://maps.google.com/?cid=7030390164408001778
"Fenice Viaggi - Agenzia Viaggi Stabio, Svizzera",agenzie di viaggio,"primo piano, Via Giulia 43, 6855 Stabio, Switzerland",NOT AVAILABLE,091 647 47 30,http://www.feniceviaggi.com/,info@feniceviaggi.com,https://maps.google.com/?cid=6995899652836090440
Safaris à la carte,agenzie di viaggio,"Rue de Montchoisy 21, 1207 Genève, Switzerland",DE,022 786 14 01,https://ch.safaris-a-la-carte.com/?utm_source=mapsGeneve&utm_medium=organic&utm_campaign=Google_local_business,NOT AVAILABLE,https://maps.google.com/?cid=18104714620155443115
Miki Travel Agency SA,agenzie di viaggio,"Rue de Chantepoulet 1, 1201 Genève, Switzerland",DE,022 731 51 44,http://www.miki-travel.ch/,NOT AVAILABLE,https://maps.google.com/?cid=9006686080047920460
Kuoni,agenzie di viaggio,"DER Touristik Suisse AG, Cr de Rive 8, 1204 Genève, Switzerland",AG,058 702 60 60,https://www.kuoni.ch/fr/consultation/agences-de-voyages/kuoni-voyages-geneve-cours-de-rive,NOT AVAILABLE,https://maps.google.com/?cid=6256283575811545110
Japan Tours,agenzie di viaggio,"Rue de Lausanne 42, 1201 Genève, Switzerland",DE,022 908 61 85,https://www.ad-gentes.ch/destinations/asie/japon,NOT AVAILABLE,https://maps.google.com/?cid=10812352178467734606
Gateway Tours,agenzie di viaggio,"Via dei Gorini 2, 6900 Lugano, Switzerland",NOT AVAILABLE,091 911 34 70,http://www.gatewaytours.ch/,info@gatewaytours.ch,https://maps.google.com/?cid=17106614522419302789
ad gentes,agenzie di viaggio,"1er étage Meyrin Centre, Av. de Feuillasse 24, 1217 Meyrin, Switzerland",DE,022 782 44 44,https://www.ad-gentes.ch/,NOT AVAILABLE,https://maps.google.com/?cid=14566596343126762355
Cocoa Travel Lugano,agenzie di viaggio,"Via Ginevra 5, 6900 Lugano, Switzerland",NOT AVAILABLE,091 970 28 08,http://www.cocoa.travel/,NOT AVAILABLE,https://maps.google.com/?cid=16640191885286448768
Vola e va Sagl,agenzie di viaggio,"Via Marcacci 11, 6600 Locarno, Switzerland",NOT AVAILABLE,091 752 22 05,http://www.volaeva.ch/,info@volaeva.ch,https://maps.google.com/?cid=13299134362995541111
Geneva Tourist Information Centre,agenzie di viaggio,"Cornavin Train Station, Pl. de Cornavin 7/1st floor, 1201 Genève, Switzerland",DE,022 909 70 00,https://genevatourism.co/visit,NOT AVAILABLE,https://maps.google.com/?cid=4403603773029272388
GVA Travel Ville,agenzie di viaggio,"Rue de Lausanne 64, 1202 Genève, Switzerland",DE,022 575 31 41,http://gvatravel.ch/,NOT AVAILABLE,https://maps.google.com/?cid=2491378649045164459
ES Voyages + Vacances SA,agenzie di viaggio,"Grand-Rue 17, 1204 Genève, Switzerland",NOT AVAILABLE,022 909 28 00,https://www.voyagesetvacances.ch/,info@voyagesetvacances.ch,https://maps.google.com/?cid=10822983660649877270
Luna Viaggi,agenzie di viaggio,"Corso S. Gottardo 107C, 6830 Chiasso, Switzerland",NOT AVAILABLE,091 261 49 94,https://lunaviaggi.com/,gruppi@lunaviaggi.com,https://maps.google.com/?cid=4569745992889649347
Pink Travel AG,agenzie di viaggio,"Rümelinspl. 19, 4001 Basel, Switzerland",NOT AVAILABLE,061 365 90 00,http://www.pinktravel.ch/,travel@pinktravel.ch,https://maps.google.com/?cid=4940684696324801561
Travel Shop Ticket & Travel Service Wagner AG,agenzie di viaggio,"Schneidergasse 27, 4051 Basel, Switzerland",NOT AVAILABLE,061 261 70 12,http://www.travelshop.ch/,travelshop@travelshop.ch,https://maps.google.com/?cid=8431421018668070818
Globetrotter Travel Service Basel,agenzie di viaggio,"Rechte Seite, Falknerstrasse 4, 4001 Basel, Switzerland",NOT AVAILABLE,061 269 86 86,https://www.globetrotter.ch/basel,basel@globetrotter.ch,https://maps.google.com/?cid=9830361780149009508
Magic Travel Services GmbH,agenzie di viaggio,"c/o Constanta AG, Flühbergweg 2, 4107 Ettingen, Switzerland",AG,061 588 01 58,http://www.magicswitzerland.com/,NOT AVAILABLE,https://maps.google.com/?cid=4602442983881144536
Madagascar Madagaskarhaus PRIORI Reisen,agenzie di viaggio,"Holeestrasse 6, 4054 Basel, Switzerland",NOT AVAILABLE,061 332 19 27,https://madagaskarhaus.ch/,NOT AVAILABLE,https://maps.google.com/?cid=6091791435234450395
Cleopatra Travel,agenzie di viaggio,"Freie Str. 17, 4051 Basel, Switzerland",NOT AVAILABLE,061 302 00 80,https://www.cleopatra.ch/,info@cleopatra.ch,https://maps.google.com/?cid=4693170247033014759
Laros,agenzie di viaggio,"Freie Str. 9/2. OG, 4001 Basel, Switzerland",OG,061 756 80 80,https://laros.ch/,NOT AVAILABLE,https://maps.google.com/?cid=5016478919203625803
Tüm Reisen GmbH,agenzie di viaggio,"Tellpl. 11, 4053 Basel, Switzerland",NOT AVAILABLE,061 363 33 55,http://tumreisen.ch/,NOT AVAILABLE,https://maps.google.com/?cid=18010421330150124362
Glur Reisen AG,agenzie di viaggio,"Spalenring 111, 4009 Basel, Switzerland",NOT AVAILABLE,061 205 94 94,http://www.glur.ch/,basele-mailglur.ch.reisen@.glur.ch.reisenglur.chfollow,https://maps.google.com/?cid=11524040517512424789
Divertimento GmbH Opera Travel & concert tours,agenzie di viaggio,"Malzgasse 7A, 4052 Basel, Switzerland",NOT AVAILABLE,061 281 11 88,http://divertimento.ch/,info@divertimento.chtel,https://maps.google.com/?cid=2638117028875570580
holidays.ch AG,agenzie di viaggio,"Centralbahnstrasse 9, 4051 Basel, Switzerland",NOT AVAILABLE,0840 800 877,http://www.holidays.ch/,NOT AVAILABLE,https://maps.google.com/?cid=15341257703388338877
Tourist Information Barfüsserplatz - Basel Tourismus,agenzie di viaggio,"Steinenberg 14, 4051 Basel, Switzerland",NOT AVAILABLE,061 268 68 68,https://www.basel.com/,NOT AVAILABLE,https://maps.google.com/?cid=13608084991720216496
Koch-Reisen,agenzie di viaggio,"Lyon-Strasse 43, 4053 Basel, Switzerland",NOT AVAILABLE,061 333 20 30,http://www.koch-reisen.net/,30info@koch-reisen.net,https://maps.google.com/?cid=4920865921173162462
Stiefvater Reisen (Schweiz),agenzie di viaggio,"St. Jakobs-Strasse 200, 4052 Basel, Switzerland",NOT AVAILABLE,061 303 73 73,http://www.stiefvater-reisen.ch/kontakt/,binzeninfo@stiefvater-reisen.comtel,https://maps.google.com/?cid=181814621846739992
"Flexsis Basel, Life Sciences (Global Personal Partner AG)",agenzie di viaggio,"Hochbergerstrasse 70, 4057 Basel, Switzerland",NOT AVAILABLE,061 205 62 62,https://www.flexsis.ch/de/agenturen/,mailaarau@flexsis.ch,https://maps.google.com/?cid=12322629725068564337
Khronos Personalberatung,agenzie di viaggio,"Steinentorstrasse 35, 4051 Basel, Switzerland",NOT AVAILABLE,061 205 70 10,https://www.khronos.ch/,NOT AVAILABLE,https://maps.google.com/?cid=3177086220443996925
EDP Personalberatung GmbH,agenzie di viaggio,"Freie Str. 17, 4001 Basel, Switzerland",NOT AVAILABLE,061 269 90 60,http://www.edp-basel.ch/,60info@edp-basel.ch,https://maps.google.com/?cid=14007867049098888541
Aris Personalberatung GmbH,agenzie di viaggio,"Freie Str. 2, 4001 Basel, Switzerland",NOT AVAILABLE,061 278 80 80,http://www.aris-personal.ch/,contact@aris-personal.ch,https://maps.google.com/?cid=18441490648098199260
Basel Tourismus - Management Office / Back Office,agenzie di viaggio,"Aeschenvorstadt 36, 4051 Basel, Switzerland",NOT AVAILABLE,061 268 68 68,http://www.basel.com/,NOT AVAILABLE,https://maps.google.com/?cid=5719605943045702565
Leif Reisen AG,agenzie di viaggio,"Hirzbodenpark 22, 4052 Basel, Switzerland",NOT AVAILABLE,061 271 00 21,http://www.leifreisen.ch/,NOT AVAILABLE,https://maps.google.com/?cid=18366318619739104207
TUI Travel Center Basel Aeschengraben,agenzie di viaggio,"Aeschengraben 10, 4051 Basel, Switzerland",NOT AVAILABLE,061 278 93 00,https://www.tui.ch/de/reisebuero/basel/tui-basel-aeschengraben,2789300basel.aeschengraben@tui.chzurzeit,https://maps.google.com/?cid=14446870337754293319
TUI Reisebüro Basel Gerbergasse,agenzie di viaggio,"Gerbergasse 20, 4001 Basel, Switzerland",NOT AVAILABLE,061 264 92 64,https://www.tui.ch/de/reisebuero/basel/tui-basel-gerbergasse,2649264basel.gerbergasse@tui.chzurzeit,https://maps.google.com/?cid=9604363224225763158
Cesar's Ag,agenzie di viaggio,"Centralbahnpl. 12, 4051 Basel, Switzerland",NOT AVAILABLE,061 831 14 58,http://www.cesars.ch/,NOT AVAILABLE,https://maps.google.com/?cid=4596439465854877172
knecht reisen ag,agenzie di viaggio,"Aeschengraben 6, 4051 Basel, Switzerland",NOT AVAILABLE,061 272 67 40,https://www.knecht-reisen.ch/,e-mailknecht-reisen.ch.info@.knecht-reisen.ch.infoknecht-reisen.chfollow,https://maps.google.com/?cid=17817286516546845113
Blue Dolphin Reisen AG,agenzie di viaggio,"Claragraben 163, 4057 Basel, Switzerland",NOT AVAILABLE,061 693 43 00,https://www.facebook.com/Blue-Dolphin-Reisen-940491272684167/,NOT AVAILABLE,https://maps.google.com/?cid=15400233687860241515
ltur Reisebüro Basel,agenzie di viaggio,"Steinenvorstadt 65, 4051 Basel, Switzerland",NOT AVAILABLE,061 283 25 35,https://www.ltur.com/de/information/shopfinder/l/basel/steinenvorstadt-65/1151375,NOT AVAILABLE,https://maps.google.com/?cid=11690873999040208223
"Miro Reisen, Perimex AG",agenzie di viaggio,"Solothurnerstrasse 72, 4053 Basel, Switzerland",NOT AVAILABLE,061 361 13 10,http://miro-reisen.ch/,info@miro-reisen.ch,https://maps.google.com/?cid=18253174342364078919
Hotelplan Reisebüro Basel City,agenzie di viaggio,"Gerbergasse 24, 4001 Basel, Switzerland",NOT AVAILABLE,061 260 30 00,https://www.hotelplan.ch/reisebuero-filiale/hotelplan-basel-city/CH9171,00basel-city@hotelplan.chbarrierefreier,https://maps.google.com/?cid=2572916232945649069
Travel Point,agenzie di viaggio,"Greifengasse 36, 4058 Basel, Switzerland",NOT AVAILABLE,061 693 30 80,https://www.travelpoint.ch/,roger.berberat@travelpoint.ch,https://maps.google.com/?cid=13734219745204123260
Reisebüro Prishtina GmbH,agenzie di viaggio,"Haltingerstrasse 12, 4057 Basel, Switzerland",NOT AVAILABLE,061 693 47 10,https://www.rb-prishtina.ch/,info@rb-prishtina.ch,https://maps.google.com/?cid=1709734983015576421
Net Reisen & Handels GmbH,agenzie di viaggio,"Klybeckstrasse 83, 4057 Basel, Switzerland",NOT AVAILABLE,061 683 31 20,NOT AVAILABLE,NOT AVAILABLE,https://maps.google.com/?cid=14288692619758589295
Rhytaxi Ihr Wassertaxi in Basel auf dem Rhein,agenzie di viaggio,"Unterer Rheinweg 10, 4058 Basel, Switzerland",NOT AVAILABLE,061 273 14 14,https://www.rhytaxi-basel.com/,NOT AVAILABLE,https://maps.google.com/?cid=13909144150839791396
Scandella Luxury Adventure Travel GmbH,agenzie di viaggio,"Thannerstrasse 36, 4054 Basel, Switzerland",NOT AVAILABLE,079 475 94 29,http://www.scandellatravel.ch/,NOT AVAILABLE,https://maps.google.com/?cid=11651576359908955054
Media Reisen,agenzie di viaggio,"Petersgraben 33, 4003 Basel, Switzerland",NOT AVAILABLE,061 260 92 60,https://www.mediareisen.ch/,NOT AVAILABLE,https://maps.google.com/?cid=11581740935376927840
KUONI Reisebüro Basel Gerbergasse,agenzie di viaggio,"Gerbergasse 26, 4001 Basel, Switzerland",NOT AVAILABLE,058 702 62 12,https://www.kuoni.ch/beratung/reisebueros/kuoni-reisen-basel-gerbergasse,NOT AVAILABLE,https://maps.google.com/?cid=3466139917628798752
"Busmiete.ch AG, Busvermietung & Carreisen Basel",agenzie di viaggio,"Genuastrasse 15, 4142 Münchenstein, Switzerland",NOT AVAILABLE,061 545 95 95,https://www.busmiete.ch/,info@busmiete.ch,https://maps.google.com/?cid=9526893809219118529
Swissgrand tours,agenzie di viaggio,"Freie Str. 17, 4051 Basel, Switzerland",NOT AVAILABLE,NOT AVAILABLE,http://www.swissgrandtours.com/,info@swissgrandtours.com,https://maps.google.com/?cid=9508872245506744410
Nayak Reisen AG,agenzie di viaggio,"Steinengraben 42, 4051 Basel, Switzerland",NOT AVAILABLE,061 206 88 88,https://www.nayak.ch/,info@nayak.ch,https://maps.google.com/?cid=13732642921107652569
KUONI Reisebüro Basel Aeschenvorstadt,agenzie di viaggio,"Aeschenvorstadt 21, 4010 Basel, Switzerland",NOT AVAILABLE,058 702 66 96,https://www.kuoni.ch/beratung/reisebueros/kuoni-reisen-basel-aeschenvorstadt,NOT AVAILABLE,https://maps.google.com/?cid=5511532323644307155
Baselunterderlupe,agenzie di viaggio,"Petersgraben 45, 4051 Basel, Switzerland",NOT AVAILABLE,079 280 73 89,http://www.baselunterderlupe.ch/,NOT AVAILABLE,https://maps.google.com/?cid=9697300340222912430
Belvista Travel,agenzie di viaggio,"Hammerstrasse 84, 4057 Basel, Switzerland",NOT AVAILABLE,076 589 61 60,http://instagram.com/belvistatravelch,NOT AVAILABLE,https://maps.google.com/?cid=9065636842063468637
Scandella Luxury Adventure Travel GmbH,agenzie di viaggio,"Spalenberg 23, 4051 Basel, Switzerland",NOT AVAILABLE,NOT AVAILABLE,NOT AVAILABLE,NOT AVAILABLE,https://maps.google.com/?cid=10419885816155779115
bta first travel,agenzie di viaggio,"Falknerstrasse 3, 4001 Basel, Switzerland",NOT AVAILABLE,061 205 97 97,https://www.btafirst.com/,NOT AVAILABLE,https://maps.google.com/?cid=4139215126870569088
Linguista Sprachaufenthalte Basel,agenzie di viaggio,"Petersgraben 33, 4051 Basel, Switzerland",NOT AVAILABLE,061 260 92 70,https://www.linguista.ch/de/,NOT AVAILABLE,https://maps.google.com/?cid=17117749619988910257
CWT Basel,agenzie di viaggio,"Münchensteinerstrasse 43, 4052 Basel, Switzerland",NOT AVAILABLE,058 322 23 30,https://www.mycwt.com/countries/switzerland/,NOT AVAILABLE,https://maps.google.com/?cid=13611675192109032018
Tauchsafari,agenzie di viaggio,"Singerstrasse 8, 4052 Basel, Switzerland",NOT AVAILABLE,076 505 90 40,NOT AVAILABLE,NOT AVAILABLE,https://maps.google.com/?cid=146692684155365038
INFOBÜRO TÜRKEI,agenzie di viaggio,"Klybeckstrasse 88, 4057 Basel, Switzerland",NOT AVAILABLE,061 322 49 29,NOT AVAILABLE,NOT AVAILABLE,https://maps.google.com/?cid=1160729222223658274
Open Visa Service,agenzie di viaggio,"Haltingerstrasse 34, 4057 Basel, Switzerland",NOT AVAILABLE,076 516 54 23,https://openvisaservice.ch/,info@openvisaservice.ch,https://maps.google.com/?cid=3873799080067223824
Bunte Welt Reisen,agenzie di viaggio,"Basel-St. Alban, 4052 Basel, Switzerland",NOT AVAILABLE,078 644 38 18,https://buchen.amondo.de/agt/karina-c02844,support@amondo.de,https://maps.google.com/?cid=18375374205364428804
HL Travel Swiss GmbH,agenzie di viaggio,"Lindenhofstrasse 34, 4052 Basel, Switzerland",NOT AVAILABLE,061 271 47 30,https://hltravel.com/,NOT AVAILABLE,https://maps.google.com/?cid=10254242637326538889
"Adras Travel - Tours and Travel to Uzbekistan, Kyrgyzstan and Tajikistan",agenzie di viaggio,"Lerchenweg 7, 4123 Allschwil, Switzerland",NOT AVAILABLE,077 443 69 98,https://adrastravel.com/,info@adrastravel.com,https://maps.google.com/?cid=2215803892739324509
avrasya,agenzie di viaggio,"Güterstrasse 169, 4053 Basel, Switzerland",NOT AVAILABLE,061 506 50 60,http://www.avrasya-travel.com/,NOT AVAILABLE,https://maps.google.com/?cid=16067185598180003388
"Reisebüro Fly Way, Caroline Müller Messaoud",agenzie di viaggio,"Angensteinerstrasse 48, 4052 Basel, Switzerland",NOT AVAILABLE,061 312 02 13,NOT AVAILABLE,NOT AVAILABLE,https://maps.google.com/?cid=5167946244227907585
Australia Tours,agenzie di viaggio,"Sempacherstrasse 30, 4053 Basel, Switzerland",NOT AVAILABLE,061 361 98 73,https://yellow.local.ch/d/n8DZbywrsYHT12JV4VOmKg,NOT AVAILABLE,https://maps.google.com/?cid=9980168711545513548
Mykonos Nomads,agenzie di viaggio,"Gerbergasse 23, 4051 Basel, Switzerland",NOT AVAILABLE,079 322 34 01,https://www.mykonosnomads.com/,NOT AVAILABLE,https://maps.google.com/?cid=17979282606284443423
Boa Lingua Basel - Sprachaufenthalte weltweit,agenzie di viaggio,"Falknerstrasse 26, 4001 Basel, Switzerland",NOT AVAILABLE,061 264 19 19,https://www.boalingua.ch/?utm_source=google&utm_medium=organic&utm_campaign=gbp,88info@boalingua.chfiliale,https://maps.google.com/?cid=17009134019730289081
Flussbus,agenzie di viaggio,"Westquaistrasse 39, 4057 Basel, Switzerland",NOT AVAILABLE,079 839 79 79,http://www.flussbus.ch/,rhyno@flussbus.ch,https://maps.google.com/?cid=83698170910366998
Guidesantai GmbH,agenzie di viaggio,"Aeschengraben 29, 4051 Basel, Switzerland",NOT AVAILABLE,076 233 35 36,https://guidesantai.com/,switzerlandemailinfo@guidesantai.compusat,https://maps.google.com/?cid=16687675077370834605
Rivercruise Line AG,agenzie di viaggio,"St. Alban-Anlage 64, 4052 Basel, Switzerland",NOT AVAILABLE,061 313 58 17,https://www.rivercruise-line.eu/,NOT AVAILABLE,https://maps.google.com/?cid=15935523393846851521
Pro Linguis Sprachaufenthalte,agenzie di viaggio,"Greifengasse 36, 4058 Basel, Switzerland",NOT AVAILABLE,061 515 59 09,https://prolinguis.ch/,info@prolinguis.ch,https://maps.google.com/?cid=17466815167028758280
Reisebüro Frossard AG,agenzie di viaggio,"Sattelgasse 4, 4001 Basel, Switzerland",NOT AVAILABLE,061 264 55 55,http://www.frossard-reisen.ch/,info@frossard-reisen.ch,https://maps.google.com/?cid=13897426803933482166
Conexao Suica,agenzie di viaggio,"Oberwilerstrasse 74, 4102 Binningen, Switzerland",NOT AVAILABLE,079 343 52 24,NOT AVAILABLE,NOT AVAILABLE,https://maps.google.com/?cid=11482321224004365230
Venez Discover Switzerland,agenzie di viaggio,"Marktpl. 1, 4001 Basel, Switzerland",NOT AVAILABLE,061 568 73 88,NOT AVAILABLE,NOT AVAILABLE,https://maps.google.com/?cid=11161269904073434229
Ammari Travel,agenzie di viaggio,"Eisenbahnweg 20, 4058 Basel, Switzerland",NOT AVAILABLE,079 340 62 76,NOT AVAILABLE,NOT AVAILABLE,https://maps.google.com/?cid=4473751915686365815
Rhytaxi Basel GmbH,agenzie di viaggio,"Westquaistr. 39, Büro, Westquaistrasse 4, 4057 Basel, Switzerland",NOT AVAILABLE,061 273 14 14,https://www.rhytaxi-basel.com/,NOT AVAILABLE,https://maps.google.com/?cid=13839840578506155223
GTU Travel AG,agenzie di viaggio,"Blotzheimerstrasse 28A, 4055 Basel, Switzerland",NOT AVAILABLE,061 206 95 95,http://www.sporttickets.ch/,NOT AVAILABLE,https://maps.google.com/?cid=18050480647131324557
Catterfly Travel AG,agenzie di viaggio,"Blauenstrasse 67, 4054 Basel, Switzerland",NOT AVAILABLE,NOT AVAILABLE,http://www.catterfly.com/,NOT AVAILABLE,https://maps.google.com/?cid=17951774000876871892
Maurer AG,agenzie di viaggio,"Schauplatzgasse 1, 3011 Bern, Switzerland",NOT AVAILABLE,031 311 06 06,https://www.maurertravel.ch/,info@maurertravel.ch,https://maps.google.com/?cid=6067610047684507912
SR Travel Services AG / Schär Reisen Bern,agenzie di viaggio,"Marktgass-Passage 3, 3011 Bern, Switzerland",NOT AVAILABLE,031 302 41 41,https://www.undweg.ch/,NOT AVAILABLE,https://maps.google.com/?cid=1053876832765683585
Globetrotter Travel Service Bern,agenzie di viaggio,"Neuengasse 23, 3001 Bern, Switzerland",NOT AVAILABLE,031 326 60 60,https://www.globetrotter.ch/bern,bern@globetrotter.ch,https://maps.google.com/?cid=15976918554294593728
Hang Loose Travelservice,agenzie di viaggio,"Spitalgasse 4, 3011 Bern, Switzerland",NOT AVAILABLE,031 313 18 18,http://www.hangloose.ch/,NOT AVAILABLE,https://maps.google.com/?cid=14533234179235243392
Lal Travel,agenzie di viaggio,"Breitfeldstrasse 23, 3014 Bern, Switzerland",NOT AVAILABLE,079 105 35 05,https://chmapse.com/details/lal-travel-ChIJiTO,NOT AVAILABLE,https://maps.google.com/?cid=14555926827549290600
TUI Reisebüro Bern,agenzie di viaggio,"Von Werdt-Passage 8, 3011 Bern, Switzerland",NOT AVAILABLE,031 328 15 15,https://www.tui.ch/de/reisebuero/bern/tui-bern,3281515bern@tui.chzurzeit,https://maps.google.com/?cid=488333895187512627
Dreamtime Travel Bern,agenzie di viaggio,"Marktgasse 31, 3011 Bern, Switzerland",NOT AVAILABLE,031 311 05 70,http://www.dreamtime.ch/,NOT AVAILABLE,https://maps.google.com/?cid=9831829789347045073
Pink Alpine - Gruppen- und Individualreisen für gay Männer,agenzie di viaggio,"Muristrasse 87, 3006 Bern, Switzerland",NOT AVAILABLE,077 403 10 10,https://www.pinkalpine.lgbt/,info@pinkalpine.lgbt,https://maps.google.com/?cid=12168497908438410237
ESL,agenzie di viaggio,"Neuengasse 24, 3011 Bern, Switzerland",NOT AVAILABLE,031 311 85 90,https://www.esl.ch/de?utm_medium=organic&utm_source=googlemybusiness&utm_campaign=mainlink&utm_content=esl_bern,NOT AVAILABLE,https://maps.google.com/?cid=8911144326878731763
Altay Travel GmbH,agenzie di viaggio,"Bümplizstrasse 111, 3018 Bern, Switzerland",NOT AVAILABLE,031 398 60 00,https://www.altaytravel.ch/,info@altaytravel.ch,https://maps.google.com/?cid=5591749863834349406
Loosli Reisen,agenzie di viaggio,"Effingerstrasse 88, 3008 Bern, Switzerland",NOT AVAILABLE,031 381 19 31,http://www.loosli-reisen.ch/,berninfo@loosli-reisen.chtel,https://maps.google.com/?cid=8791433848655595967
Traveltrend nordwärts,agenzie di viaggio,"Muristrasse 89, 3006 Bern, Switzerland",NOT AVAILABLE,031 350 15 15,http://www.traveltrend.ch/,e-mailinfo@traveltrend.ch,https://maps.google.com/?cid=4912810235922576288
Flugbörse Pattaki,agenzie di viaggio,"Junkerngasse 1, 3011 Bern, Switzerland",NOT AVAILABLE,031 312 67 89,http://www.flugboerse-pattaki.ch/,flugboerse@pattaki.ch,https://maps.google.com/?cid=4572803532602093162
italtours ag,agenzie di viaggio,"Effingerstrasse 14A, 3011 Bern, Switzerland",NOT AVAILABLE,031 370 90 90,https://chmapse.org/details/italtours-ag-ChIJG_p,NOT AVAILABLE,https://maps.google.com/?cid=350905981784755363
Siva Travel Bern,agenzie di viaggio,"Weltpoststrasse 3e, 3015 Bern, Switzerland",NOT AVAILABLE,031 318 44 60,https://yellow.local.ch/d/NAITLEbUxJBV2iFjkj6L3Q,NOT AVAILABLE,https://maps.google.com/?cid=15966170595126939911
Servrail GmbH,agenzie di viaggio,"Mühledorfstrasse 20, 3018 Bern, Switzerland",NOT AVAILABLE,031 311 89 51,https://www.servrail.ch/de/,info@servrail.ch,https://maps.google.com/?cid=3526656179714340921
Globetrotter Business Travel Bern,agenzie di viaggio,"Neuengasse 30, 3001 Bern, Switzerland",NOT AVAILABLE,031 326 40 50,https://business.globetrotter.ch/uber-uns/standorte/bern-business-travel,bebt@globetrotter.ch,https://maps.google.com/?cid=14968583688239425018
Tourist Information Bern,agenzie di viaggio,"Bahnhofpl. 10A, 3011 Bern, Switzerland",NOT AVAILABLE,031 328 12 12,https://www.bern.com/,12info@bern.comzur,https://maps.google.com/?cid=13279820327308891273
Ayurveda & Yoga Travel,agenzie di viaggio,"Neuengasse 30, 3011 Bern, Switzerland",NOT AVAILABLE,031 313 00 00,https://www.ayurveda-yoga-travel.ch/,info@ayurveda-yoga-travel.ch,https://maps.google.com/?cid=15888531422027025402
terra sancta tours ag,agenzie di viaggio,"Burgunderstrasse 91, 3018 Bern, Switzerland",NOT AVAILABLE,031 991 76 89,http://www.terra-sancta-tours.ch/,info@terra-sancta-tours.ch.ein,https://maps.google.com/?cid=6245258078682829255
"Fenice Viaggi - Agenzia Viaggi Stabio, Svizzera",agenzie di viaggio,"primo piano, Via Giulia 43, 6855 Stabio, Switzerland",NOT AVAILABLE,091 647 47 30,http://www.feniceviaggi.com/,info@feniceviaggi.com,https://maps.google.com/?cid=6995899652836090440
Adrian Arm,agenzie di viaggio,"Spitalgasse 4, 3011 Bern, Switzerland",NOT AVAILABLE,031 313 18 18,http://canaaussie.ch/,info@canaaussie.ch,https://maps.google.com/?cid=8072570423547377758
Globetrotter Sportreisen,agenzie di viaggio,"Talgut-Zentrum 27, 3063 Ittigen, Switzerland",NOT AVAILABLE,031 917 60 60,https://sportreisen.globetrotter.ch/,NOT AVAILABLE,https://maps.google.com/?cid=4594806768444771112
Zytglogge,agenzie di viaggio,"Bim Zytglogge 1, 3011 Bern, Switzerland",NOT AVAILABLE,031 328 12 12,https://www.bern.com/de/detail/zytglogge-zeitglockenturm,12info@bern.comzur,https://maps.google.com/?cid=3608714775312117830
LETS GO TRAVEL AG,agenzie di viaggio,"Schlossstrasse 95, 3008 Bern, Switzerland",NOT AVAILABLE,031 381 19 64,https://www.letsgotravel.ch/,NOT AVAILABLE,https://maps.google.com/?cid=5531120547208299658
"Vaglio Reisen AG, Bern",agenzie di viaggio,"Brückenstrasse 14/E, 3005 Bern, Switzerland",NOT AVAILABLE,031 802 12 50,http://www.vaglio-reisen.ch/,50info@vaglio-reisen.ch,https://maps.google.com/?cid=17616416126687285809
Green Swiss Tour 🇨🇭 그린스위스투어,agenzie di viaggio,"Bethlehemstrasse 103, 3018 Bern, Switzerland",NOT AVAILABLE,077 513 57 68,https://www.greenswisstour.ch/,kim@greenswisstour.ch,https://maps.google.com/?cid=3501738894210205267
Lehmann Reisen AG,agenzie di viaggio,"Von Werdt-Passage 5, 3001 Bern, Switzerland",NOT AVAILABLE,031 328 28 28,http://www.lehmannreisen.com/,NOT AVAILABLE,https://maps.google.com/?cid=4155797031234509009
Para Tours GmbH,agenzie di viaggio,"Seftigenstrasse 201, 3084 Wabern bei Bern, Switzerland",NOT AVAILABLE,031 960 11 60,https://www.para-tours.ch/,info@para-tours.ch,https://maps.google.com/?cid=15867708057745622998
Swiss Lanka Reisen | Sri Lanka Rundreisen,agenzie di viaggio,"Viktoriastrasse 53, 3013 Bern, Switzerland",NOT AVAILABLE,079 417 92 37,https://www.swisslankareisen.com/,schweiz0794179237info@swisslankareisen.comvor,https://maps.google.com/?cid=14942235925643148740
travelhouse Bern,agenzie di viaggio,"Laupenstrasse 5, 3001 Bern, Switzerland",NOT AVAILABLE,031 380 84 40,https://www.travelhouse.ch/reisebueros/travelhouse-bern/CH9138,NOT AVAILABLE,https://maps.google.com/?cid=3975017495877734850
ltur Reisebüro Bern,agenzie di viaggio,"Kramgasse 77, 3011 Bern, Switzerland",NOT AVAILABLE,031 318 08 10,https://www.ltur.com/de/information/shopfinder/l/bern/kramgasse-77/1151405,NOT AVAILABLE,https://maps.google.com/?cid=7650955339331926198
B2B ROOMS,agenzie di viaggio,"Spitalackerstrasse 14, 3013 Bern, Switzerland",NOT AVAILABLE,NOT AVAILABLE,https://b2b-rooms.com/,NOT AVAILABLE,https://maps.google.com/?cid=2423847672801479936
Hotelplan Reisebüro Bern Marktgasse,agenzie di viaggio,"Marktgasse 46, 3011 Bern, Switzerland",NOT AVAILABLE,031 310 14 14,https://www.hotelplan.ch/reisebuero-filiale/hotelplan-bern-marktgasse/CH9058,NOT AVAILABLE,https://maps.google.com/?cid=570855161472444416
Jinène Travel SA,agenzie di viaggio,"Scheuermattweg 4, 3007 Bern, Switzerland",NOT AVAILABLE,031 556 80 91,http://www.jinene-travel.ch/,NOT AVAILABLE,https://maps.google.com/?cid=10663946519410372042
myFive,agenzie di viaggio,"Riedbachstrasse 86, 3027 Bern, Switzerland",NOT AVAILABLE,079 554 45 45,https://myfive.travel/,NOT AVAILABLE,https://maps.google.com/?cid=10947249191652604677
fins-tours sa,agenzie di viaggio,"Bodenacher 1L, 3047 Bremgarten bei Bern, Switzerland",NOT AVAILABLE,031 754 19 19,http://www.fins-tours.ch/,19info@fins-tours.ch,https://maps.google.com/?cid=12056373383102367814
"Busmiete.ch AG, Busvermietung & Carreisen Bern",agenzie di viaggio,"Wankdorffeldstrasse 88, 3014 Bern, Switzerland",NOT AVAILABLE,031 537 70 70,https://www.busmiete.ch/,info@busmiete.ch,https://maps.google.com/?cid=13129954432681260838
KUONI Reisebüro Bern Bärenplatz,agenzie di viaggio,"Bärenpl. 6/8, 3000 Bern, Switzerland",NOT AVAILABLE,058 702 62 72,https://www.kuoni.ch/beratung/reisebueros/kuoni-reisen-bern-baerenplatz,NOT AVAILABLE,https://maps.google.com/?cid=4902854170251146072
Reisebüro Gryphenhübeli,agenzie di viaggio,"Thunstrasse 103, 3006 Bern, Switzerland",NOT AVAILABLE,NOT AVAILABLE,NOT AVAILABLE,NOT AVAILABLE,https://maps.google.com/?cid=9225828394663996242
Raptim AG,agenzie di viaggio,"Genfergasse 10, 3011 Bern, Switzerland",NOT AVAILABLE,031 710 60 00,NOT AVAILABLE,NOT AVAILABLE,https://maps.google.com/?cid=6639711207049992589
weekend4two,agenzie di viaggio,"Hardeggerstrasse 30, 3008 Bern, Switzerland",NOT AVAILABLE,031 542 00 90,https://www.weekend4two.com/,NOT AVAILABLE,https://maps.google.com/?cid=12731585588755357559
ARATOURS SA Bern,agenzie di viaggio,"Mühlestrasse 7, 3063 Ittigen, Switzerland",NOT AVAILABLE,058 580 07 71,http://www.aratours.ch/,NOT AVAILABLE,https://maps.google.com/?cid=5456256446049086824
Boa Lingua Bern - Sprachaufenthalte weltweit,agenzie di viaggio,"Speichergasse 39, 3011 Bern, Switzerland",NOT AVAILABLE,031 318 44 04,https://www.boalingua.ch/?utm_source=google&utm_medium=organic&utm_campaign=gbp,88info@boalingua.chfiliale,https://maps.google.com/?cid=14640795613595226245
Pro Linguis Sprachaufenthalte,agenzie di viaggio,"c/o, Dreamtime Travel, Marktgasse 31, 3011 Bern, Switzerland",NOT AVAILABLE,031 310 26 26,http://prolinguis.ch/,info@prolinguis.ch,https://maps.google.com/?cid=7728277659077257274
CWT,agenzie di viaggio,"Von Werdt-Passage 5, 3011 Bern, Switzerland",NOT AVAILABLE,031 328 28 38,http://mycwt.com/,NOT AVAILABLE,https://maps.google.com/?cid=6756124772542554924
Insider Travel,agenzie di viaggio,"Bümplizstrasse 150, 3018 Bern, Switzerland",NOT AVAILABLE,473 171 5259,https://www.insidertravel.co/,NOT AVAILABLE,https://maps.google.com/?cid=14906362775133750148
Frantour (Suisse) SA,agenzie di viaggio,"Kornhauspl., 3011 Bern, Switzerland",NOT AVAILABLE,058 455 45 50,http://www.frantour.ch/,NOT AVAILABLE,https://maps.google.com/?cid=7006383759942404058
we2you,agenzie di viaggio,"Zieglerstrasse 44, 3007 Bern, Switzerland",NOT AVAILABLE,076 246 22 89,http://we2you.ch/,NOT AVAILABLE,https://maps.google.com/?cid=17825245560559992209
abenteuerreisen.ch GmbH,agenzie di viaggio,"Neuengasse 30, 3011 Bern, Switzerland",NOT AVAILABLE,041 750 26 65,http://www.abenteuerreisen.ch/,info@abenteuerreisen.ch,https://maps.google.com/?cid=16674535901425243111
imzug.reisen,agenzie di viaggio,"Mutachstrasse 13, 3008 Bern, Switzerland",NOT AVAILABLE,NOT AVAILABLE,https://imzug.reisen/,reisen@imzug.ch,https://maps.google.com/?cid=4177547196742957200
balkan reise,agenzie di viaggio,"Münstergasse 35, 3011 Bern, Switzerland",NOT AVAILABLE,055 515 65 55,NOT AVAILABLE,NOT AVAILABLE,https://maps.google.com/?cid=3609600005842164985
MICExperts - DERTOUR Suisse AG,agenzie di viaggio,"Bärenpl. 6/8, 3011 Bern, Switzerland",NOT AVAILABLE,058 702 62 85,http://www.micexperts.ch/,NOT AVAILABLE,https://maps.google.com/?cid=2577363099535733652
Loslaufen,agenzie di viaggio,"Spinnereiweg 13, 3004 Bern, Switzerland",NOT AVAILABLE,079 786 46 82,https://loslaufen.ch/kontakt/,info@loslaufen.ch,https://maps.google.com/?cid=13398718144136251159
Schweizer Reisekasse (Reka) Genossenschaft,agenzie di viaggio,"Neuengasse 15, 3001 Bern, Switzerland",NOT AVAILABLE,031 329 66 33,https://reka.ch/,NOT AVAILABLE,https://maps.google.com/?cid=13136941391993053962
Geo Tours Bern,agenzie di viaggio,"Seftigenstrasse 201, 3084 Wabern bei Bern, Switzerland",NOT AVAILABLE,031 961 38 78,http://www.geotours.ch/,NOT AVAILABLE,https://maps.google.com/?cid=1350746182360104195
Linguista Sprachaufenthalte Bern,agenzie di viaggio,"Neuengasse 30, 3011 Bern, Switzerland",NOT AVAILABLE,031 318 55 00,https://www.linguista.ch/de/,NOT AVAILABLE,https://maps.google.com/?cid=7422128471714374034
Rennradferien in Bern,agenzie di viaggio,"Dorfbachstrasse 24, 3098 Köniz, Switzerland",NOT AVAILABLE,078 824 45 20,NOT AVAILABLE,NOT AVAILABLE,https://maps.google.com/?cid=13796887375980406088
Travelogica,agenzie di viaggio,"Optingenstrasse 12, 3013 Bern, Switzerland",NOT AVAILABLE,NOT AVAILABLE,NOT AVAILABLE,NOT AVAILABLE,https://maps.google.com/?cid=9478926493804217773
StattLand,agenzie di viaggio,"Sulgenbachstrasse 10, 3007 Bern, Switzerland",NOT AVAILABLE,031 371 10 17,http://www.stattland.ch/,NOT AVAILABLE,https://maps.google.com/?cid=13028798964741070310
Rb-reise Beratung AG,agenzie di viaggio,"Belpstrasse 47, 3007 Bern, Switzerland",NOT AVAILABLE,031 382 22 26,NOT AVAILABLE,NOT AVAILABLE,https://maps.google.com/?cid=2191824611209890977
BLS Reisezentrum,agenzie di viaggio,"Freiburgstrasse 130, 3008 Bern, Switzerland",NOT AVAILABLE,058 327 32 71,https://www.bls.ch/de/dienstleistungen/an-den-haltestellen/reisezentren?utm_source=google&utm_medium=organic&utm_campaign=mybusiness&utm_content=bls-reisezentrum-europlaplatz,NOT AVAILABLE,https://maps.google.com/?cid=8634318751017930646
Free Walking Tours Bern,agenzie di viaggio,"Eigerstrasse 73, 3007 Bern, Switzerland",NOT AVAILABLE,NOT AVAILABLE,https://www.freewalk.ch/bern,NOT AVAILABLE,https://maps.google.com/?cid=14885163458297777265
Terra Marokkana,agenzie di viaggio,"Altenbergstrasse 8, 3013 Bern, Switzerland",NOT AVAILABLE,079 623 89 45,https://terramarokkana.ch/de,info@terramarokkana.ch,https://maps.google.com/?cid=18043893040829808308
Globetrotter Travel Service Barrierefreies Reisen,agenzie di viaggio,"Waldeggstrasse 42b, 3097 Liebefeld, Switzerland",NOT AVAILABLE,031 326 60 68,http://www.globetrotter.ch/barrierefreibern,barrierefrei@globetrotter.ch,https://maps.google.com/?cid=13445713525818142154
Suica Foto Tour,agenzie di viaggio,"Sulgenrain 22, 3007 Bern, Switzerland",NOT AVAILABLE,079 661 48 95,https://suicafototour.com/,contato@suicafototour.com,https://maps.google.com/?cid=14855392407592191234
The travel Workshop,agenzie di viaggio,"Rue de la Tour 9, 1004 Lausanne, Switzerland",DE,021 312 34 22,http://www.atelierduvoyage.ch/,NOT AVAILABLE,https://maps.google.com/?cid=15474861581196990902
Hotelplan,agenzie di viaggio,"Rue des Terreaux 25, 1003 Lausanne, Switzerland",NOT AVAILABLE,021 331 05 50,https://www.hotelplan.ch/FR/agence-de-voyage/hotelplan-lausanne/CH9041,NOT AVAILABLE,https://maps.google.com/?cid=17809107220024779282
TUI Agence de voyages Lausanne,agenzie di viaggio,"Av. du Théâtre 16, 1005 Lausanne, Switzerland",NOT AVAILABLE,021 310 39 90,https://www.tui.ch/fr/agence-de-voyage/lausanne/tui-avenue-du-theatre-lausanne,90laetitia.ndiaye@tui.chmes,https://maps.google.com/?cid=7292064409989542118
Vos Voyages Lausanne,agenzie di viaggio,"Av. Villamont 19, 1005 Lausanne, Switzerland",NOT AVAILABLE,021 331 15 15,http://www.vosvoyages.ch/,geneve@vosvoyages.ch,https://maps.google.com/?cid=12828210364545086256
KUONI Voyages Lausanne Rue Haldimand,agenzie di viaggio,"DER Touristik Suisse AG, Rue Haldimand 11, 1003 Lausanne, Switzerland",AG,058 702 61 41,https://www.kuoni.ch/fr/consultation/agences-de-voyages/kuoni-voyages-lausanne-rue-haldimand,NOT AVAILABLE,https://maps.google.com/?cid=3933242802786503186
Joker Voyages,agenzie di viaggio,"Chem. de Villardin 2, 1004 Lausanne, Switzerland",DE,021 646 34 33,http://www.jokervoyages.ch/,contact@jokervoyages.chhoraireslun,https://maps.google.com/?cid=10747944749551079663
SOL Voyages,agenzie di viaggio,"Pl. Chauderon 23, 1003 Lausanne, Switzerland",NOT AVAILABLE,021 622 50 10,http://www.solvoyages.ch/,vacances@solvoyages.chsol,https://maps.google.com/?cid=11211422815239973291
S.E.P. Voyages Sàrl,agenzie di viaggio,"Av. de Montchoisi 2, 1006 Lausanne, Switzerland",DE,021 601 08 30,https://www.sepvoyages.com/,agence@sepvoyages.com,https://maps.google.com/?cid=4647358469152671163
Voyageurs du Monde - Lausanne,agenzie di viaggio,"Rue du Grand-Chêne 6, 1003 Lausanne, Switzerland",NOT AVAILABLE,021 519 10 65,https://www.voyageursdumonde.ch/voyage-sur-mesure?utm_source=google&utm_medium=organic&utm_campaign=gmb,NOT AVAILABLE,https://maps.google.com/?cid=12533010731325679882
Asma Global,agenzie di viaggio,"Rue de la Borde 19, 1018 Lausanne, Switzerland",DE,079 534 66 84,NOT AVAILABLE,NOT AVAILABLE,https://maps.google.com/?cid=14389574064474550776
Albertsen Voyages SA,agenzie di viaggio,"Av. Eglantine 2, 1006 Lausanne, Switzerland",NOT AVAILABLE,021 321 77 44,http://www.albertsen.ch/,NOT AVAILABLE,https://maps.google.com/?cid=2081283780241256741
Signature Voyages Lausanne,agenzie di viaggio,"Rue de Bourg 26, 1003 Lausanne, Switzerland",DE,021 341 71 00,https://www.signature-voyages.ch/,NOT AVAILABLE,https://maps.google.com/?cid=3313143272668291060
KUONI Voyages Lausanne Rue de Grand-Chêne,agenzie di viaggio,"Rue du Grand-Chêne 1, 1003 Lausanne, Switzerland",NOT AVAILABLE,058 702 61 60,https://www.kuoni.ch/fr/consultation/agences-de-voyages/kuoni-voyages-lausanne-rue-du-grand-chene,NOT AVAILABLE,https://maps.google.com/?cid=14997133352471460716
Agence de Voyage Zeytours - Lausanne,agenzie di viaggio,"Chem. des Cèdres 2, 1004 Lausanne, Switzerland",NOT AVAILABLE,021 646 60 21,http://www.zeytourstravel.ch/,info@zeytourstravel.ch,https://maps.google.com/?cid=16149407836948528399
Géo-Découverte,agenzie di viaggio,"Av. de la Gare 6, 1003 Lausanne, Switzerland",DE,021 321 47 37,http://www.geo-decouverte.com/mapMonde.htm,info@geo-decouverte.coms,https://maps.google.com/?cid=10255227438568571055
Au Tigre Vanillé - Agence de Voyage Lausanne,agenzie di viaggio,"Rue Caroline 3, 1003 Lausanne, Switzerland",NOT AVAILABLE,021 550 72 37,https://www.autigrevanille.ch/fr/,NOT AVAILABLE,https://maps.google.com/?cid=10957386588186550712
Lausanne Voyages Sàrl,agenzie di viaggio,"Av. de la Gare 6, 1003 Lausanne, Switzerland",DE,021 321 47 37,http://www.geolausanne.ch/,lausanne@geolausanne.ch,https://maps.google.com/?cid=7888684216323851513
Histoire & Voyages Sàrl,agenzie di viaggio,"Rue William-Haldimand 11, Rue Haldimand 11, 1003 Lausanne, Switzerland",NOT AVAILABLE,021 351 27 25,http://www.histoire-et-voyages.ch/,25info@histoire-et-voyages.chnous,https://maps.google.com/?cid=14908358178205320527
Autocars Voyages Remy SA,agenzie di viaggio,"Av. d'Ouchy 23, 1006 Lausanne, Switzerland",NOT AVAILABLE,021 614 06 06,https://remy.ch/,info@remy.ch,https://maps.google.com/?cid=4484140589062822442
OTARIE VOYAGES,agenzie di viaggio,"Av. des Mousquines 2, 1005 Lausanne, Switzerland",NOT AVAILABLE,021 312 96 96,https://yellow.local.ch/d/zNC7SIjx-fjp_6G_55IcJg,NOT AVAILABLE,https://maps.google.com/?cid=6884125718163205903
VOYAGES ET CULTURE CVC SA,agenzie di viaggio,"Rue de Bourg 10, 1003 Lausanne, Switzerland",DE,021 312 37 41,https://agence.clubmed.fr/fr/suisse/vaud/lausanne/lausanne/voyages-et-culture-cvc-sa-241,NOT AVAILABLE,https://maps.google.com/?cid=5170194728318263090
CroisiEurope Suisse,agenzie di viaggio,"Avenue de la Gare 50, case postale 1541, 1001 Lausanne, Switzerland",DE,021 320 72 35,http://www.croisieurope.ch/,NOT AVAILABLE,https://maps.google.com/?cid=17931121485629794082
Nunes Voyages et Transports Sàrl,agenzie di viaggio,"Av. de Sévelin 32B, 1004 Lausanne, Switzerland",DE,021 624 39 53,http://www.nunesvoyages.ch/,NOT AVAILABLE,https://maps.google.com/?cid=6219238937898107972
Viagens,agenzie di viaggio,"Av. de Morges 185, 1004 Lausanne, Switzerland",DE,021 625 06 50,NOT AVAILABLE,NOT AVAILABLE,https://maps.google.com/?cid=18602213660258959
ESL – Séjours Linguistiques,agenzie di viaggio,"Esc. du Grand-Pont 7, 1003 Lausanne, Switzerland",NOT AVAILABLE,021 345 90 20,https://www.esl.ch/fr?utm_medium=organic&utm_source=googlemybusiness&utm_campaign=mainlink&utm_content=esl_lausanne,NOT AVAILABLE,https://maps.google.com/?cid=16982397259045579804
Tanzania Travels | Voyages & safaris en Tanzanie,agenzie di viaggio,"Sur rendez-vous, Av. Henry Warnery 8, 1007 Lausanne, Switzerland",NOT AVAILABLE,079 785 31 24,https://tanzania-travels.ch/,voyageursinfo@tanzania-travels.chtanzania,https://maps.google.com/?cid=9669650651893768584
Tech Travel,agenzie di viaggio,"EPFL, Station 10, 1015 Lausanne, Switzerland",NOT AVAILABLE,021 353 88 88,https://techtravel.ch/,info@techtravel.ch,https://maps.google.com/?cid=10096121488036982094
EF Séjours linguistiques,agenzie di viaggio,"Rue Centrale 15, 1003 Lausanne, Switzerland",NOT AVAILABLE,021 560 25 25,https://www.efswiss.ch/fr/pg/sejour-linguistique/?utm_content=ch_office_lausanne_multi_bpid-6456377332395289640,NOT AVAILABLE,https://maps.google.com/?cid=316201830965980065
Venga Project,agenzie di viaggio,"Rue Charles-Monnard 6, 1003 Lausanne, Switzerland",NOT AVAILABLE,079 600 22 40,NOT AVAILABLE,NOT AVAILABLE,https://maps.google.com/?cid=13967450416113558037
Voyages de Rêve,agenzie di viaggio,"Ch. de Plan-Soleil 3, Crissier, Rue des Côtes-de-Montbenon 1, 1003 Lausanne, Switzerland",DE,078 613 91 71,https://www.voyagesdereve.ch/,17info@voyagesdereve.chhorairesdu,https://maps.google.com/?cid=5532884740648047126
Agence de voyage ltur Lausanne,agenzie di viaggio,"Rue du Petit-Chêne 28, Case postale 969, 1001 Lausanne, Switzerland",NOT AVAILABLE,021 312 49 12,https://www.ltur.com/fr/information/lturagences/l/lausanne/rue-du-petit-chene-28/1151467,NOT AVAILABLE,https://maps.google.com/?cid=781154484773116770
"Kontiki Voyages, DERTOUR Suisse AG",agenzie di viaggio,"Bd de Grancy 37, 1006 Lausanne, Switzerland",DE,022 389 70 80,http://www.kontiki.ch/fr,80info@stop-spam.kontiki.churgences,https://maps.google.com/?cid=3002524387734993632
tpt Lausanne,agenzie di viaggio,"Av. d'Ouchy 52, 1006 Lausanne, Switzerland",NOT AVAILABLE,021 341 10 10,https://www.tourismepourtous.ch/,NOT AVAILABLE,https://maps.google.com/?cid=3420241410406323141
Manta Voyages,agenzie di viaggio,"Bd de Grancy 37, 1006 Lausanne, Switzerland",DE,022 389 70 60,http://www.manta.ch/fr,info@manta.ch,https://maps.google.com/?cid=2106427541793198775
Nova Tours,agenzie di viaggio,"Rue du Valentin 34, 1004 Lausanne, Switzerland",NOT AVAILABLE,021 311 50 40,http://www.novatours.ch/,e-mailinfo@novatours.ch,https://maps.google.com/?cid=1860411404812672560
KUONI Cruises,agenzie di viaggio,"Bd de Grancy 37, 1006 Lausanne, Switzerland",DE,022 389 70 55,http://www.kuoni-cruises.ch/,NOT AVAILABLE,https://maps.google.com/?cid=15635965710907184154
Boa Lingua Lausanne - Séjours linguistiques,agenzie di viaggio,"Rue du Pont 22, 1003 Lausanne, Switzerland",NOT AVAILABLE,021 319 90 50,https://www.boalingua.ch/fr?utm_source=google&utm_medium=organic&utm_campaign=gbp,20info@boalingua.chtrouver,https://maps.google.com/?cid=12190268242951169154
VVV Voyages Sàrl,agenzie di viaggio,"Rue Neuve 4, 1003 Lausanne, Switzerland",NOT AVAILABLE,021 311 25 27,http://www.vvvvoyages.com/,NOT AVAILABLE,https://maps.google.com/?cid=14858429383878155984
Sunorient Tours SA,agenzie di viaggio,"Rue du Maupas 2, 1004 Lausanne, Switzerland",NOT AVAILABLE,021 340 60 60,http://www.sunorient.ch/,NOT AVAILABLE,https://maps.google.com/?cid=5863634084444633455
Spectrum Ethiopia Tours,agenzie di viaggio,"Rue de la Tours 5, 1004 Lausanne, Switzerland",DE,021 218 03 79,http://www.goettours.com/,NOT AVAILABLE,https://maps.google.com/?cid=6212300468821318431
Tasemango Safari Adventures,agenzie di viaggio,"Rue Pichard 11, 1003 Lausanne, Switzerland",NOT AVAILABLE,077 209 51 22,https://www.tasemangosa.com/,info@tasemangosa.com,https://maps.google.com/?cid=9111156714178856701
Akdeniz Voyages,agenzie di viaggio,"Rue du Tunnel 11, 1005 Lausanne, Switzerland",NOT AVAILABLE,021 320 06 66,http://www.akdenizvoyage.ch/,NOT AVAILABLE,https://maps.google.com/?cid=3570471609886961313
Terres & Légendes,agenzie di viaggio,"Rue du Midi 11, 1003 Lausanne, Switzerland",NOT AVAILABLE,021 311 26 87,http://www.terres-et-legendes.ch/,info@terres-et-legendes.ch,https://maps.google.com/?cid=17646170699463219402
Sunholidays & Travels,agenzie di viaggio,"Rue du Maupas 2, 1004 Lausanne, Switzerland",NOT AVAILABLE,021 340 60 65,http://www.sunholiday.ch/,NOT AVAILABLE,https://maps.google.com/?cid=10292652786842903664
Tirawa,agenzie di viaggio,"Rue du Petit-Chêne 28, 1003 Lausanne, Switzerland",NOT AVAILABLE,021 566 74 91,http://www.tirawa.ch/,NOT AVAILABLE,https://maps.google.com/?cid=1585101122952961977
VT Vacances - Tour opérateur,agenzie di viaggio,"Chem. du Croset 7, 1024 Ecublens, Switzerland",NOT AVAILABLE,021 695 60 40,http://www.vtvacances.ch/,info@vtvacances.ch,https://maps.google.com/?cid=4035539741570830183
Hotelplan Agence de voyages Crissier,agenzie di viaggio,"Centre Commercial, Chemin de Closalet 7, 1023 Crissier-Lausanne, Switzerland",DE,021 637 70 80,https://www.hotelplan.ch/FR/agence-de-voyage/hotelplan-crissier/CH9045,NOT AVAILABLE,https://maps.google.com/?cid=10521403291784706698
CGN SA,agenzie di viaggio,"Quai Jean-Pascal Delamuraz 1, 1006 Lausanne, Switzerland",NOT AVAILABLE,NOT AVAILABLE,http://www.cgn.ch/,info@cgn.ch,https://maps.google.com/?cid=11205920648453650593
Neos Voyages,agenzie di viaggio,"Rue du Simplon 11, 1006 Lausanne, Switzerland",NOT AVAILABLE,021 612 66 00,http://www.neos.ch/,NOT AVAILABLE,https://maps.google.com/?cid=5391779311965578130
Les Mondes Polaires - Expéditions et circuits en Arctique et Antarctique Lausanne,agenzie di viaggio,"Rue Caroline 3, 1003 Lausanne, Switzerland",NOT AVAILABLE,022 552 40 69,https://lesmondespolaires.ch/,info@lesmondespolaires.ch,https://maps.google.com/?cid=15691752001276937811
TCS Vaud Voyages,agenzie di viaggio,"Rue de la Tour 9, 1004 Lausanne, Switzerland",DE,NOT AVAILABLE,https://tcs-vaud-voyages.ch/,NOT AVAILABLE,https://maps.google.com/?cid=9207320472601287833
BA Créatrice de Voyages,agenzie di viaggio,"Av. des Acacias 7, 1006 Lausanne, Switzerland",NOT AVAILABLE,021 808 01 07,http://beatrizaebischer.ch/,NOT AVAILABLE,https://maps.google.com/?cid=5917549376396304522
Private Safaris,agenzie di viaggio,"Bd de Grancy 37, 1006 Lausanne, Switzerland",DE,022 389 70 11,https://www.privatesafaris.ch/fr/,NOT AVAILABLE,https://maps.google.com/?cid=8385274501239443674
Essoto,agenzie di viaggio,"Pl. du Vallon 2, 1005 Lausanne, Switzerland",NOT AVAILABLE,021 558 88 89,http://www.essoto.com/,NOT AVAILABLE,https://maps.google.com/?cid=5404964892134310226
tourmalin.ch,agenzie di viaggio,"Chem. de Maillefer 37, 1052 Le Mont-sur-Lausanne, Switzerland",DE,021 648 02 22,NOT AVAILABLE,NOT AVAILABLE,https://maps.google.com/?cid=3442873490022504274
CaptainJet,agenzie di viaggio,"Av. du Grey 117, 1018 Lausanne, Switzerland",NOT AVAILABLE,021 552 21 11,https://www.captainjet.com/,NOT AVAILABLE,https://maps.google.com/?cid=13158457761721045552
Travel Times,agenzie di viaggio,"Chem. du Coteau 11, 1009 Pully, Switzerland",NOT AVAILABLE,078 942 65 56,NOT AVAILABLE,NOT AVAILABLE,https://maps.google.com/?cid=8015198188713045960
Travel Five Stars Sàrl,agenzie di viaggio,"Av. de Morges 72, 1004 Lausanne, Switzerland",DE,021 624 45 35,NOT AVAILABLE,NOT AVAILABLE,https://maps.google.com/?cid=6576075781770988718
Synopsism - Agence de voyages,agenzie di viaggio,"Rue de Genève 21, 1003 Lausanne, Switzerland",DE,021 311 83 65,NOT AVAILABLE,NOT AVAILABLE,https://maps.google.com/?cid=3327032250858694825
Lausanne Tourist Information Centre,agenzie di viaggio,"Entrée Sud, Av. Louis-Ruchonnet 1, 1003 Lausanne, Switzerland",NOT AVAILABLE,021 613 73 73,http://www.lausanne-tourisme.ch/,info@lausanne-tourisme.ch,https://maps.google.com/?cid=8082584122327839424
Dolphin Lagoon,agenzie di viaggio,"Chem. de Rebaterel 2, 1032 Romanel-sur-Lausanne, Switzerland",DE,079 714 15 84,https://www.dolphinlagoon.ch/#!/page_home,info@dolphinlagoon.ch,https://maps.google.com/?cid=2804291573805955773
