name,niche,address,state,phone_number,website,email,result_url
Viaggia Quasi Gratis,agenzie di viaggio,"Via Giuseppe Buonocore, 31/33,35, 80143 Napoli NA, Italy",NA,081 562 2821,http://www.viaggiaquasigratis.com/,NOT AVAILABLE,https://maps.google.com/?cid=17341733794634760917
Agenzia - Avenida Viaggi - Napoli,agenzie di viaggio,"Via Tommaso Caravita, 22, 80134 Napoli NA, Italy",NA,081 1957 6737,http://www.avenidaviaggi.it/,NOT AVAILABLE,https://maps.google.com/?cid=13450540055846565395
Scoop Travel Service S.r.l.,agenzie di viaggio,"Via Gian Lorenzo Bernini, 90a, 80129 Napoli NA, Italy",NA,081 556 4898,https://www.scooptravel.it/,operativo@scooptravel.it,https://maps.google.com/?cid=8699170797921568825
Agenzia di Viaggi Marytour Napoli,agenzie di viaggio,"Via dei Fiorentini, 47/49, 80133 Napoli NA, Italy",NA,081 551 0512,https://www.marytour.it/,NOT AVAILABLE,https://maps.google.com/?cid=10138060725045570468
Mister White Travel,agenzie di viaggio,"Piazza Giovanni Bovio, 20, 80133 Napoli NA, Italy",NA,081 551 2478,http://www.misterwhitetravel.it/,NOT AVAILABLE,https://maps.google.com/?cid=12217346640047471106
Venezuelana Agenzia di viaggi,agenzie di viaggio,"Viale Colli Aminei, 134, 80131 Napoli NA, Italy",NA,081 1981 0287,http://venezuelanatours.com/,NOT AVAILABLE,https://maps.google.com/?cid=12420509856232049250
Gondwana Viaggi,agenzie di viaggio,"Piazza Gian Battista Vico, 43, 80137 Napoli NA, Italy",NA,081 780 9590,NOT AVAILABLE,NOT AVAILABLE,https://maps.google.com/?cid=4129411735336480985
Lab. Gialù,agenzie di viaggio,"V. Salvator Rosa, 80136 Napoli NA, Italy",NA,081 1956 7312,http://www.piratinviaggio.com/,info@piratinviaggio.com,https://maps.google.com/?cid=16549160935333706663
GREETINGS FROM ... Travel & Tourism,agenzie di viaggio,"Via Antonio Tari, 18, 80138 Napoli NA, Italy",NA,081 563 4261,http://www.salutida.com/,info@salutida.com,https://maps.google.com/?cid=16065812251773089946
"Agenzia viaggi ""Turistas viaggi da sogno"" Napoli",agenzie di viaggio,"Strada Provinciale Madonnelle, 101, 80147 Napoli NA, Italy",NA,081 1867 1722,http://www.turistasviaggi.it/,NOT AVAILABLE,https://maps.google.com/?cid=15504432737791716242
Mergellina Travel S.R.L.,agenzie di viaggio,"C.so Vittorio Emanuele, 19/20, 80122 Napoli NA, Italy",NA,081 761 8672,http://www.mergellinatravel.it/,NOT AVAILABLE,https://maps.google.com/?cid=3079610152335716127
Vomero Travel srl,agenzie di viaggio,"Via S. Gennaro Ad Antignano, 88/90/92, 80129 Napoli NA, Italy",NA,081 578 0355,http://www.vomerotravel.it/,NOT AVAILABLE,https://maps.google.com/?cid=6701124450921353043
Furore Viaggi,agenzie di viaggio,"Via Pablo Picasso, 26, 80126 Napoli NA, Italy",NA,081 588 8921,https://www.furoreviaggi.it/,NOT AVAILABLE,https://maps.google.com/?cid=6972296372412277805
Chiaia Viaggi di Daver Sas,agenzie di viaggio,"Largo Ferrandina, 1, 80121 Napoli NA, Italy",NA,081 1957 4904,http://chiaiaviaggi.it/,info@chiaiaviaggi.itindirizzolargo,https://maps.google.com/?cid=3331531500320854308
Agenzia Leoga Viaggi - Napoli Self Tour,agenzie di viaggio,"Via Stella, 136, 80137 Napoli NA, Italy",NA,081 557 1101,https://www.leogaviaggi.com/,NOT AVAILABLE,https://maps.google.com/?cid=1181545817743492025
Sefar Said Viaggi,agenzie di viaggio,"Viale Colli Aminei, 385, 80131 Napoli NA, Italy",NA,081 743 4372,https://www.facebook.com/sefarsaidviaggi/,NOT AVAILABLE,https://maps.google.com/?cid=13356827014678919951
Kiwi Viaggi Napoli,agenzie di viaggio,"Corso Arnaldo Lucci, 51, 80142 Napoli NA, Italy",NA,081 1956 6019,https://www.kiwiviaggi.it/,info@kiwiviaggi.it,https://maps.google.com/?cid=14052853437355295225
Agenzia Viaggi Landia Napoli,agenzie di viaggio,"Corso Secondigliano, 550, 80144 Napoli NA, Italy",NA,081 543 6329,http://www.viaggilandia.it/,NOT AVAILABLE,https://maps.google.com/?cid=3274696873982424229
AGENZIA VIAGGI DOVE C'E' IL MARE NAPOLI,agenzie di viaggio,"C.so S. Giovanni a Teduccio, 838, 80146 Napoli NA, Italy",NA,081 1887 0818,https://www.doveceilmare.it/,NOT AVAILABLE,https://maps.google.com/?cid=10537483343141886106
Mama Tours Travel Designer,agenzie di viaggio,"Piazza delle Medaglie D'Oro, 41, 80129 Napoli NA, Italy",NA,081 578 9292,http://www.mamatours.it/,info@mamatours.com,https://maps.google.com/?cid=4399368533656705643
Relaxing Tours,agenzie di viaggio,"Corso Giuseppe Garibaldi, 410, 80142 Napoli NA, Italy",NA,081 202034,NOT AVAILABLE,NOT AVAILABLE,https://maps.google.com/?cid=7559333834694994636
Emily Travel S.a.s.,agenzie di viaggio,"Via Antonio Sogliano, 14, 80137 Napoli NA, Italy",NA,081 1883 3367,http://www.emilytravel.it/,NOT AVAILABLE,https://maps.google.com/?cid=10273350531640425534
Agenzia Viaggi Skeea Travel -Napoli,agenzie di viaggio,"Corso Bruno Buozzi, 203, 80147 Napoli NA, Italy",NA,081 1895 6398,http://www.skeeatravel.com/,NOT AVAILABLE,https://maps.google.com/?cid=211916553355545586
Partenze In Corso,agenzie di viaggio,"P.za Municipio, 88, 80133 Napoli NA, Italy",NA,081 1851 9828,http://www.partenzeincorso.it/,NOT AVAILABLE,https://maps.google.com/?cid=5755416840298885697
Fancy Tour,agenzie di viaggio,"Via Francesco Petrarca, 161, 80122 Napoli NA, Italy",NA,081 575 2442,https://www.fancy.it/,info@fancy.it,https://maps.google.com/?cid=3828518802875174536
Odino Viaggi,agenzie di viaggio,"C.so Vittorio Emanuele, 88 a/b, 80121 Napoli NA, Italy",NA,081 248 2145,http://www.odinoviaggi.it/,NOT AVAILABLE,https://maps.google.com/?cid=5369990838605341236
Bongi Travel Tour Operator,agenzie di viaggio,"Piazza Vanvitelli, 15, 80129 Napoli NA, Italy",NA,081 579 5195,http://www.bongitravel.it/,prenotazioni@bongitravel.it,https://maps.google.com/?cid=1611220655801709659
inStazione servizi turistici,agenzie di viaggio,"P.za Giuseppe Garibaldi, 80142 Napoli NA, Italy",NA,388 076 9471,https://instazione.it/,NOT AVAILABLE,https://maps.google.com/?cid=9908927097641176045
Il Vacanziere,agenzie di viaggio,"Via dell'Epomeo, 334/E, 80126 Napoli NA, Italy",NA,081 1878 7235,NOT AVAILABLE,NOT AVAILABLE,https://maps.google.com/?cid=9364938957445451392
Venetours Viaggi di M. Cozzi - MSC POINT Agenzia Viaggi e tour Operator,agenzie di viaggio,"Via Edoardo Nicolardi, 118, 80131 Napoli NA, Italy",NA,081 1821 1278,http://www.venetours.it/,info@venetours.it,https://maps.google.com/?cid=12513212510827009749
Viaggiamoci Su,agenzie di viaggio,"Via Emilio Scaglione, 450, 80145 Napoli NA, Italy",NA,081 1956 7994,http://www.viaggiamocisu.it/,NOT AVAILABLE,https://maps.google.com/?cid=3506192054777582018
La Casa di Tourist,agenzie di viaggio,"Via Chiaia, 216, 80132 Napoli NA, Italy",NA,081 376 8725,https://www.lacasaditourist.com/,info@lacasaditourist.comloginlogin,https://maps.google.com/?cid=14026582657673974294
A.v.t. Travel,agenzie di viaggio,"Via Eduardo Suarez, 3, 80129 Napoli NA, Italy",NA,081 558 6592,http://www.avt-travel.it/,NOT AVAILABLE,https://maps.google.com/?cid=1200107062411211725
Travel Tips - Agenzia di Viaggi,agenzie di viaggio,"Via Orazio, 149 A, 80122 Napoli NA, Italy",NA,081 640041,http://www.traveltips.it/,info@traveltips.itcontattaciil,https://maps.google.com/?cid=6501984477581658027
NEW DREAMING VIAGGI,agenzie di viaggio,"C.so Vittorio Emanuele, 113/G, 80121 Napoli NA, Italy",NA,081 663701,NOT AVAILABLE,NOT AVAILABLE,https://maps.google.com/?cid=7085351538480696740
Aladino Viaggi - Ag. Vomero (NA),agenzie di viaggio,"Via Francesco Cilea, 157, 80127 Napoli NA, Italy",NA,081 579 9108,http://www.aladino.it/,preventivi@aladino.it,https://maps.google.com/?cid=8282271705322008889
Comunque Vada Viaggi,agenzie di viaggio,"Via Vincenzo Bellini, 70, 80135 Napoli NA, Italy",NA,081 1854 3604,NOT AVAILABLE,NOT AVAILABLE,https://maps.google.com/?cid=13382681746523641059
Consales Viaggi e Turismo,agenzie di viaggio,"Via Foggia, 3, 80143 Napoli NA, Italy",NA,081 554 4165,NOT AVAILABLE,NOT AVAILABLE,https://maps.google.com/?cid=11607878936106522547
Atomika Viaggi,agenzie di viaggio,"Via Fabrizio Pignatelli, 2, 80134 Napoli NA, Italy",NA,081 1865 8680,http://www.atomikaviaggi.it/,conferme@atomikaviaggi.itindirizzovia,https://maps.google.com/?cid=17381539869288922232
Merliani Viaggi Srl,agenzie di viaggio,"Via Giovanni Merliani, 124, 80129 Napoli NA, Italy",NA,081 556 8079,http://www.merlianiviaggi.com/,NOT AVAILABLE,https://maps.google.com/?cid=14447184377628454561
Travel Point,agenzie di viaggio,"Corso Secondigliano, 459, 80144 Napoli NA, Italy",NA,081 754 4404,https://www.blumosquetour.it/,NOT AVAILABLE,https://maps.google.com/?cid=8138803226405315730
Agenzia Che Viaggio,agenzie di viaggio,"Via Giuseppe di Vittorio, 70, 80029 Sant'Antimo NA, Italy",NA,081 843 4124,https://www.agenziacheviaggio.it/,info@agenziacheviaggio.it,https://maps.google.com/?cid=15182976260800056169
Railway Travel,agenzie di viaggio,"Corso Novara, 54, 80143 Napoli NA, Italy",NA,351 869 8984,http://www.railwaytravel.it/,NOT AVAILABLE,https://maps.google.com/?cid=6018872972652993151
Vivagando Viaggi,agenzie di viaggio,"Largo Arso, 33, 80046 San Giorgio a Cremano NA, Italy",NA,081 485711,https://www.vivagandoviaggi.it/,NOT AVAILABLE,https://maps.google.com/?cid=1777284604609040552
Ciao Ragazzi,agenzie di viaggio,"Via Giustiniano, 96, 80126 Napoli NA, Italy",NA,081 593 8926,http://www.ciaoragazzi.it,info@ciaoragazzi.it,https://maps.google.com/?cid=10505886741011430958
Agenzia Viaggi Madura Viaggi,agenzie di viaggio,"Via Bartolo Longo, 68, 80147 Napoli NA, Italy",NA,081 577 1399,http://www.maduraviaggi.it/,NOT AVAILABLE,https://maps.google.com/?cid=15714750344094811135
Si Travel Napoli Vomero,agenzie di viaggio,"Via Sigmund Freud, 59, 80131 Napoli NA, Italy",NA,081 545 4200,https://www.facebook.com/freud59,NOT AVAILABLE,https://maps.google.com/?cid=11281415873500849008
corazontravels,agenzie di viaggio,"Via Nuovo Tempio, 169, 80144 Napoli NA, Italy",NA,081 1951 1006,NOT AVAILABLE,NOT AVAILABLE,https://maps.google.com/?cid=16674887162032265234
I Viaggi di Tarsia,agenzie di viaggio,"Via Tarsia, 45, 80134 Napoli NA, Italy",NA,081 1932 3578,http://iviaggiditarsia.it/,info@iviaggiditarsia.it,https://maps.google.com/?cid=1883531283649225947
Emmeci Viaggi,agenzie di viaggio,"Via Girolamo Santacroce, 21, 80129 Napoli NA, Italy",NA,081 558 4575,https://emmeciviaggi.traveltool.it/,NOT AVAILABLE,https://maps.google.com/?cid=8255200999466400618
Schilizzi Viaggi,agenzie di viaggio,"Via Matteo Schilizzi, 9, 80133 Napoli NA, Italy",NA,081 497 1282,http://www.schilizziviaggi.it/,NOT AVAILABLE,https://maps.google.com/?cid=9828645461960379166
Sunday City Viaggi,agenzie di viaggio,"Via della Stadera, 166, 80143 Napoli NA, Italy",NA,081 1887 6842,NOT AVAILABLE,NOT AVAILABLE,https://maps.google.com/?cid=11527823678899097819
Agenzia di Viaggi Gedimax Sas,agenzie di viaggio,"Via Cardinale Guglielmo Sanfelice, 38, 80134 Napoli NA, Italy",NA,081 420 3602,http://www.gedimaxviaggi.it/,NOT AVAILABLE,https://maps.google.com/?cid=15870034589898949829
I Viaggi Solari Del Vesuvio S.n.c. Di Albano Gianluca E Spagnuolo Ilar,agenzie di viaggio,"Via Nuova Poggioreale, 164, 80143 Napoli NA, Italy",NA,081 553 5580,http://www.iviaggidelvesuvio.it/chi-siamo,NOT AVAILABLE,https://maps.google.com/?cid=4098556041039701318
Gems Travel,agenzie di viaggio,"Via Santa Lucia, 9/13, 80132 Napoli NA, Italy",NA,081 764 0729,http://www.gemstravel.it/,NOT AVAILABLE,https://maps.google.com/?cid=5516431426479656549
Dimmi Dove e Quando srl,agenzie di viaggio,"Via Colonnello Carlo Lahalle, 11, 80141 Napoli NA, Italy",NA,350 942 9339,https://www.instagram.com/dimmidoveequando_official?igsh=Nm92dDNydjBlYm01,NOT AVAILABLE,https://maps.google.com/?cid=12926185383537174289
TuristaGO di M.R. Viaggi Srl,agenzie di viaggio,"Via Pallucci, 45, 80126 Napoli NA, Italy",NA,081 726 7976,https://turistago.com/,NOT AVAILABLE,https://maps.google.com/?cid=9021942179138496376
Airspes Sas,agenzie di viaggio,"18 Via Oberdan Guglielmo, Napoli, NA 80134, 80078 Napoli NA, Italy",NA,081 551 2343,https://www.airspesviaggi.it/,NOT AVAILABLE,https://maps.google.com/?cid=12254539538832401019
Malibran Viaggi Srl,agenzie di viaggio,"Via M, Via Miguel Cervantes de Saavedra, 47, 80133 Napoli NA, Italy",DE,081 551 7898,https://it-it.facebook.com/malibran.viaggi/,NOT AVAILABLE,https://maps.google.com/?cid=12532274869574225447
Empire Viaggi Srls,agenzie di viaggio,"Via Nicolò Garzilli, 10/12, 80126 Napoli NA, Italy",NA,081 766 2307,http://www.empireviaggi.it/,NOT AVAILABLE,https://maps.google.com/?cid=10997219303584435584
Napoli Official Tour,agenzie di viaggio,"Via Domenico Capitelli, 9, 80134 Napoli NA, Italy",NA,081 551 1064,http://www.napoliofficialtour.com/,NOT AVAILABLE,https://maps.google.com/?cid=14078259517506211098
Trial Travel,agenzie di viaggio,"Via Guglielmo Melisurgo, 4, 80133 Napoli NA, Italy",NA,081 552 9090,http://www.trialtravel.it/,booking@trialtravel.com,https://maps.google.com/?cid=2407559807669335561
Agenzia di Viaggi Air Terminal Viaggi - Napoli,agenzie di viaggio,"Via Alessandro Manzoni, 176, 80046 San Giorgio a Cremano NA, Italy",NA,081 574 8668,http://www.airterminalviaggi.it/,NOT AVAILABLE,https://maps.google.com/?cid=7189534648571725066
Schema Vacanze Agenzia Viaggi - Tour Operator,agenzie di viaggio,"Centro direzionale, is. g1, Via Giovanni Porzio, 4, 80143 Napoli NA, Italy",NA,081 767 0387,https://www.schemavacanze.it/,info@schemavacanze.it,https://maps.google.com/?cid=11125191744810576272
Guide Turistiche Napoli - Visite Guidate a Napoli e in Campania,agenzie di viaggio,"Via Tarsia, 64, 80135 Napoli NA, Italy",NA,380 904 9909,http://www.guideturistichenapoli.com/,info@guideturistichenapoli.comloginlogin,https://maps.google.com/?cid=2242810822162190397
Panama Viaggi - Melito,agenzie di viaggio,"Via Roma, 447, 80017 Melito di Napoli NA, Italy",NA,081 710 0942,https://www.panamaviaggi.it/,NOT AVAILABLE,https://maps.google.com/?cid=11771162520696548286
KAREMA VIAGGI - PORTICI,agenzie di viaggio,"Corso Giuseppe Garibaldi, 162G, 80055 Portici NA, Italy",NA,081 488699,http://www.karemaviaggi.com/,info@karemaviaggi.com,https://maps.google.com/?cid=17618776668125439903
Viaggia Napoli Incoming,agenzie di viaggio,"Vico Storto Purgatorio Ad Arco, 9, 80138 Napoli NA, Italy",NA,351 738 6988,NOT AVAILABLE,NOT AVAILABLE,https://maps.google.com/?cid=9389157703861896669
Travel Cloud Capodichino,agenzie di viaggio,"Via Udalrigo Masoni, 65, 80141 Napoli NA, Italy",NA,375 793 9224,https://www.instagram.com/p/Ch5KIKXohlc/?igshid=YmMyMTA2M2Y=,NOT AVAILABLE,https://maps.google.com/?cid=12860702871171844016
14° Poerio Travel Agency,agenzie di viaggio,"Piazza S. Pasquale, 11, 80121 Napoli NA, Italy",NA,081 764 0623,http://www.14poerio.com/,NOT AVAILABLE,https://maps.google.com/?cid=524122301309905421
Si Travel Ponticelli - Pronti per viaggiare,agenzie di viaggio,"Strada Provinciale Madonnelle, 121, 80147 Napoli NA, Italy",NA,081 1830 0760,NOT AVAILABLE,NOT AVAILABLE,https://maps.google.com/?cid=15051741958737484128
BARBIROTTI VIAGGI dal 1913,agenzie di viaggio,"Piazza Alfano I, 6, 84121 Salerno SA, Italy",SA,335 574 5501,http://www.barbirottiviaggi.it/,info@barbirottiviaggi.it,https://maps.google.com/?cid=8574147439115492420
Buenos Dias Viaggi e Vacanze,agenzie di viaggio,"Via Amendola Giovanni Battista, 61, 84129 Salerno SA, Italy",SA,089 723916,http://www.buenosdiasviaggi.it/,NOT AVAILABLE,https://maps.google.com/?cid=3191024258419014043
NEOS VIAGGI AGENZIA VIAGGI & TURISMO,agenzie di viaggio,"via Eugenio Caterina, 35, 84126 Salerno SA, Italy",SA,089 915 8400,http://www.neosviaggi.it/,info@neosviaggi.it,https://maps.google.com/?cid=7231359753221318918
Gtviaggi.It Di Simona Imperato,agenzie di viaggio,"Via Roma, 80, 84121 Salerno SA, Italy",SA,089 239950,http://www.gtviaggi.it/,NOT AVAILABLE,https://maps.google.com/?cid=13530212198508048128
De Cesare Viaggi,agenzie di viaggio,"Via Roma, 296, 84121 Salerno SA, Italy",SA,089 224244,https://www.decesareviaggi.com/,NOT AVAILABLE,https://maps.google.com/?cid=15097568260779645639
Zona Viaggi,agenzie di viaggio,"Largo Antonio Santelmo, 6, 84127 Salerno SA, Italy",SA,089 757444,https://www.instagram.com/zona.viaggi/profilecard/?igsh=MWFnNGh2ZGo5Z2lwdQ==,NOT AVAILABLE,https://maps.google.com/?cid=10242666823326032043
Salertour Viaggi Turismo,agenzie di viaggio,"Via Mauri Raffaele, 35, 84129 Salerno SA, Italy",SA,089 721772,http://www.salertour.it/,info@salertour.it,https://maps.google.com/?cid=12468651829810684120
Viva La Gente snc,agenzie di viaggio,"Via Trento, 77, 84129 Salerno SA, Italy",SA,089 330272,http://www.vivalagente.it/,info@vivalagente.it,https://maps.google.com/?cid=14326040650466119169
Rosso Viaggi di Giorgio Capone,agenzie di viaggio,"Via Luigi Guercio, 17, 84134 Salerno SA, Italy",SA,089 799115,NOT AVAILABLE,NOT AVAILABLE,https://maps.google.com/?cid=5942522578401719446
Bluvacanze Salerno,agenzie di viaggio,"Via Settimio Mobilio, 150, 84134 Salerno SA, Italy",SA,089 797927,https://viaggi.bluvacanze.it/store/bv-salerno-mobilio/,NOT AVAILABLE,https://maps.google.com/?cid=7298636996371370002
PICENTINA TOUR,agenzie di viaggio,"Via Ostaglio, 55, 84131 Salerno SA, Italy",SA,089 259 6462,http://www.picentinatour.it/,info@picentinatour.it,https://maps.google.com/?cid=317213925115144159
Meravigliosa Campania,agenzie di viaggio,"Viale Antonio Bandiera, 84131 Salerno SA, Italy",SA,089 306 1186,https://www.meravigliosacampania.it/,NOT AVAILABLE,https://maps.google.com/?cid=9820840748855891660
Milagro Travel Travel Agency,agenzie di viaggio,"Via Generale Armando Diaz, 21, 84122 Salerno SA, Italy",SA,089 275 3535,http://www.milagrotravel.it/,info@milagrotravel.itp.iva,https://maps.google.com/?cid=3666988278899287136
Agenzia Viaggi Il Globo Celeste,agenzie di viaggio,"Piazza Vittorio Veneto, 22, 84123 Salerno SA, Italy",SA,089 258 0840,http://www.ilgloboceleste.com/,NOT AVAILABLE,https://maps.google.com/?cid=3403380241546775672
Elodea Viaggi Hybrid - Agenzia Viaggi Online (si riceve solo su appuntamento),agenzie di viaggio,"Via Luigi Guercio, 277, 84134 Salerno SA, Italy",SA,089 344849,https://www.elodeaviaggi.it/,NOT AVAILABLE,https://maps.google.com/?cid=4947663293574625619
Amami Viaggi,agenzie di viaggio,"Via San Leonardo, 52/Scala C, 84131 Salerno SA, Italy",SA,389 444 6519,https://www.amami.it/,info@amami.it,https://maps.google.com/?cid=3061143121365471340
Ermes World Viaggi & Turismo Sede di Salerno,agenzie di viaggio,"Vicolo Giudaica, 11, 84121 Salerno SA, Italy",SA,089 564 7157,http://www.ermesworld.it/,commerciale@ermesworld.itindirizzovia,https://maps.google.com/?cid=3640308636483440180
Diverteducando Viaggi della Dipark,agenzie di viaggio,"Viale Antonio Bandiera, snc, 84131 Salerno SA, Italy",SA,392 625 7486,http://www.diverteducando.it/,NOT AVAILABLE,https://maps.google.com/?cid=1572348770244023788
blue voyager srls agenzia viaggi,agenzie di viaggio,"Via Vincenzo Dono, 44, 84128 Salerno SA, Italy",SA,089 296 3606,http://www.bluevoyager.it/,info@bluevoyager.it,https://maps.google.com/?cid=8167799871003652728
South & Coast,agenzie di viaggio,"Via Salvatore Calenda, 1, 84126 Salerno SA, Italy",SA,089 241542,http://southandcoast.com/,NOT AVAILABLE,https://maps.google.com/?cid=7329325696534210459
Traveltime,agenzie di viaggio,"Corso Umberto I, 46, 84098 Pontecagnano SA, Italy",SA,089 385380,http://www.traveltimeviaggi.net/,NOT AVAILABLE,https://maps.google.com/?cid=10640178857546633638
Genius Loci Travel - Tour Operator,agenzie di viaggio,"Via Antonio Rotondo, 5, 84127 Salerno SA, Italy",SA,089 791896,http://www.genius-loci.it/,NOT AVAILABLE,https://maps.google.com/?cid=2392246371980768635
Amalfitana Viaggi Di Leo Olga,agenzie di viaggio,"Piazza Vincenzo Solimene, 1, 84019 Vietri sul Mare SA, Italy",SA,089 285 4421,http://www.amalfitanaviaggi.it/,NOT AVAILABLE,https://maps.google.com/?cid=11009241022837040625
Top Vacanze,agenzie di viaggio,"Via Renato de Martino, 12/14, 84122 Salerno SA, Italy",DE,089 257 6107,http://topvacanze.it/,adv@topvacanze.it,https://maps.google.com/?cid=5936400263156891652
Irno Viaggi di Orlando Rago,agenzie di viaggio,"Via Ferreria, 4-6, 84081 Baronissi SA, Italy",SA,089 954276,http://www.irnoviaggi.it/,NOT AVAILABLE,https://maps.google.com/?cid=4010456674015150242
Pronti Partenza Viaggi,agenzie di viaggio,"Corso Mazzini, 111, 84013 Cava de' Tirreni SA, Italy",SA,089 943 7919,http://www.prontipartenzaviaggi.com/,NOT AVAILABLE,https://maps.google.com/?cid=15492075740168099490
LASTMINUTE VIAGGI & VACANZE SRLS di Alberto DAuria,agenzie di viaggio,"Via Giovanni, Via Cuomo, 47, 84092 Bellizzi SA, Italy",SA,0828 355146,http://lastminuteviaggiwlevacanze.it/,NOT AVAILABLE,https://maps.google.com/?cid=7051489264257668996
People Tour,agenzie di viaggio,"Via Posidonia, 28, 84127 Salerno SA, Italy",SA,089 754920,https://peopletour.traveltool.it/hotelsshowcase/,NOT AVAILABLE,https://maps.google.com/?cid=5408975740404949792
Travel Before Tour Operator,agenzie di viaggio,"Via Settimio Mobilio, 150, 84127 Salerno SA, Italy",SA,089 797927,http://www.travelbefore.it/,ops@travelbefore.it,https://maps.google.com/?cid=10206349080566847871
Granato Viaggi Paestum,agenzie di viaggio,"Via Magna Graecia, 46, 84047 Capaccio Paestum SA, Italy",SA,0828 723402,http://www.granatoviaggi.it/,NOT AVAILABLE,https://maps.google.com/?cid=10124382468042445113
Marcina Tour - Viaggi e Turismo,agenzie di viaggio,"Via Michele Conforti, 1/2, 84124 Salerno SA, Italy",SA,089 253044,http://www.marcinatour.it/,marcina@marcinatour.it,https://maps.google.com/?cid=7397537110931135209
Dapro Viaggi - Tour Operator,agenzie di viaggio,"Piazza Matteo Galdi, 17, 84135 Salerno SA, Italy",SA,089 271698,https://www.daproviaggi.it/,NOT AVAILABLE,https://maps.google.com/?cid=11144780251208832763
Così Viaggiamo Agenzia di Viaggio,agenzie di viaggio,"Via Serroni, 22/A, 84091 Battipaglia SA, Italy",SA,0828 370134,http://www.cosiviaggiamo.it/,NOT AVAILABLE,https://maps.google.com/?cid=18228590306925570271
Autotrasfer,agenzie di viaggio,"Via Roma, 140, 84121 Salerno SA, Italy",SA,089 253130,http://www.autotrasfer.com/?page_id=69,NOT AVAILABLE,https://maps.google.com/?cid=2457433090613291251
Agenzia Viaggi Praga Travel,agenzie di viaggio,"Via Nazionale, 79, 84010 Sant'Egidio del Monte Albino SA, Italy",SA,081 515 7131,http://www.pragatravel.it/,NOT AVAILABLE,https://maps.google.com/?cid=18419590653320231774
D.G. Viaggi Snc,agenzie di viaggio,"Via Trento, 196, 84129 Salerno SA, Italy",SA,089 333196,NOT AVAILABLE,NOT AVAILABLE,https://maps.google.com/?cid=14092324597892558312
Mondo 3zz@Travel,agenzie di viaggio,"Via Alfonso Balzico, 51, 84013 Cava de' Tirreni SA, Italy",SA,089 342702,http://www.trezzatravel.it/,info@mondotrezzatravel.it,https://maps.google.com/?cid=8839600522314302432
Cupido Viaggi Vacanze Sicure,agenzie di viaggio,"Via Roma, 2, 84018 Scafati SA, Italy",SA,081 850 5717,http://www.cupidoviaggi.com/,NOT AVAILABLE,https://maps.google.com/?cid=1092891393236029236
Jolly Animation Travel,agenzie di viaggio,"Via G. Margotta, 13, 84127 Salerno SA, Italy",SA,089 790817,http://jollyanimationtravel.it/,info@jollyanimationtravel.it,https://maps.google.com/?cid=12831523633701661979
In&Out Di Tosi Raffaella,agenzie di viaggio,"Via Settimio Mobilio, 133, 84127 Salerno SA, Italy",SA,089 943 7538,NOT AVAILABLE,NOT AVAILABLE,https://maps.google.com/?cid=7430953780634205840
Tor Vergata Travel s.r.l. (filiale),agenzie di viaggio,"Corso Vittorio Emanuele, 193, 84122 Salerno SA, Italy",SA,089 995 0319,NOT AVAILABLE,NOT AVAILABLE,https://maps.google.com/?cid=3599708362577038191
Esga viaggi e vacanze Salerno,agenzie di viaggio,"Via Masuccio Salernitano, 41, 84128 Salerno SA, Italy",SA,089 726340,NOT AVAILABLE,NOT AVAILABLE,https://maps.google.com/?cid=12188233799655237229
Alia C&C Agenzia di viaggi e turismo,agenzie di viaggio,"Via Bagni, 32, 84020 Colliano SA, Italy",SA,333 954 5224,NOT AVAILABLE,NOT AVAILABLE,https://maps.google.com/?cid=18315445003746765690
Master Trip Travel Agency,agenzie di viaggio,"Via Provinciale del Corticato, 373, 84039 Teggiano SA, Italy",SA,353 345 1046,https://www.mastertrip.it/,info@mastertrip.it,https://maps.google.com/?cid=5506802195101960304
Rotatourist Viaggi e Turismo,agenzie di viaggio,"Via Trieste, 43, 84085 Mercato San Severino SA, Italy",SA,089 825072,http://www.rotatourist.com/,info@rotatourist.com,https://maps.google.com/?cid=432528291344282658
TravelSlot,agenzie di viaggio,"Via Posidonia, 28, 84127 Salerno SA, Italy",SA,089 701 8278,http://www.travelslot.it/,NOT AVAILABLE,https://maps.google.com/?cid=14027475984720756079
Sogni ed emozioni viaggi & TopCrociere,agenzie di viaggio,"Via Giuseppe Mazzini, 74, 84091 Battipaglia SA, Italy",SA,0828 304262,http://www.sogniedemozioni.it/,NOT AVAILABLE,https://maps.google.com/?cid=10397387547492890152
Heritage Study Tours,agenzie di viaggio,"Via Alberto Pirro, 12, 84122 Salerno SA, Italy",SA,089 232133,https://www.heritagestudytours.it/,info@heritagestudytours.it,https://maps.google.com/?cid=3788818391906273184
Agenzia Ledea Viaggi Paestur By Adele Renna,agenzie di viaggio,"Via Magna Graecia, 281, 84047 Capaccio Paestum SA, Italy",SA,0828 724949,NOT AVAILABLE,NOT AVAILABLE,https://maps.google.com/?cid=7501250370740675247
Agenzia Viaggi & Turismo Stella Del Sud,agenzie di viaggio,"Via Aldo Moro, 10, 84043 Agropoli SA, Italy",SA,0974 825474,http://www.stelladelsud.it/,booking@stelladelsud.itindirizzovia,https://maps.google.com/?cid=9639927452543152405
Cilento Travel Mania,agenzie di viaggio,"Via Torretta, 17, 84048 San Marco SA, Italy",SA,0974 357333,http://www.cilentotravelmania.it/,NOT AVAILABLE,https://maps.google.com/?cid=7103146443447036319
Avvenire Viaggi Srl,agenzie di viaggio,"Via Nuova Provinciale Chiunzi, 90, 84010 Maiori SA, Italy",SA,089 851594,http://www.avvenireviaggi.it/,NOT AVAILABLE,https://maps.google.com/?cid=8331080373107275481
Giroauto Travel S.A.S. di Travelport Consulting s.r.l.,agenzie di viaggio,"Via Trento, 64, 84129 Salerno SA, Italy",SA,089 995 6466,http://www.giroauto.it/,info@giroauto.it,https://maps.google.com/?cid=5817520917624595063
I viaggi del futuro,agenzie di viaggio,"P.za Eugenio Abbro, 14, 84013 Cava de' Tirreni SA, Italy",SA,NOT AVAILABLE,NOT AVAILABLE,NOT AVAILABLE,https://maps.google.com/?cid=2558024069041122084
La Isla Viaggi Di Papa Domenico,agenzie di viaggio,"Via Carlo Alberto dalla Chiesa, 8/10, 84091 Battipaglia SA, Italy",SA,0828 343144,NOT AVAILABLE,NOT AVAILABLE,https://maps.google.com/?cid=8401821229241684172
Salerno Incoming DMC • Tour & Stay,agenzie di viaggio,"Via Diego Ferraioli, 4, 84013 Cava de' Tirreni SA, Italy",SA,089 344849,https://www.salernoincoming.it/,info@salernoincoming.it,https://maps.google.com/?cid=16174642796810451811
Italo Salerno Ticket Counter,agenzie di viaggio,"Piazza Vittorio Veneto, 2-22, 84123 Salerno SA, Italy",SA,892 020,https://www.italotreno.com/it/destinazioni-orari/biglietti-salerno?utm_source=google&utm_medium=organic&utm_campaign=local-biglietteria-italo_sal,NOT AVAILABLE,https://maps.google.com/?cid=7008438294476594047
Biga Travel Srl,agenzie di viaggio,"Piazza Corpo di Cristo, 10, 84016 Pagani SA, Italy",SA,081 515 4704,http://www.bigatravel.it/,NOT AVAILABLE,https://maps.google.com/?cid=9588860663571329301
Ermes World Viaggi & Turismo Filiale di Cava de' Tirreni,agenzie di viaggio,"Via Andrea Sorrentino, 33, 84013 Cava de' Tirreni SA, Italy",SA,089 444613,http://www.ermesworld.it/,commerciale@ermesworld.itindirizzovia,https://maps.google.com/?cid=7153231157863986726
MarcoViaggi by Mister Viaggio,agenzie di viaggio,"Via della Repubblica, 29, 84013 Cava de' Tirreni SA, Italy",SA,089 466606,https://sites.google.com/view/marcodeiviaggi/home,NOT AVAILABLE,https://maps.google.com/?cid=2744729502025124461
Guide Turistiche Campania di Febronia Amato,agenzie di viaggio,"Via Tanagro, 12, 84132 Salerno SA, Italy",SA,347 139 6677,https://www.guideturistiche.org/,NOT AVAILABLE,https://maps.google.com/?cid=13159750006057934585
Your Travels Agenzia di Viaggi,agenzie di viaggio,"Corso Giovanni Palatucci, 66, 84013 Cava de' Tirreni SA, Italy",SA,089 349383,https://www.yourtravelsviaggi.it/,NOT AVAILABLE,https://maps.google.com/?cid=6618301618400985792
Terre di Confine Viaggi,agenzie di viaggio,"Via Generale Germano Ricciardi, 14, 84138 Salerno SA, Italy",SA,366 314 2591,NOT AVAILABLE,NOT AVAILABLE,https://maps.google.com/?cid=8990217344068963236
Amalfi Coast Lovers,agenzie di viaggio,"Via Porto, 39, 84121 Salerno SA, Italy",SA,333 579 3745,https://amalficoastlovers.com/,info@amalficoastlovers.com,https://maps.google.com/?cid=3935880308929205234
Blu Mediterraneo,agenzie di viaggio,"Molo Manfredi - Pontili Elidiport (Accanto alla nuova Stazione Marittima, 84121 Salerno SA, Italy",SA,389 959 1601,https://blumediterraneosas.com/,NOT AVAILABLE,https://maps.google.com/?cid=12087895693407271222
agenzia viaggi,agenzie di viaggio,"Via Roma, 40, 84100 Salerno SA, Italy",SA,089 253057,NOT AVAILABLE,NOT AVAILABLE,https://maps.google.com/?cid=12452650108526720057
Partenope's Tours,agenzie di viaggio,"Piazza Sedile di Portarotese, 1, 84121 Salerno SA, Italy",SA,375 744 9294,https://partenopestour.com/,info@partenopestour.com,https://maps.google.com/?cid=1359616110638704900
Luci d'Artista - Visite a Salerno,agenzie di viaggio,"Corso Vittorio Emanuele, 205/195, 84122 Salerno SA, Italy",SA,331 856 9285,http://www.guidaturistica.campania.it/,NOT AVAILABLE,https://maps.google.com/?cid=9133962786681588008
"Salerno Tours - Guided tours and shore excursions in Salerno, Naples, Pompeii",agenzie di viaggio,"Via Roma, 1, 84133 Salerno SA, Italy",SA,371 398 0552,http://www.salernotours.com/,NOT AVAILABLE,https://maps.google.com/?cid=14804815199727894112
Mezzogiorno Enjoy - Agenzia Viaggi,agenzie di viaggio,"Via Costantino l'Africano, 11, 84124 Salerno SA, Italy",SA,089 995 0345,NOT AVAILABLE,NOT AVAILABLE,https://maps.google.com/?cid=3256508694960150920
Tourist information office,agenzie di viaggio,"Lungomare Trieste, 7/9, 84121 Salerno SA, Italy",SA,089 231432,NOT AVAILABLE,NOT AVAILABLE,https://maps.google.com/?cid=14428025823318807309
NO STRESS Viaggi,agenzie di viaggio,"Via S. Antonio Abate, 13, 84018 Scafati SA, Italy",SA,081 856 2790,http://www.nostressviaggi.it/,NOT AVAILABLE,https://maps.google.com/?cid=16489989824629995701
Duomo Travel & Trek Tour Operator,agenzie di viaggio,"Via Paolo de Granita, 12, 84124 Salerno SA, Italy",DE,NOT AVAILABLE,http://www.duomotravel.it/,info@duomotravel.itaccediaccedi,https://maps.google.com/?cid=11143266127087034293
Biglietteria Ufficio Sita Sud - Biglietteria Busitalia UNICO Campania,agenzie di viaggio,"Via Leonino Vinciprova, 38, 84127 Salerno SA, Italy",SA,089 984 7261,https://www.fsbusitalia.it/content/fsbusitalia/it/campania/dove-acquistare-campania/biglietterie-self-service-salerno.html,NOT AVAILABLE,https://maps.google.com/?cid=17021536265507269609
AGENZIA PER AMICA TRAVEL CENTER SCAFATI,agenzie di viaggio,"Via Passanti Scafati, 50, 84018 Scafati SA, Italy",SA,081 318 2137,NOT AVAILABLE,NOT AVAILABLE,https://maps.google.com/?cid=17568927849880902239
Centro di educazione ambientale Campobase,agenzie di viaggio,"Via Montena Di Sotto, 84100 Giovi, Salerno SA, Italy",SA,338 866 6875,http://www.campobase.org/,NOT AVAILABLE,https://maps.google.com/?cid=15851844692966410621
RENT2RIDE - Scooter Motorcycle and Auto Rental in Salerno,agenzie di viaggio,"Via Clemente Mauro, 24, 84123 Salerno SA, Italy",SA,089 925 4241,https://rent2ride.it/,NOT AVAILABLE,https://maps.google.com/?cid=1831410906828866224
Rete Destinazione Sud,agenzie di viaggio,"Via Trento, 64, 84129 Salerno SA, Italy",SA,089 287 1864,http://www.retedestinazionesud.it/,info@retedestinazionesud.it,https://maps.google.com/?cid=8388365569133134768
Agenzia Nel Blu Viaggi Srl,agenzie di viaggio,"Viale Antonio Mellusi, 145, 82100 Benevento BN, Italy",BN,0824 271962,http://www.nelbluviaggi.com/,NOT AVAILABLE,https://maps.google.com/?cid=15216038106819584501
MONEY TRANSFERT- WESTERN UNION - RIA - SALERNO MONEY TRANSFER DEPOS BAGAGLI MONEY TRASF - SPEDIZ.PACCHI - BIGLIE. AEREI - SIM,agenzie di viaggio,"Via Santa Caterina Alessandrina, 15, 84126 Salerno SA, Italy",SA,089 943 7213,NOT AVAILABLE,NOT AVAILABLE,https://maps.google.com/?cid=15845965575620338511
Biglietteria SITA,agenzie di viaggio,"Via Leonino Vinciprova, 68, 84127 Salerno SA, Italy",SA,342 625 6442,https://sitasudtrasporti.it/campania/biglietterie/,info.puglia@sitasudtrasporti.it,https://maps.google.com/?cid=17651582254285469885
BusItalia Biglietteria Uff. Informazioni,agenzie di viaggio,"Piazza Vittorio Veneto, 84123 Salerno SA, Italy",SA,089 984 7286,https://www.fsbusitalia.it/it/campania/dove-acquistare-campania/biglietterie-self-service-salerno.html,NOT AVAILABLE,https://maps.google.com/?cid=5908736472426375441
Lucky's Group Srl,agenzie di viaggio,"Viale Giuseppe Verdi, 6r, 84131 Salerno SA, Italy",SA,089 285 4414,https://www.imove.cloud/,NOT AVAILABLE,https://maps.google.com/?cid=14062937998814658609
Ellerre Viaggi Benevento,agenzie di viaggio,"Corso Dante Alighieri, 43, 82100 Benevento BN, Italy",BN,0824 42808,http://www.ellerreviaggi.it/,info@ellerreviaggi.itp.iva,https://maps.google.com/?cid=2138809685531529341
Travel Agency Sole Giallo Mare Blu,agenzie di viaggio,"Via Pasquale Stanislao Mancini, 41/43, 83100 Avellino AV, Italy",AV,0825 792078,https://www.solegiallomareblu.com/,NOT AVAILABLE,https://maps.google.com/?cid=12362716367648781632
Festa Viaggi,agenzie di viaggio,"Via Francesco Tedesco, 520, 83100 Avellino AV, Italy",AV,340 472 8727,http://www.festaviaggi.it/,info@festaviaggi.it,https://maps.google.com/?cid=10864293670627584326
Agenzia Viaggi Travelbuy Avellino,agenzie di viaggio,"Via G. Nappi, 30, 83100 Avellino AV, Italy",AV,0825 461419,NOT AVAILABLE,NOT AVAILABLE,https://maps.google.com/?cid=9532070095594097897
Easy Rider Viaggi SRL,agenzie di viaggio,"Corso Europa, 27, 83100 Avellino AV, Italy",AV,0825 783184,https://www.easyriderviaggi.com/,NOT AVAILABLE,https://maps.google.com/?cid=8672813865938738661
Irpiniatour,agenzie di viaggio,"Piazza della Libertà, 56, 83100 Avellino AV, Italy",AV,0825 74735,http://www.irpiniatour.it/,NOT AVAILABLE,https://maps.google.com/?cid=13955308378837006754
Roulette Agency Srl,agenzie di viaggio,"Via Giuseppe Verdi, 9, 83100 Avellino AV, Italy",AV,0825 26945,http://www.rouletteagency.it/,info@rouletteagency.it,https://maps.google.com/?cid=154468587334591552
Agenzia Viaggi Lucky Travel,agenzie di viaggio,"Via Vladimiro Testa, 10/12, 83100 Avellino AV, Italy",AV,0825 782385,https://www.lucky-travel.it/,NOT AVAILABLE,https://maps.google.com/?cid=6938188655108966522
De Rosa Travel and Tourism,agenzie di viaggio,"Corso Vittorio Emanuele II, 320, 83100 Avellino AV, Italy",AV,0825 33345,http://www.derosaviaggi.it/,derosaviaggi@derosaviaggi.it,https://maps.google.com/?cid=4519785595628773568
Dali' Viaggi Di Carbone Rita,agenzie di viaggio,"Via dei Due Principati, 230, 83100 Avellino AV, Italy",AV,0825 460710,NOT AVAILABLE,NOT AVAILABLE,https://maps.google.com/?cid=11528654933697529582
Agenzia Viaggi Laceno,agenzie di viaggio,"Via Giacomo Matteotti, 16, 83100 Avellino AV, Italy",AV,0825 36647,NOT AVAILABLE,NOT AVAILABLE,https://maps.google.com/?cid=7450944570814081531
A Wonderful World Agency Srl,agenzie di viaggio,"Via Tagliamento, 125, 83100 Avellino AV, Italy",AV,0825 38891,https://www.awwviaggi.it/,NOT AVAILABLE,https://maps.google.com/?cid=748108188430577119
Il Mondo per Tutti,agenzie di viaggio,"Via Giacomo Matteotti, 21, 83100 Avellino AV, Italy",AV,0825 23425,http://www.ilmondopertutti.it/,info@ilmondopertutti.it,https://maps.google.com/?cid=14798247776943152009
Giamira Travel,agenzie di viaggio,"Via Giacomo Mazas, 3, 83100 Avellino AV, Italy",AV,0825 71280,NOT AVAILABLE,NOT AVAILABLE,https://maps.google.com/?cid=5663255772870488532
Able to Travel | Agenzia di viaggi per tutte le esigenze,agenzie di viaggio,"Via Tagliamento, 45, 83100 Avellino AV, Italy",AV,345 268 4434,https://www.abletotravel.it/,info@abletotravel.it,https://maps.google.com/?cid=9030003630736626016
Wii - servizi di viaggio,agenzie di viaggio,"Via G. Nappi, 15, 83100 Avellino AV, Italy",AV,0825 73260,http://www.welcomeinirpinia.it/,info@welcomeinirpinia.itinviagrazie,https://maps.google.com/?cid=5862908407716593247
Pro Locando Viaggi & Turismo,agenzie di viaggio,"Via S. Francesco Saverio, 83100 Avellino AV, Italy",AV,338 125 9980,http://prolocando.it/,NOT AVAILABLE,https://maps.google.com/?cid=5840701797744700743
Puerto Svago - Avellino,agenzie di viaggio,"Via Francesco Tedesco, 666, 83100 Avellino AV, Italy",AV,393 683 2128,https://puertosvago.it/agenzie/agenzia-viaggi-avellino/,info@puertosvago.it,https://maps.google.com/?cid=17927029851719191563
AGENZIA VIAGGI ARMERINI DI ALFONSO,agenzie di viaggio,"Via Appia, 92, 83042 Atripalda AV, Italy",AV,0825 610349,https://www.armeriniagency.com/,info@armeriniagency.com,https://maps.google.com/?cid=14880761525546328399
Agenzia Dascoli Tours Viaggi,agenzie di viaggio,"Via Tuoro Cappuccini, 13, 83100 Avellino AV, Italy",AV,0825 780009,NOT AVAILABLE,NOT AVAILABLE,https://maps.google.com/?cid=6614668134138077761
AJ54 - Agenzia di viaggi,agenzie di viaggio,"V. Manfredi, 54, 83042 Atripalda AV, Italy",AV,0825 460358,NOT AVAILABLE,NOT AVAILABLE,https://maps.google.com/?cid=3871360234452578108
De Prizio Travel,agenzie di viaggio,"Via Pietro Nenni, 17, 83035 Grottaminarda AV, Italy",AV,0825 445089,http://www.agenziadepriziotravel.it/,NOT AVAILABLE,https://maps.google.com/?cid=3871249312839811847
Indiana Viaggi,agenzie di viaggio,"Via Roma, 64, 83042 Atripalda AV, Italy",AV,0825 625479,NOT AVAILABLE,NOT AVAILABLE,https://maps.google.com/?cid=163681741835779444
Agenzia Viaggi Turismo Irpinia,agenzie di viaggio,"Via XXV Aprile, 16, 83031 Ariano Irpino AV, Italy",AV,0825 828713,NOT AVAILABLE,NOT AVAILABLE,https://maps.google.com/?cid=9901362327254085130
Rinarmtour Viaggi,agenzie di viaggio,"Via Piave, 170, 83100 Avellino AV, Italy",AV,NOT AVAILABLE,NOT AVAILABLE,NOT AVAILABLE,https://maps.google.com/?cid=4014376773458740335
Bartolini Turismo,agenzie di viaggio,"Via Baccanico, 43, 83100 Avellino AV, Italy",AV,0825 26416,http://www.bartoliniviaggi.it/index.jsp,NOT AVAILABLE,https://maps.google.com/?cid=1611144295924835014
Festa Hotels,agenzie di viaggio,"Via Francesco Tedesco, 520, 83100 Avellino AV, Italy",AV,340 472 8727,http://festahotels.it/,NOT AVAILABLE,https://maps.google.com/?cid=16183818183016539378
Atr Viaggi Di Trasente Antonio,agenzie di viaggio,"Piazza del Popolo, 13, 83100 Avellino AV, Italy",AV,0825 71629,NOT AVAILABLE,NOT AVAILABLE,https://maps.google.com/?cid=10076252884281287485
"ACIERNOTRAVEL - Agenzia Viaggi, Servizio Taxi, Noleggio Auto e Autobus con conducente",agenzie di viaggio,"Via Tagliamento, 37, 83100 Avellino AV, Italy",AV,0825 31042,http://www.aciernotravel.com/,infoagenzia@aciernotravel.com,https://maps.google.com/?cid=13474793537863214140
Info Irpinia,agenzie di viaggio,"Viale Italia, 10, 83100 Avellino AV, Italy",AV,351 986 5322,https://www.infoirpinia.it/,info@infoirpinia.it,https://maps.google.com/?cid=2964444215938318395
De Rosa Viaggi,agenzie di viaggio,"Viale Italia, 151/15, 83100 Avellino AV, Italy",AV,NOT AVAILABLE,https://derosaviaggi.it/,derosaviaggi@derosaviaggi.it,https://maps.google.com/?cid=12815880717528783092
Ad Maiora Semper Viaggi,agenzie di viaggio,"C.so Vittorio Veneto, 260, 83035 Grottaminarda AV, Italy",AV,0825 456649,https://www.admaiorasemperviaggi.com/,info@admaiorasemperviaggi.com,https://maps.google.com/?cid=12836224669846196004
Agenzia Viaggi Rotolando Verso Sud Benevento,agenzie di viaggio,"Via Giovan Battista Perasso, 7, 82100 Benevento BN, Italy",BN,0824 29499,http://www.rotolandoversosud.it/,info@rotolandoversosud.it,https://maps.google.com/?cid=2983158151507482362
Turist Service Planet,agenzie di viaggio,"Via Antonio Gramsci, 1, 83042 Atripalda AV, Italy",AV,0825 627310,http://www.turistserviceplanet.com/,NOT AVAILABLE,https://maps.google.com/?cid=10133185514548151960
Generazione vincente S.p.A. Agenzia per lavoro - Avellino,agenzie di viaggio,"Via Partenio, 52, 83100 Avellino AV, Italy",AV,0825 760108,https://www.generazionevincente.it/,info@generazionevincente.it,https://maps.google.com/?cid=8087794564689439993
Viaggi S.Barbara Di Solomita Taurasi Barbara,agenzie di viaggio,"15, Contrada S. Barbara, Ariano Irpino, AV 83031, 83031 Ariano Irpino AV, Italy",AV,0825 891452,NOT AVAILABLE,NOT AVAILABLE,https://maps.google.com/?cid=8548555451545545874
Bieffe S.r.l.,agenzie di viaggio,"Via Piave, 170, 83100 Avellino AV, Italy",AV,0825 34754,NOT AVAILABLE,NOT AVAILABLE,https://maps.google.com/?cid=768516669147364126
Agenzia Viaggi Guki - Viaggi e Turismo Guki,agenzie di viaggio,"Piazza Mazzini, Via Giuseppe Verdi, 13/15, 82100 Benevento BN, Italy",BN,0824 23570,https://www.gukiviaggi.it/,NOT AVAILABLE,https://maps.google.com/?cid=7559046585061331592
Ente Provinciale per il Turismo di Avellino,agenzie di viaggio,"Corso Vittorio Emanuele II, 42, 83100 Avellino AV, Italy",AV,0825 74695,https://www.eptavellino.it/,NOT AVAILABLE,https://maps.google.com/?cid=2964455649135567233
Gianni Travel,agenzie di viaggio,"Via Antonio Gramsci, 4, 83042 Atripalda AV, Italy",AV,335 101 1474,https://www.giannitravel.it/,NOT AVAILABLE,https://maps.google.com/?cid=15147048469622033024
Buses Irpini S.P.A.,agenzie di viaggio,"Via Fasano, 83100 Avellino AV, Italy",AV,0825 2041,https://aircampania.it/,paritadigenere@aircampania.it,https://maps.google.com/?cid=11275040270440736418
Autolinee Bartolini,agenzie di viaggio,"Via Baccanico, 43, 83100 Avellino AV, Italy",AV,0825 34855,https://www.bartolinipullman.it/,informazioni@bartolinipullman.it,https://maps.google.com/?cid=739592123426776787
Atr Viaggi Di Trasente Antonio,agenzie di viaggio,"Via Giacomo Matteotti, 21, 83100 Avellino AV, Italy",AV,NOT AVAILABLE,NOT AVAILABLE,NOT AVAILABLE,https://maps.google.com/?cid=13756757957709555225
Agenzia Nel Blu Viaggi Srl,agenzie di viaggio,"Viale Antonio Mellusi, 145, 82100 Benevento BN, Italy",BN,0824 271962,http://www.nelbluviaggi.com/,NOT AVAILABLE,https://maps.google.com/?cid=15216038106819584501
Aeclanum Travel Agency,agenzie di viaggio,"Mirabella AV IT, Via Capuozzo Pianopantano, 59, 83036 Pianopantano AV, Italy",AV,0825 449043,http://www.aeclanumviaggi.it/,info@aeclanumviaggi.it,https://maps.google.com/?cid=15306429724505132993
Agenzia Viaggi Praga Travel,agenzie di viaggio,"Via Nazionale, 79, 84010 Sant'Egidio del Monte Albino SA, Italy",SA,081 515 7131,http://www.pragatravel.it/,NOT AVAILABLE,https://maps.google.com/?cid=18419590653320231774
Agenzia Che Viaggio,agenzie di viaggio,"Via Giuseppe di Vittorio, 70, 80029 Sant'Antimo NA, Italy",NA,081 843 4124,https://www.agenziacheviaggio.it/,info@agenziacheviaggio.it,https://maps.google.com/?cid=15182976260800056169
"ACIERNOTRAVEL - Agenzia Viaggi, Servizio Taxi, Noleggio Auto e Autobus con conducente",agenzie di viaggio,"Via Luigi Napolitano, 35, 83022 Baiano AV, Italy",AV,081 824 3875,http://www.aciernotravel.com/,infoagenzia@aciernotravel.com,https://maps.google.com/?cid=16868985349197128006
Traveltoo Agenzia Viaggi E Turismo Di Santin Alessandra,agenzie di viaggio,"72 Piazzale Amedeo Guarino, Avellino, AV 83100, 83100 Avellino AV, Italy",AV,0825 679768,NOT AVAILABLE,NOT AVAILABLE,https://maps.google.com/?cid=11455401844922460415
Viaggi Della Luce,agenzie di viaggio,"Via Sant'Antonio, 29, 83047 Lioni AV, Italy",AV,0827 181 1711,http://www.viaggidellaluce.it/,NOT AVAILABLE,https://maps.google.com/?cid=7202554920137952807
"Tabaccheria Vietri Rita, Avellino",agenzie di viaggio,"Corso Vittorio Emanuele II, 24/26, 83100 Avellino AV, Italy",AV,0825 30736,https://it.iqos.com/it?utm_source=google&utm_medium=GMBSitelink&utm_campaign=GMBSitelink_Avellino_AVELLINO%20-%200003,NOT AVAILABLE,https://maps.google.com/?cid=12705449648783496971
Casa Extra Avellino,agenzie di viaggio,"Via G. Nappi, 40, 83100 Avellino AV, Italy",AV,0825 756077,https://www.casaextra.it/agenzia/casa-extra-avellino/,NOT AVAILABLE,https://maps.google.com/?cid=4929206447516415684
Hearth,agenzie di viaggio,"Via Duomo, 11, 83100 Avellino AV, Italy",AV,339 292 9522,https://www.hearth.travel/,support@hearth.email,https://maps.google.com/?cid=6220154860265790736
Europcar Avellino,agenzie di viaggio,"Via Pianodardine, 45, 83100 Avellino AV, Italy",AV,0825 968660,https://www.europcar.it/it-it/places/noleggio-auto-italy/avellino/avellino?utm_campaign=QVNC01&utm_medium=organic&utm_source=local,NOT AVAILABLE,https://maps.google.com/?cid=15925576334674655521
Irpinia Trekking,agenzie di viaggio,"Via Padre Romualdo Formato, 83100 Avellino AV, Italy",AV,NOT AVAILABLE,https://www.irpiniatrekking.it/,NOT AVAILABLE,https://maps.google.com/?cid=4324405425107824676
Corso Vittorio Emanuele S.R.L.,agenzie di viaggio,"Corso Vittorio Emanuele II, 256, 83100 Avellino AV, Italy",AV,0825 38042,NOT AVAILABLE,NOT AVAILABLE,https://maps.google.com/?cid=13223166235725264115
Agenzia Viaggi Preparate Le Valigie,agenzie di viaggio,"Via Filippo Turati, 61/63, 81100 Caserta CE, Italy",CE,0823 325022,http://www.preparatelevaligie.it/,maurizio@preparatelevaligie.itindirizzovia,https://maps.google.com/?cid=379486739059365827
NASHIRA VIAGGI,agenzie di viaggio,"Via S. Carlo, 15, 81100 Caserta CE, Italy",CE,0823 456244,https://nashiraviaggi.it/,info@nashiraviaggi.it,https://maps.google.com/?cid=6873342897768603233
Pantacala' Viaggi Di Comparone Roberta Nini',agenzie di viaggio,"P.za G. Matteotti, 4, 81100 Caserta CE, Italy",CE,0823 220057,http://www.pantacalaviaggi.com/,NOT AVAILABLE,https://maps.google.com/?cid=10448116761844197097
Devinè Viaggi,agenzie di viaggio,"Via Gianfrancesco Alois, 3, 81100 Caserta CE, Italy",CE,0823 320333,https://www.devineviaggi.com/,NOT AVAILABLE,https://maps.google.com/?cid=4679217798027500390
Tulum Viaggi,agenzie di viaggio,"Via Giuseppe Maria Bosco, 186/188, 81100 Caserta CE, Italy",CE,0823 279702,https://www.tulumviaggi.it/,info@tulumviaggi.comindirizzovia,https://maps.google.com/?cid=7736820121695925242
Il Club del Viaggiatore-agenzia di viaggi,agenzie di viaggio,"Via Roma, 3, 81100 Caserta CE, Italy",CE,0823 197 1407,http://www.facebook.com/ilclubdelviaggiatore/,NOT AVAILABLE,https://maps.google.com/?cid=7963262550354323852
Palmitos Viaggi,agenzie di viaggio,"Via Francesco Ricciardi, 42, 81100 Caserta CE, Italy",CE,0823 154 1004,NOT AVAILABLE,NOT AVAILABLE,https://maps.google.com/?cid=6506056975952516148
Mawi Viaggi,agenzie di viaggio,"Corso Pietro Giannone, 178, 81100 Caserta CE, Italy",CE,379 163 8625,NOT AVAILABLE,NOT AVAILABLE,https://maps.google.com/?cid=15975926655314965809
Reggia Travel S.r.l.,agenzie di viaggio,"Viale dei Bersaglieri, 32, 81100 Caserta CE, Italy",CE,0823 354433,https://www.reggiatravel.it/,NOT AVAILABLE,https://maps.google.com/?cid=618134462160375618
Lastminuteclick,agenzie di viaggio,"Corso Trieste, 227, 81100 Caserta CE, Italy",CE,0823 160 6989,https://www.lastminuteclick.it/,NOT AVAILABLE,https://maps.google.com/?cid=15331291315060402306
Sawadì Viaggi Srl,agenzie di viaggio,"Corso Trieste, 88, 81100 Caserta CE, Italy",CE,0823 354242,https://www.sawadiviaggi.it/,NOT AVAILABLE,https://maps.google.com/?cid=12696264659854046756
EMME Viaggi S.r.l.s.,agenzie di viaggio,"Vicolo Reame di Napoli, 8, 81100 Caserta CE, Italy",CE,0823 183 3987,NOT AVAILABLE,NOT AVAILABLE,https://maps.google.com/?cid=1267571044195520336
Costarita Viaggi,agenzie di viaggio,"Via Francesco Marchesiello, 118, 81100 Caserta CE, Italy",CE,0823 444411,NOT AVAILABLE,NOT AVAILABLE,https://maps.google.com/?cid=1599605891554495072
KOBA' VIAGGI E TURISMO,agenzie di viaggio,"Via Santa Croce, 170, 81020 Caserta CE, Italy",CE,0823 421369,http://kobaviaggi.it/online/index.php?option=com_contact&view=contact&id=1&Itemid=10,NOT AVAILABLE,https://maps.google.com/?cid=10775180900563730967
Planet Travel,agenzie di viaggio,"Via Ernesto Rossi, 29/31, 81100 Caserta CE, Italy",CE,081 365 4550,NOT AVAILABLE,NOT AVAILABLE,https://maps.google.com/?cid=3164277698470847485
Mataluna Viaggi Srl,agenzie di viaggio,"Via Alessandro de Franciscis, 24, 81100 Caserta CE, Italy",DE,0823 456022,NOT AVAILABLE,NOT AVAILABLE,https://maps.google.com/?cid=16844726933427414387
Agenzia Viaggi Preparate le Valigie,agenzie di viaggio,"Via Francesco Marchesiello, 116, 81100 Caserta CE, Italy",CE,0823 155 9230,https://www.preparatelevaligie.it/,maurizio@preparatelevaligie.itindirizzovia,https://maps.google.com/?cid=4540489041409878613
Melaviaggio by Morena Tours,agenzie di viaggio,"Viale della Pace, 4, 81025 Marcianise CE, Italy",CE,345 691 0875,NOT AVAILABLE,NOT AVAILABLE,https://maps.google.com/?cid=10332772878102669950
Mediterranea Viaggi,agenzie di viaggio,"Via Torino, 29, 81020 San Nicola la Strada CE, Italy",LA,0823 155 3531,NOT AVAILABLE,NOT AVAILABLE,https://maps.google.com/?cid=7410177190079107439
Big Fantasy Tour,agenzie di viaggio,"Via Raffaele Musone, 278, 81025 Marcianise CE, Italy",CE,0823 828184,http://bigfantasytour.traveltool.it/mshomett/Home#,NOT AVAILABLE,https://maps.google.com/?cid=13331821787699058807
Agenzia Viaggi di Vico,agenzie di viaggio,"Via Libertà, 240, 81024 Maddaloni CE, Italy",CE,0823 330946,NOT AVAILABLE,NOT AVAILABLE,https://maps.google.com/?cid=12274807187309043894
CNG Travel,agenzie di viaggio,"Via Galatina, 125, 81055 Santa Maria Capua Vetere CE, Italy",CE,0823 810141,https://cngtravel.it/,NOT AVAILABLE,https://maps.google.com/?cid=10166651308290072663
Kutuku' Travel Agency,agenzie di viaggio,"Strada Statale 336 Sannitica, 81025 Marcianise CE, Italy",CE,0823 210450,http://www.kutuku.it/,NOT AVAILABLE,https://maps.google.com/?cid=13220564181024313404
Serena Viaggi,agenzie di viaggio,"Viale della Libertà, 41, 81020 San Marco Evangelista CE, Italy",CE,0823 260694,NOT AVAILABLE,NOT AVAILABLE,https://maps.google.com/?cid=9386833396969542301
La Pampa Viaggi & Turismo - Eventi e Congressi,agenzie di viaggio,"Via Francesco Marchesiello, 10/B, 81100 Caserta CE, Italy",CE,0823 187 2261,NOT AVAILABLE,NOT AVAILABLE,https://maps.google.com/?cid=17967985320262448880
Mister Holiday Recale,agenzie di viaggio,"Via Roma, 52, 81020 Recale CE, Italy",CE,0823 492922,https://recale.misterholiday.it/,lobellorecale@misterholiday.it,https://maps.google.com/?cid=11313489811379046061
L'Agente di Viaggio,agenzie di viaggio,"Via Misericordia, 3, 81025 Marcianise CE, Italy",CE,0823 826234,NOT AVAILABLE,NOT AVAILABLE,https://maps.google.com/?cid=10519857603288400756
V.I.P. Conoscere Il Mondo Free Time Sas Di Scanu Antonio & C.,agenzie di viaggio,"Piazza Pasquale Silvagni, 21, 81022 Casagiove CE, Italy",CE,0823 469860,NOT AVAILABLE,NOT AVAILABLE,https://maps.google.com/?cid=14926142170159274357
Quasar Viaggi Di Vigliotti Mattia,agenzie di viaggio,"Via Napoli, 120, 81027 San Felice a Cancello CE, Italy",CE,0823 316728,http://www.quasarviaggi.it/,NOT AVAILABLE,https://maps.google.com/?cid=4019978332255264705
Giawa tour,agenzie di viaggio,"Piazza Principe di Napoli, 81025 Marcianise CE, Italy",CE,0823 833060,NOT AVAILABLE,NOT AVAILABLE,https://maps.google.com/?cid=12723923078576195595
Stelle Blu Travel Team,agenzie di viaggio,"Via Alberto Sorrentino, 46, 81041 Bellona CE, Italy",CE,0823 966050,https://www.stelle-blu-travel.com/,NOT AVAILABLE,https://maps.google.com/?cid=12918845369110651239
VISVI TRAVEL AND SERVICE,agenzie di viaggio,"Via Nazionale Appia, 406, 81020 Casapulla CE, Italy",CE,0823 467304,https://visvitravel.it/,NOT AVAILABLE,https://maps.google.com/?cid=10621138871911040756
AGENZIA VIAGGI DREAMS & HOLIDAYS TOUR OPERATOR,agenzie di viaggio,"Via Michelangelo, 97, 81031 Aversa CE, Italy",CE,081 891 4027,http://www.viaggi-scontati.net/,NOT AVAILABLE,https://maps.google.com/?cid=129024224886656128
Gulliver - Agenzia di Viaggi,agenzie di viaggio,"Via Ruggiero l, 45, 81041 Vitulazio CE, Italy",CE,0823 967814,NOT AVAILABLE,NOT AVAILABLE,https://maps.google.com/?cid=1446673161096189120
I Viaggi di Margi,agenzie di viaggio,"Via Vittorio Emanuele, n. 18, 81047 Macerata Campania CE, Italy",CE,391 100 2671,NOT AVAILABLE,NOT AVAILABLE,https://maps.google.com/?cid=8856780098391940971
Aralia Viaggi,agenzie di viaggio,"Via Leonardo Da Vinci, 148, 81020 San Nicola la Strada CE, Italy",LA,0823 353133,NOT AVAILABLE,NOT AVAILABLE,https://maps.google.com/?cid=15365004428014428247
Agenzia Viaggi Belcost Viaggi,agenzie di viaggio,"Via Giovanni Linguiti, 2, 81031 Aversa CE, Italy",CE,081 362 8642,http://belcostviaggi.traveltool.it/mshomett/Home,NOT AVAILABLE,https://maps.google.com/?cid=2412260289846355045
Viaggi & Viaggi,agenzie di viaggio,"Via Trivio, 8, 81020 Castel Morrone CE, Italy",CE,0823 390183,NOT AVAILABLE,NOT AVAILABLE,https://maps.google.com/?cid=4786017481674894142
Progetto Mondo Srl,agenzie di viaggio,"Via Luigi Settembrini, 33, 81100 Caserta CE, Italy",CE,0823 220028,http://www.progettomondo.it/,scuole@progettomondo.itchi,https://maps.google.com/?cid=2159571148312987833
Luna Navigante Srl,agenzie di viaggio,"Via Generale Pasquale Tenga, 98, 81100 Caserta CE, Italy",CE,0823 363168,http://www.lunanavigante.it/,NOT AVAILABLE,https://maps.google.com/?cid=206866020830981419
Vice Viaggi,agenzie di viaggio,"Via Napoli, 468, 81027 San Felice a Cancello CE, Italy",CE,0823 802171,http://www.viceviaggi.it/,NOT AVAILABLE,https://maps.google.com/?cid=6980885663416584572
Ce Travel,agenzie di viaggio,"Via Don Giovanni Bosco, 25, 81100 Caserta CE, Italy",CE,0823 322551,NOT AVAILABLE,NOT AVAILABLE,https://maps.google.com/?cid=18345039842954965877
CartOrange S.R.L,agenzie di viaggio,"Via Don Giovanni Bosco, 17/19/2° piano, 81100 Caserta CE, Italy",CE,0823 607628,http://www.cartorange.com/menadimarco/,cartorange@cartorange.com,https://maps.google.com/?cid=142889986753049277
Koralyn Viaggi,agenzie di viaggio,"Viale Abramo Lincoln, 221, 81100 Caserta CE, Italy",CE,347 197 6312,NOT AVAILABLE,NOT AVAILABLE,https://maps.google.com/?cid=14708357117048304421
New Travel House,agenzie di viaggio,"Via Appia, 521, 81028 Santa Maria A Vico CE, Italy",CE,0823 808503,NOT AVAILABLE,NOT AVAILABLE,https://maps.google.com/?cid=4704248110740046887
Agenzia Viaggi Grandi Itinerari,agenzie di viaggio,"Corso Aldo Moro, 26, 81055 Santa Maria Capua Vetere CE, Italy",CE,0823 799760,https://grandiitinerari.com/,info@grandiitinerari.it,https://maps.google.com/?cid=8774050876126297530
Princess Travel Di Rosa Nacca E C. S.A.S.,agenzie di viaggio,"Via Santo Stefano, 24, 81047 Macerata Campania CE, Italy",CE,0823 456508,NOT AVAILABLE,NOT AVAILABLE,https://maps.google.com/?cid=6225723074881375788
Viaggiare a Colori Travel Network,agenzie di viaggio,"Viale Vincenzo Lamberti C/O Golden Hotel Tulip Plaza, 81100 Caserta CE, Italy",CE,0823 151 5800,https://www.viaggiareacolori.com/,08231515800info@viaggiareacolori.com,https://maps.google.com/?cid=830711447647903789
Agenzia Che Viaggio,agenzie di viaggio,"Via Giuseppe di Vittorio, 70, 80029 Sant'Antimo NA, Italy",NA,081 843 4124,https://www.agenziacheviaggio.it/,info@agenziacheviaggio.it,https://maps.google.com/?cid=15182976260800056169
La Salida Viaggi,agenzie di viaggio,"Via Aldo Moro, 81031 Aversa CE, Italy",CE,081 890 5554,https://lasalidaviaggi.it/,aversa@lasalidaviaggi.it,https://maps.google.com/?cid=9427789214719162356
I Dolci Viaggi SRL,agenzie di viaggio,"Corso Trieste, 144, 81100 Caserta CE, Italy",CE,0823 323954,http://www.idolciviaggi.it/agenzia/,salvatore.sansone@idolciviaggi.it,https://maps.google.com/?cid=17037919650999458773
Arena Travel soc. coop.,agenzie di viaggio,"Vicolo Casamancini, 3, 81100 Caserta CE, Italy",CE,392 970 9901,http://www.arenatravel.it/,NOT AVAILABLE,https://maps.google.com/?cid=17160362345357214677
Mataluna Turismo V.a.l. viaggi S.r.l.,agenzie di viaggio,"Viale Enrico Mattei, 27, 81100 Caserta CE, Italy",CE,0823 125 3249,https://www.matalunaturismo.it/,NOT AVAILABLE,https://maps.google.com/?cid=6689894405205920842
Mataluna Turismo,agenzie di viaggio,"Viale Enrico Mattei, 27, 81100 Caserta CE, Italy",CE,0823 125 3249,http://www.matalunaturismo.it/,NOT AVAILABLE,https://maps.google.com/?cid=16905495892449250397
Caserta Welcome,agenzie di viaggio,"Corso Trieste, 88/int.2, 81100 Caserta CE, Italy",CE,392 359 0081,NOT AVAILABLE,NOT AVAILABLE,https://maps.google.com/?cid=10404885440652229764
Scoop Travel Service S.r.l.,agenzie di viaggio,"Via Gian Lorenzo Bernini, 90a, 80129 Napoli NA, Italy",NA,081 556 4898,https://www.scooptravel.it/,operativo@scooptravel.it,https://maps.google.com/?cid=8699170797921568825
Pama Viaggi S.n.c. Di Patane' Antonella E C.,agenzie di viaggio,"Via Don Giovanni Bosco, 25, 81100 Caserta CE, Italy",CE,0823 322551,NOT AVAILABLE,NOT AVAILABLE,https://maps.google.com/?cid=14440708721343661779
Vana Vana By Balu Viaggi,agenzie di viaggio,"Viale Italia, 2, 81020 San Nicola La Strada CE, Italy",LA,0823 459191,NOT AVAILABLE,NOT AVAILABLE,https://maps.google.com/?cid=42870274176105260
Il Viag-Gio' Viaggi - Istruzioni per L'Uso,agenzie di viaggio,"Via Arturo Toscanini, 52, 81030 Orta di Atella CE, Italy",CE,376 075 3329,NOT AVAILABLE,NOT AVAILABLE,https://maps.google.com/?cid=10313080560155813841
Cts - Centro Turistico Studentesco E Giovanile,agenzie di viaggio,"Via Franco Ferrante, 11, 81100 Caserta CE, Italy",CE,0823 353615,NOT AVAILABLE,NOT AVAILABLE,https://maps.google.com/?cid=9528213922727138295
Global Travel Agency,agenzie di viaggio,"Via Grillo 21/23, 81025 Marcianise CE, Italy",CE,0823 187 4867,NOT AVAILABLE,NOT AVAILABLE,https://maps.google.com/?cid=3646158526489231659
Agenzia Viaggi Praga Travel,agenzie di viaggio,"Via Nazionale, 79, 84010 Sant'Egidio del Monte Albino SA, Italy",SA,081 515 7131,http://www.pragatravel.it/,NOT AVAILABLE,https://maps.google.com/?cid=18419590653320231774
RE/MAX Divina,agenzie di viaggio,"Via S. Josemaría Escrivá, 54, 81100 Caserta CE, Italy",CE,0823 145 2361,https://www.remaxdivina.casa/,NOT AVAILABLE,https://maps.google.com/?cid=5359939039230582500
